{
  "type": "chosen_lighthouse_geometry",
  "frame": "origin_drone_frame",
  "layout_file": "config\\sensors_layout.json",
  "origin_file": "config\\origin_angles.json",
  "chosen_solutions": {
    "4": 1,
    "10": 0
  },
  "sweep_swap_by_basestation": {
    "4": true,
    "10": false
  },
  "basestations": {
    "4": {
      "solution_index": 1,
      "sweep_swap": true,
      "used_sensors": [
        0,
        1,
        2,
        3
      ],
      "rvec": [
        0.30566712580192784,
        0.582034326008259,
        1.1247433295672418
      ],
      "tvec": [
        -2.3839008077044395,
        -7.315237444868617,
        1.9123018686726978
      ],
      "R_lighthouse_from_origin": [
        [
          0.30528757157685177,
          -0.7554532004757217,
          0.5797326629850156
        ],
        [
          0.9095803223983281,
          0.4115562232830927,
          0.057315898167180634
        ],
        [
          -0.28189206400050015,
          0.509815591138547,
          0.8127883656189916
        ]
      ],
      "position_in_origin_frame_m": [
        7.9206340427402635,
        0.2347846928194929,
        0.247007857592835
      ],
      "reprojection_error": 0.001437793047199664
    },
    "10": {
      "solution_index": 0,
      "sweep_swap": false,
      "used_sensors": [
        0,
        1,
        2,
        3
      ],
      "rvec": [
        -1.7220738430217009,
        -1.1106153337952005,
        0.5386790986460414
      ],
      "tvec": [
        -2.111894675080625,
        -6.485515532667442,
        1.6198275768623052
      ],
      "R_lighthouse_from_origin": [
        [
          0.48378234795472286,
          0.43096953538780114,
          -0.7617216679175138
        ],
        [
          0.8650020010186563,
          -0.10305257128310996,
          0.4910719965398766
        ],
        [
          0.13313969370979128,
          -0.8964627304687924,
          -0.42264452538664266
        ]
      ],
      "position_in_origin_frame_m": [
        6.416017930492375,
        1.6939282676121696,
        2.2607903842800168
      ],
      "reprojection_error": 0.09658550621863514
    }
  }
}
