{
  "type": "lighthouse_geometry",
  "frame": "origin_drone_frame",
  "assumption": "drone origin pose is flat and fixed during capture",
  "layout_file": "config\\sensors_layout.json",
  "origin_file": "config\\origin_angles.json",
  "basestations": {
    "4": {
      "basestation": 4,
      "used_sensors": [
        0,
        1,
        2,
        3
      ],
      "rvec": [
        -0.6715867223341027,
        0.5253940305851521,
        -1.8521459994725287
      ],
      "tvec": [
        -2.037440225610624,
        -6.253781002786116,
        1.6345568395393681
      ],
      "R_lighthouse_from_origin": [
        [
          -0.2938394414420584,
          0.6874341584969593,
          0.6641480711291696
        ],
        [
          -0.9337744912040361,
          -0.35492395535306226,
          -0.04576227150372997
        ],
        [
          0.20426351174319585,
          -0.6336112875005582,
          0.7461991383821227
        ]
      ],
      "position_in_origin_frame_m": [
        -6.77218179203125,
        0.21666298115318827,
        -0.15273013359497284
      ],
      "quality": {
        "rmse_normalized_image": 0.0003064089451197711
      }
    },
    "10": {
      "basestation": 10,
      "used_sensors": [
        0,
        1,
        2,
        3
      ],
      "rvec": [
        -1.7220738430217009,
        -1.1106153337952005,
        0.5386790986460414
      ],
      "tvec": [
        -2.111894675080625,
        -6.485515532667442,
        1.6198275768623052
      ],
      "R_lighthouse_from_origin": [
        [
          0.48378234795472286,
          0.43096953538780114,
          -0.7617216679175138
        ],
        [
          0.8650020010186563,
          -0.10305257128310996,
          0.4910719965398766
        ],
        [
          0.13313969370979128,
          -0.8964627304687924,
          -0.42264452538664266
        ]
      ],
      "position_in_origin_frame_m": [
        6.416017930492375,
        1.6939282676121696,
        2.2607903842800168
      ],
      "quality": {
        "rmse_normalized_image": 0.13659253282306474
      }
    }
  }
}
