{
  "version": 1,
  "model": "anchored_floor_sweep_approximation",
  "units": "meters",
  "angle_units": "radians",
  "drone_z_assumed": 0.0,
  "anchors": {
    "yaw_fixed_deg": 0.0,
    "note": "Drone anchor point x/y/yaw are fixed by floor marks."
  },
  "lighthouses": [
    {
      "id": 4,
      "translation": [
        0.42373292089372905,
        2.4821458206549862,
        0.20000000000000004
      ],
      "rotation_vector": [
        0.28517448230938774,
        0.18512156130829016,
        -1.7225972894892239
      ]
    },
    {
      "id": 10,
      "translation": [
        7.999999999999984,
        7.99999999983374,
        1.5497126414124225
      ],
      "rotation_vector": [
        1.6161712964612263,
        1.6548060018534685,
        -2.018250737092253
      ]
    }
  ],
  "calibration_quality": {
    "rmse_rad": 0.07129812494375996,
    "rmse_deg": 4.085081646473866,
    "median_error_deg": 2.839163089232802,
    "max_error_deg": 9.994360936133248,
    "num_observations": 49,
    "num_points": 9,
    "sweep_source": "model",
    "sweep_columns": [
      "model_sweep0_deg",
      "model_sweep1_deg"
    ],
    "outliers_removed": 22
  }
}
