{
  "version": 1,
  "model": "anchored_floor_sweep_approximation",
  "units": "meters",
  "angle_units": "radians",
  "drone_z_assumed": 0.0,
  "anchors": {
    "yaw_fixed_deg": 0.0,
    "note": "Drone anchor point x/y/yaw are fixed by floor marks."
  },
  "lighthouses": [
    {
      "id": 4,
      "translation": [
        0.423733042579621,
        2.4821457998939374,
        0.20000000000000004
      ],
      "rotation_vector": [
        0.2851745078276115,
        0.18512153362646108,
        -1.7225973353660222
      ]
    },
    {
      "id": 10,
      "translation": [
        7.999999999999999,
        -5.229250373164182,
        0.32456308396716876
      ],
      "rotation_vector": [
        3.2162131211996186,
        0.6023852817128175,
        -2.4123985262571774
      ]
    }
  ],
  "calibration_quality": {
    "rmse_rad": 0.04791555557231985,
    "rmse_deg": 2.7453591073184813,
    "median_error_deg": 2.3969978949150113,
    "max_error_deg": 5.686672938418408,
    "num_observations": 40,
    "num_points": 9,
    "sweep_source": "model",
    "sweep_columns": [
      "model_sweep0_deg",
      "model_sweep1_deg"
    ],
    "outliers_removed": 31
  }
}
