{
  "description": "Estimated Lighthouse geometry from drone pose at t=0. World origin is drone center at t=0. This version uses bounded optimization.",
  "input_layout": "config\\sensors_layout.json",
  "input_t0": "config\\t0_angles.json",
  "bounds": {
    "x_m": [
      -5.0,
      5.0
    ],
    "y_m": [
      -5.0,
      5.0
    ],
    "z_m": [
      0.2,
      3.0
    ],
    "rotvec_rad": [
      -3.141592653589793,
      3.141592653589793
    ]
  },
  "basestations": [
    {
      "basestation": 4,
      "rmse_deg": 0.27812066530135504,
      "rmse_rad": 0.004854121327345792,
      "cost": 9.424997544237311e-05,
      "success": true,
      "sweep_map": {
        "sweep_0": "h",
        "sweep_1": "v"
      },
      "world_to_lighthouse": {
        "rotation_vector": [
          0.7649641152481903,
          0.6414090622687687,
          2.901356191806833
        ],
        "rotation_matrix": [
          [
            -0.8731686633312189,
            0.034848368660465354,
            0.48617083065325606
          ],
          [
            0.17334077166268835,
            -0.9100335589023184,
            0.3765526504367808
          ],
          [
            0.4555540168363752,
            0.4130672014010372,
            0.7885721430984984
          ]
        ],
        "translation_m": [
          -4.999999999999999,
          -4.999999999999999,
          1.0508537561676938
        ]
      }
    },
    {
      "basestation": 10,
      "rmse_deg": 0.9776252834573934,
      "rmse_rad": 0.01706278004707437,
      "cost": 0.0011645538517393564,
      "success": true,
      "sweep_map": {
        "sweep_0": "v",
        "sweep_1": "h"
      },
      "world_to_lighthouse": {
        "rotation_vector": [
          -2.186479797437692,
          -2.107315220240399,
          0.5936859076311461
        ],
        "rotation_matrix": [
          [
            -0.0007478034975454717,
            0.9528954349904193,
            -0.3032980889559784
          ],
          [
            0.9710839015376047,
            -0.0717166324902279,
            -0.22771205677074977
          ],
          [
            -0.238737296969771,
            -0.29469817542475746,
            -0.925287786819261
          ]
        ],
        "translation_m": [
          1.233662479728732,
          1.1150765824172875,
          0.20000000000000004
        ]
      }
    }
  ]
}