{
  "description": "Estimated Lighthouse geometry using known 2D drone poses.",
  "input_layout": "config\\sensors_layout.json",
  "input_poses": "config\\init_poses_2d.json",
  "basestations": [
    {
      "basestation": 4,
      "rmse_deg": 2.044435038643011,
      "rmse_rad": 0.035682122767458045,
      "cost": 0.025464277703838963,
      "success": true,
      "sweep_map": {
        "sweep_0": "h",
        "sweep_1": "v"
      },
      "world_to_lighthouse": {
        "rotation_vector": [
          1.9738680847390635,
          -1.9863086491017896,
          0.009002898236296065
        ],
        "rotation_matrix": [
          [
            0.022727697793047286,
            -0.9722076247756551,
            -0.23301456195076553
          ],
          [
            -0.9700554579117658,
            0.03493073264066038,
            -0.24035859146862465
          ],
          [
            0.24181782467101637,
            0.2314998450221208,
            -0.9423014175019117
          ]
        ],
        "translation_m": [
          -4.999999999999999,
          -4.999999999999999,
          1.238532137240472
        ]
      }
    },
    {
      "basestation": 10,
      "rmse_deg": 1.662576115295196,
      "rmse_rad": 0.02901742727691803,
      "cost": 0.01684022171542453,
      "success": true,
      "sweep_map": {
        "sweep_0": "v",
        "sweep_1": "h"
      },
      "world_to_lighthouse": {
        "rotation_vector": [
          -0.14312742614554844,
          0.6360729564617014,
          1.525699448601436
        ],
        "rotation_matrix": [
          [
            -0.08015672954707342,
            -0.9519595363734925,
            0.2955468487666252
          ],
          [
            0.8799797399508718,
            0.07168771798991963,
            0.46957057868375207
          ],
          [
            -0.46819926952560853,
            0.2977144809997707,
            0.8319588522389335
          ]
        ],
        "translation_m": [
          4.999999999999999,
          -4.999999999999999,
          0.4974808193178039
        ]
      }
    }
  ]
}