{
  "version": 1,
  "model": "anchored_floor_sweep_approximation",
  "units": "meters",
  "angle_units": "radians",
  "drone_z_assumed": 0.0,
  "anchors": {
    "yaw_fixed_deg": 0.0,
    "note": "Drone anchor point x/y/yaw are fixed by floor marks."
  },
  "lighthouses": [
    {
      "id": 4,
      "translation": [
        0.32084091345010796,
        2.4855437958120903,
        0.20000000000000004
      ],
      "rotation_vector": [
        0.3193155623235791,
        0.23283551830300633,
        -1.667196417904745
      ]
    },
    {
      "id": 10,
      "translation": [
        7.999999999985836,
        7.999999999847748,
        2.9377850428479793
      ],
      "rotation_vector": [
        1.667126190254418,
        1.7692256744684836,
        -1.8818921214443474
      ]
    }
  ],
  "calibration_quality": {
    "rmse_rad": 0.477048048349579,
    "rmse_deg": 27.332839795383713,
    "median_error_deg": 4.18583579014216,
    "max_error_deg": 101.68873725924065,
    "num_observations": 71,
    "num_points": 9,
    "sweep_source": "model",
    "sweep_columns": [
      "model_sweep0_deg",
      "model_sweep1_deg"
    ],
    "outliers_removed": 0
  }
}
