{
  "version": 1,
  "model": "anchored_floor_sweep_approximation",
  "units": "meters",
  "angle_units": "radians",
  "drone_z_assumed": 0.0,
  "anchors": {
    "yaw_fixed_deg": 0.0,
    "note": "Drone anchor point x/y/yaw are fixed by floor marks."
  },
  "lighthouses": [
    {
      "id": 4,
      "translation": [
        2.926990224259628,
        -1.499649965264756,
        2.7689331322136947
      ],
      "rotation_vector": [
        -5.901420621881484,
        2.5659126590040926,
        -2.0068996107342154
      ]
    },
    {
      "id": 10,
      "translation": [
        7.999999999999999,
        7.99999999988023,
        1.191797722521638
      ],
      "rotation_vector": [
        1.5791682666540687,
        1.6728583033422213,
        -2.0713290027102707
      ]
    }
  ],
  "calibration_quality": {
    "rmse_rad": 0.07397218596663051,
    "rmse_deg": 4.238294057244784,
    "median_error_deg": 2.874831885485041,
    "max_error_deg": 11.930645506566691,
    "num_observations": 13,
    "num_points": 5,
    "sweep_source": "ordered",
    "sweep_columns": [
      "sweep0_deg",
      "sweep1_deg"
    ],
    "outliers_removed": 58
  }
}
