{
  "description": "Per-sensor 3D-fitted LH2 calibration. Each sensor is fitted independently.",
  "model": "sweep",
  "basestations": {},
  "sensors": {
    "2": {
      "basestations": {
        "4": {
          "observations": 9,
          "rmse_sweep_initial": 52.81436859049946,
          "rmse_sweep_final": 2.498205275119349,
          "coefficients": {
            "A0": 0.0015782050000000003,
            "B0": -138.40979064932813,
            "A1": 0.0015380350000000003,
            "B1": -186.24385604872484
          },
          "elevation_sign": -1.0,
          "modes_by_sensor": {
            "2": "normal"
          },
          "T_bs_from_world": [
            [
              -0.7897593762306379,
              0.42326552704111237,
              0.4439892130158151,
              -1.4613829561897775
            ],
            [
              -0.5647588388180937,
              -0.7842336575488902,
              -0.2569533505217009,
              -1.49009660688143
            ],
            [
              0.23943178910209867,
              -0.4536781502189621,
              0.8583988317683504,
              0.44525630652197273
            ],
            [
              0.0,
              0.0,
              0.0,
              1.0
            ]
          ],
          "T_world_from_bs": [
            [
              -0.7897593762306381,
              -0.564758838818094,
              0.23943178910209878,
              -2.1022946354232115
            ],
            [
              0.42326552704111253,
              -0.7842336575488904,
              -0.453678150218962,
              -0.3480278274390341
            ],
            [
              0.44398921301581523,
              -0.25695335052170093,
              0.8583988317683506,
              -0.1162545404617284
            ],
            [
              0.0,
              0.0,
              0.0,
              1.0
            ]
          ]
        },
        "10": {
          "observations": 9,
          "rmse_sweep_initial": 57.43155289401541,
          "rmse_sweep_final": 6.855511059444655,
          "coefficients": {
            "A0": 0.0016399600023766527,
            "B0": -143.97848853960323,
            "A1": 0.001612548052644806,
            "B1": -215.7817250150444
          },
          "elevation_sign": -1.0,
          "modes_by_sensor": {
            "2": "swapped"
          },
          "T_bs_from_world": [
            [
              -0.7048139229029533,
              -0.1303914916715615,
              -0.6973058102309307,
              -4.471020004996405
            ],
            [
              0.6149861342563915,
              0.37764590436711815,
              -0.6922251263766152,
              2.9051434422189297
            ],
            [
              0.35359495012588804,
              -0.9167233114819359,
              -0.18598113192220406,
              0.16143545120421773
            ],
            [
              0.0,
              0.0,
              0.0,
              1.0
            ]
          ],
          "T_world_from_bs": [
            [
              -0.7048139229029534,
              0.6149861342563917,
              0.353594950125888,
              -4.994942844406731
            ],
            [
              -0.1303914916715615,
              0.37764590436711837,
              -0.916723311481936,
              -1.532106848879334
            ],
            [
              -0.6973058102309307,
              -0.6922251263766154,
              -0.18598113192220408,
              -1.0766309927631923
            ],
            [
              0.0,
              0.0,
              0.0,
              1.0
            ]
          ]
        }
      }
    }
  }
}
