{
  "description": "3D-fitted LH2 sweep calibration and basestation poses. World is the measured calibration-point frame.",
  "basestations": {
    "4": {
      "observations": 24,
      "rmse_sweep_deg_initial": 44.82028980042494,
      "rmse_sweep_deg_final": 11.457988145728207,
      "coefficients": {
        "A0": 0.0015782050653730076,
        "B0": -168.25297580515505,
        "A1": 0.0015490637201866534,
        "B1": -181.17109491345425
      },
      "elevation_sign": 1.0,
      "modes_by_sensor": {
        "0": "swapped",
        "1": "swapped",
        "2": "normal",
        "3": "swapped"
      },
      "T_bs_from_world": [
        [
          0.9728070475587053,
          0.23145718976168406,
          0.008603343985840839,
          -6.391070385027255
        ],
        [
          -0.11576150488121029,
          0.45369794659628027,
          0.8836048026363122,
          -0.17141692864021524
        ],
        [
          0.2006133649778909,
          -0.8605729153081351,
          0.468154392514163,
          0.32298169712608127
        ],
        [
          0.0,
          0.0,
          0.0,
          1.0
        ]
      ],
      "T_world_from_bs": [
        [
          0.9728070475587053,
          -0.11576150488121031,
          0.20061336497789087,
          6.132640385290003
        ],
        [
          0.23145718976168406,
          0.4536979465962803,
          -0.8605729153081351,
          1.8349800001104002
        ],
        [
          0.00860334398584081,
          0.8836048026363122,
          0.46815439251416296,
          0.05524409814851581
        ],
        [
          0.0,
          0.0,
          0.0,
          1.0
        ]
      ]
    },
    "10": {
      "observations": 24,
      "rmse_sweep_deg_initial": 51.41820207524179,
      "rmse_sweep_deg_final": 11.534446945987566,
      "coefficients": {
        "A0": 0.0016399600000000002,
        "B0": -149.7912315808915,
        "A1": 0.0015868200000000003,
        "B1": -201.88801359707412
      },
      "elevation_sign": -1.0,
      "modes_by_sensor": {
        "0": "normal",
        "1": "normal",
        "2": "normal",
        "3": "normal"
      },
      "T_bs_from_world": [
        [
          0.9992646719297731,
          0.037149275076229574,
          -0.009489298941083293,
          -5.990502891978121
        ],
        [
          0.005463991609163801,
          0.10699298891974957,
          0.9942447611718722,
          -0.05262223090382115
        ],
        [
          0.03795076058233357,
          -0.9935655145400976,
          0.10671133064437638,
          0.4619674061397021
        ],
        [
          0.0,
          0.0,
          0.0,
          1.0
        ]
      ],
      "T_world_from_bs": [
        [
          0.9992646719297735,
          0.005463991609163803,
          0.037950760582333584,
          5.968853420047741
        ],
        [
          0.03714927507622958,
          0.10699298891974957,
          -0.9935655145400977,
          0.6871679331290165
        ],
        [
          -0.009489298941083295,
          0.9942447611718723,
          0.10671133064437638,
          -0.053823451975602295
        ],
        [
          0.0,
          0.0,
          0.0,
          1.0
        ]
      ]
    }
  }
}
