{
  "description": "3D-fitted LH2 calibration and basestation poses. World is the measured calibration-point frame.",
  "model": "sweep",
  "basestations": {
    "10": {
      "observations": 27,
      "rmse_sweep_initial": 121.07092386184001,
      "rmse_sweep_final": 10.0,
      "coefficients": {
        "A0": 0.0016415082863304095,
        "B0": -216.0500634319169,
        "A1": 0.004732316499502454,
        "B1": -147.95439725946528
      },
      "elevation_sign": 1.0,
      "modes_by_sensor": {
        "0": "normal",
        "1": "normal",
        "2": "normal"
      },
      "T_bs_from_world": [
        [
          0.6963509457485494,
          -0.6453836733677514,
          0.31396699588563204,
          -7.552954829672287
        ],
        [
          0.34454066617636103,
          0.6843637579072384,
          0.6426025024957747,
          -7.9310553634538525
        ],
        [
          -0.6295927967391703,
          -0.33930246243349077,
          0.6989182708162087,
          -7.6685619342724785
        ],
        [
          0.0,
          0.0,
          0.0,
          1.0
        ]
      ],
      "T_world_from_bs": [
        [
          0.6963509457485494,
          0.34454066617636103,
          -0.6295927967391702,
          3.1640069820782113
        ],
        [
          -0.6453836733677514,
          0.6843637579072384,
          -0.33930246243349077,
          -2.0487888276733472
        ],
        [
          0.31396699588563204,
          0.6426025024957748,
          0.6989182708162087,
          12.827592608668787
        ],
        [
          0.0,
          0.0,
          0.0,
          1.0
        ]
      ]
    }
  }
}
