{
  "description": "3D-fitted LH2 calibration and basestation poses. World is the measured calibration-point frame.",
  "model": "sweep",
  "basestations": {
    "10": {
      "observations": 27,
      "rmse_sweep_initial": 120.63999691705313,
      "rmse_sweep_final": 10.0,
      "coefficients": {
        "A0": 0.001641558253848459,
        "B0": -216.04696715713666,
        "A1": 0.004731196299103152,
        "B1": -147.97654507029506
      },
      "elevation_sign": 1.0,
      "modes_by_sensor": {
        "0": "normal",
        "1": "normal",
        "2": "normal"
      },
      "T_bs_from_world": [
        [
          0.6958503184983239,
          -0.643176051330047,
          0.3195573520375806,
          -7.6296914542289205
        ],
        [
          0.34008824974844376,
          0.686995833915871,
          0.6421656379512043,
          -7.927697975539605
        ],
        [
          -0.6325601288643014,
          -0.33817346314831676,
          0.6967828874143314,
          -7.558895748363891
        ],
        [
          0.0,
          0.0,
          0.0,
          1.0
        ]
      ],
      "T_world_from_bs": [
        [
          0.6958503184983238,
          0.3400882497484437,
          -0.6325601288643012,
          3.2237840888477955
        ],
        [
          -0.6431760513300467,
          0.6869958339158708,
          -0.33817346314831664,
          -2.017157293459871
        ],
        [
          0.3195573520375807,
          0.6421656379512042,
          0.6967828874143313,
          12.795928431132918
        ],
        [
          0.0,
          0.0,
          0.0,
          1.0
        ]
      ]
    }
  }
}
