L,3,0,0,1,37662,598605620
Q,598625102,0,1.09485,-0.23620,1.57439
Q,598625102,1,1.19589,-0.59608,1.54121
Q,598625102,2,1.12809,-0.49842,1.57636
Q,598625102,3,1.07604,-0.29566,1.56015
Q,598725401,0,1.05972,-0.28865,1.50258
Q,598725401,1,1.16091,-0.66486,1.46309
Q,598725401,2,1.06671,-0.57154,1.58248
Q,598725401,3,1.02535,-0.36634,1.53338
L,0,0,0,1,38969,598759376
L,2,0,0,0,39097,598762642
L,1,0,0,0,38916,598773071
L,1,0,1,0,98177,598820556
Q,598825686,0,0.99034,-0.36498,1.46085
Q,598825686,1,1.09409,-0.73930,1.43693
Q,598825686,2,1.05801,-0.58051,1.57049
Q,598825686,3,0.99159,-0.40188,1.47348
L,3,0,0,0,40190,598859928
L,3,0,1,1,98485,598859928
Q,598925984,0,0.93060,-0.42468,1.36101
Q,598925984,1,1.01256,-0.81162,1.44248
Q,598925984,2,0.98005,-0.64703,1.52355
Q,598925984,3,0.93185,-0.45061,1.46314
L,2,0,1,0,98504,598960075
Q,599026110,0,0.88146,-0.47748,1.28363
Q,599026110,1,0.98128,-0.85529,1.38716
Q,599026110,2,0.93398,-0.69594,1.46654
Q,599026110,3,0.91165,-0.47142,1.42958
L,1,0,0,0,41223,599059848
L,2,0,0,0,41633,599059848
L,0,0,0,0,41492,599074551
L,1,0,1,0,98561,599093172
Q,599126455,0,0.84817,-0.51645,1.23504
Q,599126455,1,0.96277,-0.88167,1.35498
Q,599126455,2,0.88466,-0.75468,1.41564
Q,599126455,3,0.82386,-0.57049,1.28994
L,3,0,0,0,42266,599160193
L,3,1,0,2,87316,599213738
Q,599226653,0,0.79225,-0.58364,1.16263
Q,599226653,1,0.90590,-0.96608,1.25956
Q,599226653,2,0.85520,-0.79940,1.39918
Q,599226653,3,0.75831,-0.65380,1.19823
L,1,1,0,2,87023,599260512
L,2,1,0,2,86632,599260512
L,0,1,0,3,44988,599299391
Q,599326729,1,0.86220,-1.03378,1.19115
Q,599326729,2,0.84671,-0.81280,1.39668
Q,599326729,3,0.73463,-0.68745,1.16997
L,3,1,1,2,12436,599359906
L,0,1,1,2,12704,599384734
L,2,1,1,2,12838,599411581
L,1,1,1,3,13754,599517348
L,0,0,0,0,44866,599558160
L,1,1,0,2,86927,599558160
L,3,1,0,2,87250,599558160
L,2,0,0,1,45269,599583230
L,3,0,0,1,45486,599602904
L,3,1,1,2,15881,599619401
L,0,1,1,3,15559,599658143
L,1,0,0,0,45324,599658143
L,2,1,0,3,86698,599658143
L,2,1,1,2,16722,599717722
Q,599726839,0,0.52480,-0.90083,1.18471
Q,599726839,1,0.67068,-1.28593,1.09611
Q,599726839,2,0.66904,-1.02765,1.38950
L,0,1,0,2,86265,599760905
L,0,0,0,0,46050,599814686
L,3,1,0,3,85538,599825655
Q,599827077,0,0.50507,-0.95418,1.17662
Q,599827077,1,0.66283,-1.31235,1.09159
Q,599827077,2,0.67335,-1.03954,1.41956
L,1,1,0,3,85491,599861055
L,3,0,0,1,46361,599861055
L,3,1,1,3,18024,599877330
L,2,0,0,1,46492,599923250
L,2,1,0,2,84888,599927103
Q,599927103,0,0.49967,-0.98375,1.18495
Q,599927103,1,0.64870,-1.37535,1.09657
Q,599927103,2,0.67717,-1.04474,1.43900
L,0,1,1,2,17822,599961024
L,1,0,0,0,46458,599961024
L,2,1,1,2,17888,599979782
Q,600027170,0,0.50497,-1.02492,1.22595
Q,600027170,1,0.64945,-1.41589,1.12835
Q,600027170,2,0.54984,-1.19911,1.44397
Q,600027170,3,0.45893,-1.09870,1.22027
L,1,1,1,3,17784,600062904
L,3,1,0,2,84439,600083392
L,0,1,0,2,84854,600100304
L,1,1,0,3,84474,600112177
Q,600127270,0,0.50497,-1.02492,1.22595
Q,600127270,1,0.55232,-1.50974,1.25672
Q,600127270,2,0.54984,-1.19911,1.44397
Q,600127270,3,0.45893,-1.09870,1.22027
L,3,1,1,3,18446,600174541
L,3,0,0,1,47522,600180631
L,0,0,0,1,47486,600196520
L,2,0,0,1,47307,600220905
Q,600227419,1,0.54538,-1.57874,1.35944
Q,600227419,2,0.51005,-1.23771,1.48866
Q,600227419,3,0.45893,-1.09870,1.22027
L,0,1,1,2,18352,600260919
L,2,1,1,3,17642,600275366
L,1,0,0,0,47364,600288858
L,1,1,1,2,17643,600320565
Q,600327558,0,0.49092,-1.15217,1.35254
Q,600327558,1,0.57067,-1.59643,1.39880
Q,600327558,2,0.48684,-1.26853,1.53673
Q,600327558,3,0.48291,-1.12069,1.26580
L,0,1,0,3,82528,600362105
L,3,1,0,3,81977,600362105
L,1,1,0,2,82328,600371126
Q,600427792,0,0.56089,-1.16072,1.47829
Q,600427792,1,0.60988,-1.59571,1.45816
Q,600427792,2,0.56144,-1.31503,1.63814
Q,600427792,3,0.59829,-1.14342,1.47948
L,0,0,0,1,47511,600461723
L,2,1,0,3,81042,600461723
L,3,0,0,1,47358,600461723
L,3,1,1,3,17415,600461723
L,2,0,0,0,47128,600479238
Q,600527916,0,0.61085,-1.15128,1.56086
Q,600527916,1,0.65006,-1.58142,1.51717
Q,600527916,2,0.64573,-1.31823,1.76073
L,0,1,1,2,16796,600562282
L,2,1,1,2,15768,600562282
L,1,0,0,0,46923,600568099
L,1,1,1,2,15893,600581267
L,0,1,0,2,79785,600617698
L,3,1,0,2,79037,600624133
Q,600627992,0,0.69732,-1.12134,1.69242
Q,600627992,1,0.70916,-1.54788,1.60084
Q,600627992,2,0.71527,-1.29359,1.85430
L,1,1,0,2,79657,600661404
L,3,0,1,1,97268,600689728
L,3,1,1,2,14752,600713175
Q,600728153,0,0.74558,-1.09766,1.75575
Q,600728153,1,0.72978,-1.58636,1.64710
Q,600728153,2,0.77083,-1.26051,1.91960
L,0,0,0,1,46047,600761361
L,2,0,1,1,97430,600761361
L,3,0,0,1,45658,600761361
L,2,1,0,2,78265,600764014
L,0,0,1,0,97340,600822109
Q,600828443,1,0.75278,-1.64300,1.69503
Q,600828443,2,0.76722,-1.32455,1.90250
Q,600828443,3,0.72059,-1.27163,1.67673
L,2,1,1,3,12679,600861760
L,0,1,0,2,78136,600896324
L,3,1,0,3,77504,600923210
L,1,1,0,3,78364,600926938
Q,600928806,0,0.69901,-1.27210,1.67512
Q,600928806,1,0.81230,-1.60740,1.75895
Q,600928806,2,0.77886,-1.40405,1.87961
Q,600928806,3,0.75059,-1.24387,1.70902
L,1,1,1,3,11716,600962394
L,2,0,0,0,43754,600962394
L,3,0,1,0,97293,600962394
L,0,1,1,3,12192,600964584
L,3,1,1,2,11439,600993708
L,1,0,0,0,43800,601004017
L,2,1,0,3,77930,601022078
Q,601028817,0,0.71863,-1.29445,1.69895
Q,601028817,1,0.85050,-1.62178,1.78365
Q,601028817,2,0.84076,-1.32878,1.93959
Q,601028817,3,0.80775,-1.22726,1.77012
L,1,0,1,0,97904,601062456
L,3,0,0,0,43217,601062456
L,2,0,1,0,97732,601071359
L,0,0,0,0,43556,601073674
L,0,0,1,0,97757,601103645
L,2,1,1,2,9903,601114490
Q,601129010,0,0.74151,-1.32374,1.72665
Q,601129010,1,0.88393,-1.57673,1.81821
Q,601129010,2,0.86031,-1.30025,1.95771
Q,601129010,3,0.84838,-1.20163,1.81501
L,0,1,0,2,78599,601176953
L,1,1,0,3,79075,601192744
L,1,1,1,2,9351,601215169
Q,601229247,0,0.80583,-1.24355,1.80236
Q,601229247,1,0.90458,-1.56087,1.81367
Q,601229247,2,0.89508,-1.29956,1.94041
Q,601229247,3,0.86260,-1.23804,1.81718
L,1,0,0,1,42537,601262901
L,3,0,1,1,97762,601262901
L,3,1,1,3,9514,601262901
L,2,0,0,0,42013,601320803
L,3,1,0,3,78948,601321984
L,0,1,1,3,9326,601323390
Q,601329344,0,0.83714,-1.17964,1.84191
Q,601329344,1,0.91892,-1.51318,1.83540
Q,601329344,2,0.90817,-1.30922,1.92067
Q,601329344,3,0.86614,-1.24796,1.81149
L,0,0,1,0,98125,601363349
L,3,0,0,0,42099,601363349
L,0,0,0,0,42450,601372769
L,2,0,1,0,98192,601388998
Q,601429424,0,0.84196,-1.18831,1.83355
Q,601429424,1,0.93153,-1.46264,1.83382
Q,601429424,2,0.91630,-1.29099,1.91424
Q,601429424,3,0.86716,-1.24707,1.80905
L,0,1,0,2,80328,601463436
L,1,0,1,1,98562,601495191
L,2,1,0,2,80552,601501414
Q,601529503,0,0.84365,-1.16775,1.83699
Q,601529503,1,0.93187,-1.40877,1.83072
Q,601529503,2,0.91961,-1.26131,1.90801
Q,601529503,3,0.87017,-1.20612,1.81889
L,1,1,0,3,81445,601564309
L,3,1,1,3,8742,601564309
L,1,1,1,3,8287,601578412
L,2,0,0,1,42062,601580631
L,3,1,0,3,80559,601581711
L,2,1,1,3,8234,601592166
L,0,0,1,0,98597,601622874
L,1,0,0,0,42448,601625420
Q,601629806,0,0.83874,-1.15556,1.84334
Q,601629806,1,0.92707,-1.39344,1.82943
Q,601629806,2,0.91440,-1.23335,1.90205
Q,601629806,3,0.87018,-1.16373,1.82552
L,0,1,1,2,8661,601664885
L,3,0,0,0,42299,601664885
L,3,0,1,0,98481,601671720
L,0,0,0,0,42670,601714069
Q,601729864,0,0.82964,-1.11813,1.85219
Q,601729864,1,0.92201,-1.37393,1.82967
Q,601729864,2,0.90224,-1.20122,1.89594
Q,601729864,3,0.85895,-1.10805,1.84373
L,0,1,0,3,81815,601763719
L,2,1,0,3,81665,601763719
L,1,1,0,3,82475,601827868
Q,601830059,0,0.82346,-1.10249,1.85915
Q,601830059,1,0.90578,-1.34927,1.82724
Q,601830059,2,0.89528,-1.18118,1.90989
Q,601830059,3,0.84988,-1.07934,1.85464
L,1,0,1,1,99044,601863510
L,2,0,0,1,42301,601863510
L,2,0,1,1,98839,601863510
L,3,1,0,2,81382,601901365
L,3,0,0,1,42548,601919146
Q,601930271,0,0.81220,-1.08259,1.87495
Q,601930271,1,0.89609,-1.32869,1.84026
Q,601930271,2,0.89349,-1.17766,1.91320
Q,601930271,3,0.84291,-1.06941,1.85809
L,1,1,1,3,8199,601963920
L,1,0,0,0,42830,601965454
L,3,1,1,3,8904,601991427
L,0,0,0,0,43010,601992138
L,0,1,1,3,9123,602021644
Q,602030527,0,0.80193,-1.07617,1.87866
Q,602030527,1,0.88452,-1.33047,1.83428
Q,602030527,2,0.88297,-1.17267,1.91107
Q,602030527,3,0.83663,-1.06790,1.85972
L,2,1,1,3,8752,602064445
L,2,0,0,1,42884,602117395
L,1,1,0,2,81740,602130517
Q,602131190,0,0.79496,-1.08446,1.88138
Q,602131190,1,0.87123,-1.34871,1.82413
Q,602131190,2,0.88294,-1.17634,1.91051
Q,602131190,3,0.83465,-1.06719,1.86528
L,0,1,0,2,81212,602165131
L,0,0,1,1,98439,602165131
L,3,1,0,2,80525,602165131
L,3,0,0,0,43227,602179969
L,1,1,1,3,10305,602215805
L,1,0,0,1,43564,602223098
Q,602231206,0,0.79021,-1.09768,1.88123
Q,602231206,1,0.86778,-1.35896,1.82018
Q,602231206,2,0.87197,-1.19408,1.90391
Q,602231206,3,0.82733,-1.08467,1.87767
L,2,1,0,2,80712,602265246
L,2,1,1,2,10895,602330028
Q,602331584,0,0.78205,-1.11930,1.89373
Q,602331584,1,0.85651,-1.38914,1.81302
Q,602331584,2,0.85544,-1.21966,1.89003
Q,602331584,3,0.81057,-1.12564,1.87053
L,3,1,1,3,11318,602365860
L,2,0,0,1,43800,602378640
L,1,1,0,3,81124,602384986
L,0,0,0,1,44269,602391301
L,0,1,0,3,80696,602416274
Q,602431591,0,0.75925,-1.16788,1.88675
Q,602431591,1,0.85388,-1.39660,1.82745
Q,602431591,2,0.84511,-1.23696,1.88891
Q,602431591,3,0.80160,-1.14527,1.87872
L,0,1,1,3,11843,602465757
L,1,0,0,1,44390,602500298
L,3,1,0,2,79984,602522571
Q,602531937,0,0.74603,-1.19744,1.88900
Q,602531937,1,0.84357,-1.42085,1.83897
Q,602531937,2,0.82656,-1.27085,1.89987
Q,602531937,3,0.78599,-1.18085,1.88921
L,2,1,0,2,80280,602600234
L,2,1,1,3,11846,602606327
L,3,1,1,3,12168,602626288
Q,602631990,0,0.73212,-1.23460,1.88319
Q,602631990,1,0.84183,-1.42622,1.85263
Q,602631990,2,0.80955,-1.30420,1.88542
Q,602631990,3,0.77215,-1.21713,1.87660
L,0,1,0,3,80354,602666476
L,1,1,1,2,12172,602672188
L,0,0,0,0,44623,602675633
L,1,1,0,2,80713,602683518
Q,602732276,0,0.73098,-1.24386,1.88341
Q,602732276,1,0.84222,-1.43026,1.85692
Q,602732276,2,0.79783,-1.33510,1.87806
Q,602732276,3,0.76481,-1.23771,1.86808
L,1,0,0,0,44509,602766082
L,3,1,0,2,79623,602796055
L,3,0,1,0,97615,602811111
Q,602832446,0,0.72682,-1.25900,1.87530
Q,602832446,1,0.82957,-1.47115,1.83702
Q,602832446,2,0.79631,-1.34349,1.87669
Q,602832446,3,0.76417,-1.24623,1.86732
L,0,1,1,2,12884,602867407
L,2,1,0,2,79909,602867407
L,2,1,1,2,12333,602867407
L,3,0,0,1,44337,602867407
L,3,1,1,3,12782,602889072
Q,602932621,0,0.72260,-1.27309,1.86674
Q,602932621,1,0.82544,-1.48747,1.82905
Q,602932621,2,0.79448,-1.36474,1.86749
Q,602932621,3,0.76367,-1.26351,1.85948
L,1,1,0,2,80296,602967005
L,1,0,1,0,97808,602967005
L,1,1,1,2,12756,602967005
L,0,0,0,0,44764,603011371
Q,603032788,0,0.72551,-1.28421,1.86248
Q,603032788,1,0.81424,-1.52931,1.80840
Q,603032788,2,0.79294,-1.37084,1.86578
Q,603032788,3,0.76282,-1.27009,1.85683
L,0,1,0,3,79860,603066663
L,2,0,0,0,44340,603066663
L,3,1,0,2,79298,603066663
L,1,0,0,0,44679,603068786
L,2,1,1,2,12973,603119309
Q,603132833,0,0.72221,-1.29616,1.85947
Q,603132833,1,0.80822,-1.55167,1.79886
Q,603132833,2,0.79257,-1.38062,1.86538
Q,603132833,3,0.76321,-1.27255,1.85927
L,2,1,0,2,79596,603166934
L,3,1,1,2,13539,603166934
L,3,0,0,0,44818,603203452
L,1,1,0,2,80159,603218996
L,1,1,1,3,13567,603230159
Q,603233106,0,0.71859,-1.30366,1.86199
Q,603233106,1,0.80127,-1.56764,1.78921
Q,603233106,2,0.79138,-1.39095,1.86866
Q,603233106,3,0.75970,-1.28556,1.86339
L,0,1,1,2,14208,603278015
L,2,0,0,0,45043,603319020
L,0,0,0,0,45530,603330124
Q,603333131,0,0.71168,-1.31065,1.87196
Q,603333131,1,0.79713,-1.57845,1.79520
Q,603333131,2,0.77358,-1.42448,1.85163
Q,603333131,3,0.73504,-1.33106,1.83510
L,0,0,1,1,97491,603366947
L,1,0,0,1,45385,603366947
L,2,0,1,1,97307,603366947
L,3,1,0,2,79462,603376140
L,0,1,0,2,80079,603389323
Q,603433382,0,0.69035,-1.33930,1.85877
Q,603433382,1,0.78800,-1.59099,1.80123
Q,603433382,2,0.75224,-1.45502,1.84825
Q,603433382,3,0.70797,-1.36284,1.84387
L,3,0,1,1,97228,603468245
L,3,1,1,2,15840,603468245
L,2,1,0,2,79709,603477071
L,3,0,0,1,46246,603479248
L,2,1,1,2,15799,603504157
L,1,1,0,2,80407,603520120
Q,603533664,0,0.67050,-1.36087,1.85725
Q,603533664,1,0.78324,-1.58878,1.82171
Q,603533664,2,0.73003,-1.48729,1.83799
Q,603533664,3,0.67876,-1.41091,1.80800
L,0,0,0,1,47268,603612050
L,0,1,1,2,17239,603617901
Q,603633961,0,0.64748,-1.37286,1.88323
Q,603633961,1,0.76231,-1.61867,1.81144
Q,603633961,2,0.68147,-1.52915,1.86419
Q,603633961,3,0.63995,-1.46292,1.79012
L,0,1,0,2,80854,603667996
L,3,1,0,2,80341,603674063
L,3,1,1,2,18682,603720623
L,3,0,1,0,97604,603727099
L,2,1,0,2,80495,603731449
Q,603734322,0,0.61399,-1.38074,1.93950
Q,603734322,1,0.70494,-1.67974,1.81456
Q,603734322,2,0.66946,-1.54955,1.85157
Q,603734322,3,0.63276,-1.45375,1.82850
L,1,0,0,0,48320,603768674
L,1,1,1,3,18345,603768674
L,2,0,0,1,48075,603768674
L,2,1,1,2,18691,603768674
L,3,0,0,1,48732,603778753
L,1,1,0,3,81511,603819424
Q,603834470,0,0.60940,-1.37101,1.96625
Q,603834470,1,0.66354,-1.70212,1.84369
Q,603834470,2,0.63499,-1.52010,1.95934
Q,603834470,3,0.61433,-1.41981,1.92268
L,0,0,0,1,49235,603869434
L,0,1,1,3,19796,603869434
L,3,1,0,2,81835,603931940
Q,603934493,0,0.59705,-1.34220,2.03754
Q,603934493,1,0.60107,-1.77871,1.81733
Q,603934493,2,0.58564,-1.54158,1.99373
Q,603934493,3,0.60118,-1.39017,1.99840
L,0,1,0,2,82485,603968676
L,3,1,1,3,21813,603983161
L,2,1,0,3,81856,603990150
L,1,1,1,2,21609,604026968
Q,604034741,0,0.54983,-1.38768,2.02780
Q,604034741,1,0.56257,-1.81016,1.82047
Q,604034741,2,0.52256,-1.63005,1.93423
Q,604034741,3,0.50166,-1.48734,1.97627
L,1,0,0,0,50175,604069578
L,1,1,0,2,82646,604069578
L,2,1,1,2,21937,604069578
L,3,0,0,0,50349,604069578
L,0,0,0,1,50712,604132688
Q,604134874,0,0.49680,-1.45852,1.97580
Q,604134874,1,0.52117,-1.84137,1.82206
Q,604134874,2,0.42463,-1.76268,1.84392
Q,604134874,3,0.46403,-1.53848,1.93957
L,0,1,1,3,23053,604169456
L,2,0,0,1,50717,604177992
L,3,1,0,3,82940,604195953
Q,604234922,0,0.37275,-1.62591,1.85486
Q,604234922,1,0.45811,-1.93404,1.75731
Q,604234922,2,0.37162,-1.83377,1.79577
Q,604234922,3,0.38676,-1.64119,1.86539
L,0,1,0,3,83585,604268818
L,2,1,0,3,82827,604268818
L,3,1,1,2,24108,604268818
L,1,1,1,2,23526,604288450
L,2,1,1,3,23911,604325073
Q,604335169,0,0.26807,-1.76760,1.75443
Q,604335169,1,0.40697,-2.00966,1.70500
Q,604335169,2,0.32089,-1.90263,1.75007
Q,604335169,3,0.27796,-1.78832,1.76159
L,1,1,0,3,83572,604369476
L,3,0,0,0,51608,604369476
L,0,0,0,1,51604,604388371
L,1,0,0,1,51486,604425899
Q,604435422,0,0.24560,-1.79867,1.73298
Q,604435422,1,0.36179,-2.03715,1.72210
Q,604435422,3,0.25817,-1.81574,1.74278
L,0,1,1,3,24859,604469065
L,3,1,0,3,83691,604469065
L,2,0,0,1,51841,604519591
L,3,1,1,2,25484,604523375
L,0,1,0,2,84146,604525141
L,2,1,0,2,83319,604534165
Q,604535470,1,0.30737,-2.12317,1.66709
L,2,1,1,3,25271,604581640
L,1,1,1,3,25128,604606266
Q,604635539,1,0.28258,-2.16454,1.64186
L,0,0,0,1,52208,604668355
L,1,1,0,3,83438,604668355
L,3,0,0,0,52355,604668355
L,1,0,0,0,52067,604685126
L,3,1,0,2,83242,604731373
L,0,1,1,2,26070,604734461
Q,604735675,1,0.28258,-2.16454,1.64186
Q,604735675,3,0.15799,-1.92089,1.72651
L,3,1,1,3,26471,604782812
L,2,1,0,3,82562,604792163
L,0,1,0,3,83347,604804459
L,2,0,0,0,52414,604818359
Q,604835703,1,0.26418,-2.20728,1.62136
Q,604835703,3,0.14734,-1.94025,1.71610
L,1,1,1,3,25893,604868479
L,2,1,1,3,26176,604868479
L,3,0,0,0,52766,604920419
L,0,0,0,0,52633,604933697
Q,604935719,3,0.14148,-1.95732,1.70936
L,1,0,0,0,52494,604967826
L,1,1,0,2,82032,604974340
L,0,1,1,3,26728,604993837
L,3,1,0,3,82014,605013332
Q,605035775,3,0.13154,-2.00113,1.69635
L,0,1,0,3,82154,605068190
L,2,1,0,3,81402,605068190
L,2,0,0,0,52782,605077227
L,3,1,1,2,27257,605081534
L,1,1,1,2,26600,605127715
Q,605135822,3,0.13086,-2.02027,1.69372
L,0,0,0,0,52921,605190268
L,3,0,0,0,53080,605194555
L,1,1,0,2,80907,605234860
L,1,0,0,0,52768,605267234
L,0,1,1,3,27344,605274934
L,3,1,0,2,80695,605292431
L,2,1,1,2,27144,605301048
L,0,1,0,2,80966,605321049
L,2,1,0,2,80146,605328721
L,3,1,1,3,27768,605367248
L,1,1,1,3,27186,605383937
L,2,0,0,1,53024,605396775
L,0,0,0,0,53215,605467240
L,3,0,0,1,53330,605467240
L,1,0,0,0,53135,605519840
L,3,0,1,0,96838,605528347
L,1,0,1,0,96887,605532433
L,2,1,1,2,28260,605567216
L,3,1,0,2,79920,605567216
L,1,1,0,2,79814,605574144
L,0,1,0,2,80215,605583937
L,2,1,0,2,79470,605590071
L,0,1,1,2,28573,605592680
L,3,1,1,2,28947,605617704
L,2,0,0,1,53545,605667259
L,1,1,1,3,28518,605705489
L,0,0,0,1,53819,605730489
L,3,0,0,1,54054,605767277
L,1,0,0,0,53867,605801207
L,3,1,0,3,79284,605828588
Q,605835925,3,0.14197,-2.05390,1.75562
L,0,1,0,3,79567,605868068
L,0,1,1,3,29564,605868068
L,1,1,0,3,79141,605868068
L,2,1,0,3,78867,605868068
L,2,1,1,3,29346,605868068
L,1,0,1,1,96688,605910384
Q,605936007,3,0.68536,-1.75002,2.61833
L,1,1,1,3,29639,605968102
L,2,0,0,0,54711,605968102
L,3,1,1,2,30410,605968102
L,0,0,0,0,54752,605985734
Q,606036025,3,0.68536,-1.75002,2.61833
L,1,0,0,0,54856,606068102
L,3,1,0,2,79116,606093055
L,2,1,0,2,78527,606130932
L,1,1,0,2,78699,606134110
Q,606136127,2,0.25407,-2.13971,1.77229
Q,606136127,3,1.23670,-0.06363,3.44403
L,0,1,0,3,79093,606168765
L,0,1,1,3,30707,606168765
L,1,0,1,1,96664,606168765
L,2,1,1,3,30704,606197481
L,1,1,1,3,30471,606221684
Q,606236179,2,0.25407,-2.13971,1.77229
Q,606236179,3,1.21674,0.07681,3.41472
L,3,1,1,2,31240,606268697
L,2,0,0,0,55412,606275278
L,0,0,0,0,55447,606326891
Q,606336201,2,0.25407,-2.13971,1.77229
L,1,0,0,0,55338,606368298
L,3,1,0,2,78154,606368298
L,3,0,0,0,55660,606375537
L,2,1,0,2,77677,606385891
L,0,1,0,2,78298,606419011
L,1,0,1,1,96290,606427086
L,1,1,0,2,77799,606428130
L,0,1,1,2,31247,606432528
Q,606436206,2,0.25407,-2.13971,1.77229
L,2,1,1,2,31149,606468379
L,1,1,1,2,30904,606482673
Q,606536250,2,0.25407,-2.13971,1.77229
L,2,0,0,0,55641,606568301
L,3,1,1,2,31581,606568301
L,0,0,0,1,55665,606585325
L,1,0,0,0,55568,606618772
L,3,1,0,2,77463,606622638
L,3,0,0,0,55887,606633252
L,2,1,0,2,76954,606667634
L,0,1,0,2,77630,606670780
L,1,0,1,1,96203,606684320
L,0,1,1,2,31245,606686108
L,1,1,0,2,77160,606687043
L,1,1,1,3,30812,606735156
L,2,1,1,3,31085,606755020
L,2,0,0,0,56036,606823064
L,3,1,1,2,31570,606830833
L,1,0,0,0,55920,606868776
L,3,1,0,2,77252,606874609
L,0,0,0,0,56097,606895659
L,3,0,0,0,56302,606903513
L,2,1,0,2,76791,606933412
L,0,1,0,2,31412,606935405
L,0,1,1,2,77492,606967614
L,1,1,0,2,30978,606967614
L,1,1,1,2,77034,606991302
L,2,1,1,3,31339,607011958
L,2,0,0,0,56413,607075985
L,3,1,1,3,31780,607090217
L,1,0,0,0,56276,607131390
L,3,1,0,2,77230,607134536
L,3,0,0,0,56638,607167631
L,0,0,0,0,56460,607187384
L,0,1,0,2,31502,607190902
L,2,1,0,2,76809,607199245
L,0,1,1,2,77558,607219746
L,1,1,0,2,31042,607220633
L,1,1,1,2,77087,607267675
L,2,1,1,2,31312,607267675
L,2,0,0,0,56628,607327706
L,3,1,1,3,31832,607367668
L,3,1,0,2,77363,607397119
L,1,0,0,0,56490,607417634
L,3,0,0,0,56857,607424672
L,0,0,0,1,56691,607467691
L,2,1,0,3,76979,607467691
L,0,1,0,3,77767,607476559
L,1,1,0,3,31317,607477656
L,1,1,1,2,77329,607528330
L,0,1,1,3,32162,607569394
L,2,1,1,3,31985,607594450
L,2,0,0,0,56892,607629739
L,1,0,0,0,56722,607667716
L,3,1,0,2,32671,607667716
L,3,0,0,0,57059,607682599
L,3,1,1,3,32823,607688395
L,3,0,1,0,96880,607700689
L,2,1,0,2,77427,607721735
L,0,0,0,1,56913,607726838
L,0,1,0,2,78185,607767689
L,1,1,0,2,32264,607767689
L,1,1,1,2,77740,607786290
L,0,1,1,2,32879,607825980
L,2,1,1,2,32694,607867732
L,2,0,0,1,56991,607882771
L,3,1,0,2,78140,607921718
L,1,0,0,0,56856,607923437
L,3,0,0,1,57194,607955195
L,3,1,1,3,33352,607955195
L,0,0,0,1,57075,607989621
L,2,1,0,3,77805,608024427
L,0,1,0,2,78558,608055171
L,1,1,1,2,78161,608098485
L,0,1,1,2,33376,608110625
L,1,1,0,2,32971,608113651
L,2,1,1,2,33265,608133040
L,2,0,0,1,57221,608155187
L,1,0,0,0,57086,608188217
L,1,0,1,0,96898,608196875
L,3,1,0,2,78348,608204931
L,3,0,1,0,96939,608208574
L,3,0,0,1,57433,608215284
L,0,0,0,0,57278,608255199
L,3,1,1,2,33948,608255199
L,2,1,0,2,77834,608283349
L,0,1,0,2,78505,608315898
L,1,1,1,3,78011,608355183
L,1,1,0,2,33381,608364418
L,0,1,1,2,33827,608365672
L,2,0,1,0,96570,608385185
L,2,1,1,3,33665,608411377
L,2,0,0,0,57314,608415956
L,1,0,0,1,57159,608455206
L,1,0,1,0,96643,608455206
L,3,1,0,3,78073,608455206
L,3,0,0,0,57467,608473336
L,3,0,1,0,96606,608484786
L,0,0,0,0,57324,608510507
L,3,1,1,2,34232,608512569
L,2,1,0,2,77586,608555200
L,0,1,0,2,78266,608569064
L,1,1,1,3,77805,608619491
L,1,1,0,2,33644,608624593
L,0,1,1,2,34095,608631919
L,2,1,1,3,77524,608671814
L,1,0,0,0,57193,608710892
L,2,0,0,1,57357,608713485
L,3,1,0,3,77936,608714767
L,1,0,1,0,96424,608723583
L,3,0,0,0,57500,608731204
L,3,1,1,2,34415,608769968
L,0,0,0,1,57340,608793399
L,2,1,0,2,34001,608805783
L,0,1,0,2,78112,608836361
L,1,1,0,2,33740,608880672
L,0,1,1,2,34175,608886348
L,1,1,1,2,77618,608892229
L,2,1,1,3,77314,608935807
L,3,1,0,3,77742,608965457
L,1,0,0,1,57155,608967996
L,2,0,0,0,57308,608973973
L,1,0,1,1,96282,608977785
L,3,0,0,0,57438,608989452
L,0,0,0,1,57265,609055326
L,3,1,1,2,34251,609055326
L,2,1,0,2,33814,609073820
L,0,1,0,2,77862,609097139
L,0,1,1,3,34008,609155457
L,1,1,0,3,33581,609155457
L,1,1,1,3,77394,609155457
L,3,0,1,0,96232,609155457
L,2,1,1,2,77111,609197697
L,3,1,0,2,77517,609223215
L,1,0,0,1,57077,609232064
L,1,0,1,1,96131,609255357
L,2,0,0,1,57230,609300271
L,0,0,0,1,57207,609316749
L,2,0,1,1,95967,609319847
L,3,1,1,3,34160,609321815
L,2,1,0,3,33726,609324683
L,0,1,0,3,77645,609383035
L,3,0,0,0,57370,609397221
L,0,1,1,2,33938,609411226
L,1,1,1,2,77214,609419995
L,1,1,0,2,33509,609431147
L,2,1,1,2,76958,609467972
L,3,1,0,2,77415,609476270
L,1,0,0,1,57037,609496575
L,1,0,1,1,96087,609524729
L,3,0,1,1,96152,609526852
L,0,0,0,1,57170,609567957
L,2,0,0,1,57171,609567957
L,3,1,1,2,33927,609591144
L,2,1,0,2,33483,609596550
L,2,0,1,1,96033,609627339
L,0,1,0,3,77601,609667974
L,0,1,1,3,33688,609667974
L,1,1,1,3,77180,609681620
L,1,1,0,3,33229,609689760
L,3,0,0,0,57321,609696494
L,1,0,0,0,56982,609767994
L,2,1,1,3,76940,609767994
L,1,0,1,0,96171,609784034
L,3,0,1,0,96235,609788103
L,2,0,0,0,57149,609818637
L,3,1,0,3,77373,609819551
L,0,0,0,0,57154,609836182
L,2,1,0,3,33453,609867977
L,3,1,1,3,33892,609867977
L,0,1,0,2,77639,609920907
L,0,1,1,3,33700,609928191
L,1,1,0,3,33263,609968012
L,1,1,1,3,77223,609968012
L,3,0,0,0,57318,609968012
L,2,1,1,3,76998,610021448
L,1,0,0,0,56998,610035141
L,1,0,1,0,96172,610068004
L,2,0,0,0,57158,610072679
L,3,1,0,2,77431,610074581
L,0,0,0,0,57158,610087970
L,3,1,1,3,77447,610134054
L,2,1,0,3,33488,610167978
L,0,1,1,2,33704,610185423
L,0,1,0,2,77700,610200123
L,1,1,1,2,77272,610218780
L,1,1,0,2,33252,610228394
L,3,0,0,0,57306,610231886
L,2,1,1,2,77047,610282281
L,1,0,0,0,56981,610287439
L,1,0,1,0,96197,610318118
L,2,0,0,1,57142,610326254
L,3,1,0,2,33917,610327425
L,0,0,0,1,57132,610367359
L,3,1,1,3,77502,610391981
L,2,1,0,3,33484,610423825
L,0,1,1,2,33696,610468031
L,0,1,0,2,77753,610477070
L,1,1,1,2,77321,610477916
L,3,0,0,0,57275,610492469
L,1,1,0,3,33251,610526821
L,1,0,0,0,56950,610568048
L,2,1,1,3,77084,610568048
L,1,0,1,0,96188,610582435
L,3,1,0,3,77512,610598937
L,0,0,0,0,57090,610635605
L,3,1,1,3,33878,610668077
L,2,1,0,3,33439,610682495
L,0,1,1,2,33647,610718376
L,1,1,1,2,77342,610728165
L,0,1,0,2,77774,610730205
L,1,1,0,3,33194,610782842
L,2,0,0,0,57082,610826342
L,1,0,0,0,56916,610828081
L,2,1,1,3,77108,610831996
L,1,0,1,0,96208,610834662
L,3,1,0,3,77540,610868077
L,0,0,0,0,57069,610893989
L,2,0,1,1,96100,610901855
L,3,0,0,0,57229,610907033
L,3,1,1,3,33826,610919539
L,2,1,0,2,33371,610968119
L,0,1,1,2,33591,610974653
L,1,1,1,2,77369,610979386
L,0,1,0,2,77798,610982846
L,1,1,0,3,33143,611034996
L,2,0,0,1,57051,611076989
L,1,0,0,1,56890,611093749
L,2,1,1,3,77119,611094739
L,1,0,1,1,96220,611096862
L,3,1,0,2,77531,611123826
L,0,0,0,0,57035,611155506
L,3,0,0,0,57180,611165018
L,3,1,1,2,33756,611178059
L,2,1,0,3,33298,611226850
L,0,1,0,3,77741,611255570
L,0,1,1,3,33525,611255570
L,1,1,1,3,77315,611255570
L,3,0,1,1,96213,611255570
L,1,1,0,3,33051,611297034
L,1,0,0,1,56826,611355598
L,1,0,1,1,96151,611355598
L,2,0,0,0,56984,611355598
L,2,1,1,2,77019,611355598
L,3,1,0,3,77417,611390166
L,3,0,0,0,57130,611417124
L,2,0,1,0,96012,611428788
L,0,0,0,0,56976,611455574
L,3,1,1,3,33656,611455574
L,2,1,0,3,33204,611492137
L,0,1,1,3,33438,611505580
L,0,1,0,3,77638,611510093
L,1,1,1,2,77211,611530303
L,1,1,0,2,32986,611555557
L,3,0,1,0,96142,611555557
L,1,0,0,0,96093,611612710
L,2,1,1,2,76924,611618531
L,2,0,0,0,56946,611622389
L,1,0,1,0,56797,611627680
L,3,1,0,2,77333,611655550
L,3,1,1,2,77326,611709570
L,0,0,0,1,56960,611714951
L,2,1,0,3,33190,611755575
L,0,1,1,2,33424,611755805
L,0,1,0,2,77576,611762944
L,1,1,1,2,77153,611787101
L,2,0,1,0,95957,611794293
L,1,1,0,3,32976,611819639
L,1,0,0,1,56808,611867431
L,2,1,1,3,76900,611882947
L,2,0,0,1,56958,611886136
L,1,0,1,0,96098,611895799
L,3,1,0,2,33646,611908069
L,0,0,0,1,56980,611972708
L,3,1,1,2,77332,611975084
L,2,1,0,2,33200,612015834
L,0,1,1,3,33428,612019384
L,0,1,0,3,77572,612026440
L,1,1,1,2,77147,612055706
L,1,1,0,2,32970,612077656
L,3,0,1,1,96132,612126310
L,1,0,0,1,56814,612128871
L,2,0,1,1,95973,612134552
L,1,0,1,0,96092,612155629
L,2,0,0,1,56969,612155629
L,2,1,1,2,76879,612155629
L,3,1,0,3,33621,612170166
L,0,0,0,0,56978,612231422
L,3,1,1,3,77303,612236677
L,2,1,0,2,33218,612272936
L,0,1,1,2,33455,612278325
L,0,1,0,2,77572,612282034
L,1,1,1,2,77171,612321921
L,1,1,0,2,33058,612336712
L,1,0,0,0,56849,612384244
L,2,1,1,3,76959,612421091
L,3,1,0,2,33770,612424074
L,1,0,1,0,96083,612433357
L,3,0,0,1,57158,612461426
L,0,0,0,1,57011,612492743
L,3,1,1,2,77392,612500180
L,0,1,0,2,77645,612533785
L,0,1,1,2,33606,612555663
L,2,1,0,2,33386,612555663
L,2,0,0,0,57020,612587005
L,1,1,1,3,77227,612588910
L,1,1,0,2,33193,612599635
L,1,0,0,0,56868,612655681
L,2,1,1,3,76997,612679655
L,3,1,0,3,33859,612689881
L,1,0,1,1,96064,612693778
L,3,0,0,1,57166,612722629
L,0,0,0,0,57013,612755702
L,3,1,1,3,77415,612758942
L,0,1,0,3,77653,612802329
L,2,1,0,3,33403,612812285
L,0,1,1,3,33606,612813884
L,1,1,0,2,33172,612855776
L,1,1,1,3,77230,612855776
L,1,0,0,0,56858,612908571
L,1,0,1,0,96089,612955725
L,2,1,1,2,77014,612955725
L,3,1,0,3,33834,612955725
L,0,0,0,1,57014,613006733
L,3,1,1,2,77455,613015027
L,0,1,0,2,77702,613055722
L,2,1,0,3,33396,613073668
L,0,1,1,3,33599,613075090
L,1,1,0,2,33166,613114047
L,1,1,1,2,77285,613122160
L,1,0,0,0,56867,613168289
L,3,1,0,3,33832,613209922
L,2,1,1,3,77062,613218274
L,1,0,1,1,96129,613255740
L,0,0,0,1,57021,613264760
L,3,1,1,2,77496,613275678
L,0,1,0,2,77738,613320962
L,2,1,0,2,33406,613329384
L,0,1,1,2,33607,613355769
L,3,0,1,1,96170,613362502
L,1,1,0,3,33178,613374426
L,1,1,1,3,77313,613380110
L,1,0,0,0,56858,613429441
L,3,1,0,2,33849,613468937
L,2,1,1,2,77086,613477142
L,0,0,0,0,57006,613526945
L,1,0,1,0,96114,613531631
L,3,1,1,2,77523,613534962
L,2,0,0,1,57006,613584852
L,0,1,0,3,77760,613587956
L,2,1,0,3,33422,613593844
L,0,1,1,3,33610,613619941
L,1,1,0,2,33172,613655815
L,1,1,1,2,77326,613655815
L,1,0,0,0,56838,613689030
L,3,0,0,0,57144,613717445
L,3,0,1,0,96162,613726516
L,3,1,0,3,33811,613730322
L,2,1,1,3,77090,613755776
L,0,0,0,0,56985,613802064
L,1,0,1,0,96125,613803771
L,3,1,1,3,77513,613806896
L,0,1,0,3,77741,613855880
L,2,0,0,0,56980,613855880
L,2,1,0,2,33338,613855880
L,0,1,1,3,33534,613891277
L,1,1,0,3,33097,613907038
L,1,1,1,3,77303,613909096
L,1,0,0,0,56807,613955798
L,3,0,0,0,57111,613979964
L,3,1,0,2,33734,614003317
L,2,1,1,2,77052,614020747
L,0,0,0,0,56948,614055842
L,2,0,1,0,95982,614055842
L,3,0,1,0,96144,614055842
L,1,0,1,0,96107,614059962
L,3,1,1,2,77483,614078317
L,2,1,0,2,33291,614107747
L,0,1,0,3,77727,614111147
L,2,0,0,1,56939,614126092
L,0,1,1,2,33494,614155821
L,1,1,0,2,33060,614169772
L,1,1,1,2,77306,614177312
L,1,0,0,1,56780,614222794
L,3,0,0,1,57084,614255899
L,3,1,0,2,33697,614255899
L,2,1,1,2,77069,614288732
L,0,0,0,0,56928,614311030
L,3,0,1,1,96157,614314672
L,1,0,1,0,96119,614319738
L,3,1,1,2,77484,614355822
L,2,1,0,2,33231,614359985
L,0,1,0,2,77725,614361952
L,2,0,0,0,56910,614377333
L,0,1,1,2,33423,614406084
L,1,1,0,2,77290,614423958
L,1,1,1,2,77286,614455838
L,2,0,1,1,95973,614501303
L,3,0,0,1,57041,614511195
L,3,1,0,3,33628,614515228
L,1,0,0,1,56730,614523427
L,0,0,1,1,96242,614555908
L,2,1,1,3,77040,614555908
L,0,0,0,1,56883,614562457
L,1,0,1,1,96090,614599514
L,2,1,0,2,33171,614619553
L,3,1,1,2,77453,614620474
L,0,1,0,2,33375,614629244
L,2,0,0,0,56872,614634864
L,0,1,1,3,77695,614657951
L,1,1,0,3,32938,614677384
L,1,1,1,2,77250,614732221
L,3,0,1,0,96139,614755872
L,3,0,0,0,57031,614768553
L,3,1,0,3,33571,614771502
L,1,0,0,0,56719,614789475
L,2,1,1,2,77002,614807881
L,0,0,0,1,56878,614815066
L,1,0,1,0,56712,614855868
L,2,0,1,0,95957,614855868
L,2,1,0,2,33134,614878317
L,3,1,1,2,77406,614879228
L,2,0,0,0,56860,614893582
L,0,1,0,2,77642,614916654
L,0,1,1,2,33345,614918892
L,1,1,0,2,77215,614955883
L,1,1,1,3,32933,614984333
L,3,0,0,1,57016,615030033
L,3,1,0,3,77389,615036745
L,1,0,0,0,56704,615055926
L,2,1,1,2,76948,615072185
L,0,0,0,1,56869,615077121
L,1,0,1,1,96013,615118084
L,3,1,1,2,33618,615130757
L,2,0,0,1,56857,615155907
L,2,1,0,2,33183,615155907
L,3,0,1,1,96040,615155907
L,2,0,1,1,95877,615162190
L,0,1,0,2,77583,615173151
L,0,1,1,2,33402,615185488
L,1,1,0,2,32964,615214622
L,1,1,1,2,32967,615234351
L,3,0,0,0,57031,615289450
L,3,1,0,2,77330,615297813
L,1,0,0,0,56720,615308493
L,2,1,1,2,76899,615355902
L,0,0,0,1,56883,615366985
L,1,0,1,1,95993,615374837
L,3,1,1,2,33623,615390435
L,2,0,0,0,56867,615414965
L,2,1,0,2,33186,615419533
L,0,1,0,2,33402,615426002
L,3,0,1,1,96023,615432945
L,0,1,1,2,77542,615459058
L,1,1,0,2,32964,615465424
L,1,1,1,3,77113,615496976
L,2,0,1,1,95846,615516161
L,3,1,0,3,77290,615555931
L,1,0,0,1,56721,615562794
L,2,1,1,2,76871,615612795
L,0,0,0,0,56886,615627188
L,1,0,1,0,95972,615631730
L,3,1,1,3,33638,615655960
L,2,0,0,0,56872,615681719
L,2,1,0,2,33207,615684419
L,0,1,0,2,33417,615690550
L,3,0,1,0,96011,615705071
L,0,1,1,2,77532,615720411
L,1,1,0,2,32988,615725429
L,1,1,1,2,77099,615755938
L,2,0,1,0,95838,615769791
L,3,1,0,2,77276,615807047
L,1,0,0,0,56720,615826822
L,0,0,0,0,56885,615899893
L,1,0,1,0,95981,615901677
L,2,1,1,2,76842,615902836
L,3,1,1,3,33589,615922082
L,0,1,0,2,33365,615955973
L,2,0,0,0,56870,615955973
L,2,1,0,2,33155,615955973
L,3,0,1,0,96030,615955973
L,3,0,0,1,57038,615962314
L,0,1,1,2,77510,615977147
L,1,1,0,2,32933,615978149
L,1,1,1,2,77082,616009500
L,2,0,1,1,95845,616059622
L,3,1,0,2,77270,616076140
L,1,0,0,1,56709,616093794
L,0,0,0,1,56871,616155985
L,1,0,1,1,95962,616155985
L,2,1,1,2,33163,616155985
L,3,1,1,3,33592,616175093
L,2,1,0,2,76837,616212949
L,0,1,0,2,33365,616219318
L,2,0,0,0,56851,616221944
L,3,0,1,0,96001,616227178
L,0,1,1,2,77495,616230383
L,1,1,0,2,32929,616231372
L,1,1,1,2,77060,616263748
L,3,1,0,3,77223,616327555
L,1,0,0,0,56690,616356009
L,2,0,1,0,95816,616356009
L,0,0,0,0,56854,616409534
L,1,0,1,0,95938,616413913
L,2,1,1,3,33114,616423331
L,3,1,1,3,33538,616456018
L,0,1,0,2,33308,616471279
L,2,1,0,2,76771,616474198
L,2,0,0,0,56829,616478758
L,0,1,1,2,77428,616480994
L,1,1,0,3,32871,616484945
L,1,1,1,2,76997,616516116
L,3,0,1,0,95971,616527257
L,3,1,0,3,77161,616585777
L,2,0,1,1,95792,616609157
L,1,0,0,0,56674,616622048
L,0,0,0,1,56840,616667362
L,2,1,1,2,33069,616684282
L,1,0,1,0,95903,616694859
L,3,1,1,3,33492,616719759
L,0,1,0,2,33275,616732110
L,2,1,0,3,76696,616735116
L,0,1,1,2,77353,616756023
L,1,1,0,2,32842,616756023
L,2,0,0,0,56811,616756023
L,1,1,1,3,76924,616775826
L,3,0,1,0,95912,616786568
L,3,1,0,3,77092,616856040
L,1,0,0,1,56642,616900935
L,0,0,0,0,56808,616927087
L,2,0,1,1,95729,616929544
L,2,1,1,2,33015,616956029
L,1,0,1,1,95858,616973411
L,3,1,1,2,33433,616978966
L,0,1,0,2,33212,616990916
L,2,1,0,2,76631,616994493
L,1,1,0,2,32775,617007106
L,0,1,1,2,77283,617018631
L,2,0,0,0,56775,617020767
L,1,1,1,2,76858,617036855
L,3,0,1,1,95884,617087449
L,3,1,0,2,77033,617110058
L,1,0,0,1,56621,617155999
L,2,0,1,0,95713,617189192
L,0,0,0,1,56780,617209453
L,2,1,1,3,32949,617216466
L,3,1,1,2,33381,617233192
L,0,1,0,3,33167,617256063
L,1,0,1,0,95821,617256063
L,2,1,0,2,76571,617256063
L,1,1,0,3,32738,617257679
L,0,1,1,3,77223,617277370
L,2,0,0,0,56757,617281632
L,1,1,1,2,76794,617296744
L,3,0,1,0,95825,617356073
L,3,1,0,2,76956,617368785
L,1,0,0,1,56605,617422070
L,0,0,0,1,56770,617470704
L,2,1,1,2,33052,617475561
L,3,1,1,3,33497,617494994
L,1,0,1,0,95761,617513249
L,1,1,0,3,32874,617519531
L,2,1,0,3,76609,617523143
L,0,1,0,3,33293,617524458
L,0,1,1,3,77265,617529838
L,1,1,1,3,76845,617556080
L,2,0,0,0,56769,617556080
L,2,0,1,0,95638,617592412
L,3,0,0,0,56935,617599649
L,3,1,0,2,77084,617626610
L,1,0,0,0,56639,617682028
L,0,0,0,0,56784,617727847
L,2,1,1,3,33131,617734646
L,3,1,1,2,33520,617756151
L,1,0,1,0,95777,617773812
L,1,1,0,2,32787,617779437
L,2,1,0,3,76616,617782152
L,0,1,0,2,33196,617783366
L,3,0,1,0,95832,617787760
L,0,1,1,2,77227,617797329
L,1,1,1,2,76752,617815147
L,2,0,0,1,56738,617825580
L,2,0,1,1,95644,617856105
L,3,0,0,0,56870,617856105
L,3,1,0,2,76832,617892485
L,1,0,0,0,56408,617936867
L,0,0,0,0,56552,617985384
L,2,1,1,3,32274,618004652
L,1,0,1,0,95572,618026452
L,0,0,1,0,95759,618030427
L,0,1,0,2,32311,618037332
L,0,1,1,2,76514,618056312
L,2,1,0,2,75931,618056312
L,3,0,1,0,95625,618056312
L,3,1,1,2,32544,618056312
L,1,1,0,2,31743,618075567
L,2,0,0,0,56347,618092575
L,3,0,0,1,56499,618108942
L,1,1,1,2,75804,618121132
L,2,0,1,1,95315,618156292
L,1,0,0,1,95344,618203597
L,3,1,0,2,75639,618213956
L,2,1,1,2,31181,618256278
L,1,0,1,0,55811,618277464
L,0,0,1,0,95365,618288118
L,0,0,0,1,55972,618300153
L,2,1,0,2,74787,618316353
L,3,1,1,2,31219,618326131
L,0,1,1,2,75368,618327194
L,1,1,0,3,30504,618334315
L,2,0,0,1,55783,618356293
L,3,0,1,1,95108,618356293
L,3,0,0,1,55945,618368730
L,0,1,0,2,30567,618414457
L,2,0,1,0,94725,618418472
L,1,0,0,1,55386,618456325
L,3,1,0,3,74404,618474385
L,1,1,1,3,74361,618485154
L,2,1,1,3,29731,618528506
L,0,0,0,0,55268,618568950
L,2,1,0,3,73764,618568950
L,0,1,1,3,74128,618583319
L,3,1,1,3,29868,618586340
L,1,1,0,2,29210,618591986
L,2,0,0,0,54984,618609119
L,3,0,0,0,55170,618625616
L,0,1,0,3,29250,618672289
L,1,0,0,0,54516,618719599
L,3,1,0,2,72993,618732336
L,1,0,1,0,93704,618768942
L,2,1,1,2,28343,618782013
L,0,0,0,0,54233,618868955
L,0,0,1,0,93488,618868955
L,1,1,0,3,72198,618868955
L,1,1,1,3,27842,618868955
L,2,0,0,1,54048,618868955
L,2,1,0,3,71978,618868955
L,2,0,1,0,93087,618875335
L,3,0,0,0,54199,618888768
L,3,1,1,3,27765,618969016
L,0,1,0,3,27463,618975934
L,1,0,0,1,53421,618976847
L,0,1,1,3,71544,618980052
L,3,1,0,3,71172,618987688
L,3,0,1,1,92685,618993917
L,1,0,1,0,92398,619069085
L,2,1,1,2,26477,619069085
L,0,0,1,0,92248,619124057
L,1,1,1,3,25950,619131595
L,2,1,0,2,69944,619132796
L,0,0,0,0,52924,619168977
L,1,1,0,2,70042,619168977
L,2,0,1,0,91764,619168977
L,3,0,0,0,52869,619168977
L,0,1,1,3,69397,619269031
L,3,0,1,0,91514,619269031
L,3,1,1,3,25252,619269031
L,3,1,0,2,68700,619305796
L,1,0,1,0,91399,619321592
L,2,1,1,3,24452,619322763
L,0,1,0,2,24618,619369040
L,2,0,0,0,51633,619369040
L,0,0,1,0,91078,619403135
L,3,0,0,0,51420,619421685
L,2,1,0,3,67971,619432614
Q,619437795,1,1.22399,-0.10049,3.43162
Q,619437795,2,1.21533,0.05989,3.41757
L,1,1,1,2,23667,619470848
L,2,0,1,1,90530,619470848
L,1,1,0,3,67983,619497280
L,3,0,1,1,90070,619533706
L,0,0,0,1,50811,619535268
Q,619537804,1,1.22399,-0.10049,3.43162
Q,619537804,2,1.21533,0.05989,3.41757
L,3,1,0,2,67216,619570969
L,3,1,1,3,23083,619576579
L,2,1,1,3,22852,619578829
L,0,1,1,3,67479,619581226
L,1,0,1,1,90114,619582566
L,2,0,0,1,49908,619625795
Q,619637961,1,1.22399,-0.10049,3.43162
Q,619637961,2,1.21533,0.05989,3.41757
L,0,1,0,3,23016,619670748
L,0,0,1,0,89663,619670748
L,1,0,0,1,89839,619670748
L,3,0,0,0,49900,619683952
L,2,1,0,3,66705,619711665
Q,619738063,1,1.22399,-0.10049,3.43162
Q,619738063,2,1.21533,0.05989,3.41757
L,1,1,1,2,22380,619770603
L,3,0,1,0,88728,619792541
L,1,1,0,2,66572,619796401
L,0,0,0,1,49527,619814769
L,3,1,0,2,66034,619830191
L,3,1,1,3,22157,619835004
L,1,0,1,0,88825,619869453
L,2,1,1,3,21845,619869453
L,0,1,1,3,66098,619879014
L,2,0,0,0,48672,619884179
L,0,0,1,1,88315,619925254
L,2,0,1,1,88049,619937156
L,3,0,0,1,48473,619969488
L,0,1,0,2,21785,619970616
L,2,1,0,2,65468,619986427
L,1,1,0,3,21107,620069466
L,3,0,1,0,87373,620069466
L,1,1,1,3,65333,620072781
L,3,1,0,3,64942,620089606
L,0,0,0,1,47927,620113582
L,1,0,1,0,87585,620121891
L,3,1,1,3,20885,620135132
L,0,1,1,3,64961,620136221
L,1,0,0,1,47460,620169480
L,2,0,0,1,47162,620169480
L,2,1,1,2,20501,620176162
L,2,0,1,0,86855,620192644
L,0,0,1,1,87043,620203989
L,3,0,0,0,47130,620222343
L,0,1,0,3,20551,620269483
L,2,1,0,2,64328,620269483
L,1,1,0,2,20148,620327319
L,3,0,1,0,86167,620330220
L,0,0,0,0,46851,620369478
L,3,1,0,2,63895,620369478
L,3,1,1,3,20075,620398167
L,2,0,0,0,46017,620428495
L,1,0,0,0,86279,620431448
L,1,0,1,0,46233,620434339
L,0,0,1,0,85882,620469494
L,0,1,1,2,63850,620469494
L,2,0,1,0,85671,620469494
L,2,1,1,2,19746,620469494
L,3,0,0,0,46041,620484815
L,2,1,0,2,63505,620527450
L,0,1,0,2,19965,620530594
L,1,1,0,2,19618,620584731
L,1,1,1,2,63516,620592268
L,3,1,0,2,63146,620626834
L,3,0,1,0,84735,620630284
L,0,0,0,0,45651,620669513
L,3,1,1,3,19602,620669513
L,2,0,0,1,44972,620690235
L,1,0,1,0,45202,620694594
L,2,0,1,1,84330,620733465
L,0,1,1,2,62994,620737419
L,0,0,1,0,84400,620769521
L,2,1,1,2,19159,620769521
L,3,0,0,0,44894,620769521
L,1,0,0,1,84403,620778634
L,0,1,0,2,19437,620789392
L,2,1,0,3,62528,620826253
L,1,1,0,2,19028,620869512
L,1,1,1,3,62588,620869512
L,3,1,0,2,62193,620883488
L,3,0,1,1,83240,620893246
L,3,1,1,2,18951,620937585
L,1,0,1,1,43976,620956984
L,0,1,1,3,61889,620993331
L,2,0,1,1,82660,620995585
L,0,0,0,0,43920,621013541
L,3,0,0,0,43572,621025218
L,2,0,0,0,43311,621030271
L,1,0,0,1,82701,621037957
L,0,1,0,3,18740,621056976
L,0,0,1,1,82565,621056976
L,2,1,1,2,18449,621056976
L,2,1,0,3,61438,621087870
L,1,1,1,2,61450,621131114
L,3,0,1,1,81508,621169546
L,1,1,0,2,18263,621187928
L,3,1,1,2,18268,621196232
L,0,1,1,2,61016,621269556
L,2,0,1,0,81148,621269556
L,0,0,0,0,42658,621271771
L,3,0,0,0,42284,621281672
L,2,0,0,0,42045,621286320
L,0,0,1,0,81032,621320676
L,0,1,0,2,18179,621369579
L,1,0,0,1,81116,621369579
L,1,0,1,1,42093,621369579
L,2,1,0,2,60772,621369579
L,2,1,1,2,17885,621369579
L,1,1,0,3,17766,621469618
L,3,0,1,0,80039,621469618
L,3,1,1,3,17830,621478174
L,2,0,1,0,80219,621533657
L,0,0,0,1,41885,621536930
L,1,1,1,3,60494,621569627
L,2,0,0,1,41256,621569627
L,3,0,0,1,41467,621569627
L,0,1,1,3,60350,621575548
L,0,0,1,0,80487,621579522
L,3,1,0,2,60156,621601578
L,1,0,1,0,41650,621625568
L,1,0,0,0,41655,621635080
L,0,1,0,3,17670,621657031
L,2,1,1,3,17350,621657031
L,2,1,0,3,60321,621684804
L,1,1,0,2,17564,621724134
L,3,0,1,1,80087,621732929
L,3,1,1,3,17556,621776294
L,2,0,1,0,80288,621815694
L,3,0,0,1,41600,621824103
L,1,1,1,2,60347,621828657
L,0,1,1,2,60217,621833448
L,0,0,0,1,42052,621857098
L,3,1,0,2,60026,621857098
L,0,0,1,1,80488,621862326
L,2,0,0,1,41424,621867751
L,1,0,0,1,80667,621897905
L,2,1,1,3,17379,621917152
L,0,1,0,2,17697,621925281
L,2,1,0,2,60101,621957080
L,1,0,1,0,41826,621990651
L,3,1,1,3,17511,622034745
L,3,0,1,0,80099,622069169
L,2,0,1,0,80290,622073220
L,3,0,0,1,41648,622084988
L,1,1,1,3,60310,622107347
L,0,1,1,3,60180,622112005
L,3,1,0,3,59974,622119981
L,2,0,0,1,41408,622127711
L,0,0,0,1,42029,622137239
L,1,0,0,0,80761,622157126
L,2,1,1,2,17300,622178984
L,0,1,0,2,17612,622182141
L,1,1,0,2,17458,622221966
L,2,1,0,3,60130,622224108
L,1,0,1,0,41788,622257137
L,3,1,1,2,17448,622294921
L,3,0,1,1,80141,622328886
L,2,0,1,1,80334,622333316
L,0,0,1,0,80509,622357726
L,0,1,1,3,60137,622369692
L,3,0,0,0,41592,622384011
L,2,0,0,0,41372,622387518
L,0,0,0,1,41995,622394492
L,1,0,0,1,41730,622412499
L,2,1,1,3,17263,622437147
L,3,1,0,3,59839,622457207
L,0,1,0,2,17552,622465142
L,1,1,1,2,60125,622467258
L,1,1,0,3,17364,622482444
L,2,1,0,3,59879,622504866
L,1,0,1,0,80324,622516675
L,3,0,1,1,79614,622589184
L,2,0,1,1,79785,622593418
L,3,1,1,3,17239,622615707
L,0,1,1,2,59915,622632732
L,0,0,1,0,79941,622637325
L,2,0,0,0,40696,622657149
L,3,0,0,0,40943,622657149
L,2,1,1,2,16970,622697340
L,0,0,0,1,41127,622714347
L,3,1,0,3,59659,622719990
L,0,1,0,3,17233,622722134
L,1,0,0,0,40811,622728559
L,1,1,0,3,17009,622758734
L,1,1,1,3,59930,622766444
L,1,0,1,0,79872,622775239
L,2,1,0,2,59725,622822060
L,2,0,1,1,79368,622857213
L,3,0,1,1,79187,622857213
L,3,1,1,3,16928,622871892
L,0,0,1,0,79529,622897941
L,2,0,0,1,39959,622924608
L,0,1,1,2,59731,622957287
L,3,0,0,1,40113,622960730
L,2,1,1,2,16677,622976608
L,0,1,0,2,16966,622978910
L,1,0,0,1,40230,622992441
L,3,1,0,2,59520,622997350
L,0,0,0,1,40425,623013946
L,1,0,1,1,79539,623057191
L,1,1,1,2,59729,623106073
L,2,0,1,1,79026,623111160
L,3,1,1,2,16757,623129223
L,3,0,1,0,78784,623157202
L,2,1,0,2,59501,623176885
L,1,1,0,2,16722,623181884
L,2,0,0,0,39671,623186048
L,3,0,0,0,39889,623221666
L,0,1,1,2,59540,623228203
L,0,0,1,0,79128,623236606
L,0,1,0,2,16887,623257188
L,1,0,0,1,40067,623257188
L,0,0,0,0,40287,623273231
L,2,1,1,2,16589,623315553
L,2,0,1,1,78799,623393118
L,3,1,0,2,59315,623395856
L,3,0,1,1,78565,623409812
L,3,1,1,2,16733,623414963
L,2,1,0,3,59412,623436683
L,1,1,0,2,16725,623457229
L,1,1,1,2,59579,623457229
L,2,0,0,1,39589,623457229
L,3,0,0,0,39816,623479013
L,0,1,1,3,59429,623490295
L,0,0,1,0,78918,623496578
L,0,1,0,2,16870,623522045
L,1,0,0,0,79097,623534992
L,2,1,1,2,16523,623594427
L,0,0,0,0,40217,623611280
L,3,1,0,3,59137,623657224
L,3,1,1,3,16647,623687281
L,3,0,1,0,78469,623692846
L,2,1,0,3,59232,623701304
L,1,1,0,2,59416,623724724
L,2,0,0,0,39603,623725633
L,1,0,1,0,79114,623757247
L,3,0,0,0,39821,623765737
L,0,1,1,2,59290,623768466
L,0,1,0,2,16776,623776463
L,1,0,0,0,40016,623789335
L,0,0,1,1,78906,623837217
L,2,1,1,3,16441,623857238
L,1,1,1,3,16598,623884750
L,0,0,0,1,40193,623957266
L,3,1,0,3,59064,623957266
L,3,0,1,1,78479,623957266
L,3,1,1,3,16570,623957266
L,2,1,0,3,59186,623959165
L,1,1,0,2,59365,623981212
L,3,0,0,0,39753,624022434
L,0,1,1,2,59227,624025126
L,1,0,1,0,79044,624033145
L,1,0,0,0,79019,624057248
L,2,0,0,0,39506,624063359
L,0,0,1,0,78736,624100927
L,2,1,1,2,16403,624130446
L,0,1,0,2,16708,624138341
L,3,1,1,2,16555,624207785
L,1,1,1,2,16548,624233610
L,3,0,1,1,78004,624288945
L,0,0,0,1,39769,624289981
L,1,0,1,1,78592,624297487
L,0,1,1,3,59180,624302096
L,2,0,0,0,39099,624324092
L,3,1,0,2,59003,624333499
L,2,1,0,3,59179,624379300
L,1,0,0,1,39331,624386840
L,2,1,1,2,16382,624389556
L,0,1,0,3,16658,624398415
L,1,1,0,3,59408,624401039
L,2,0,1,0,78128,624457314
L,3,1,1,3,16479,624461264
L,1,1,1,2,59450,624484800
L,3,0,0,0,38799,624497876
L,0,0,1,0,78078,624516423
L,0,0,0,0,39155,624557315
L,1,0,1,0,78305,624557315
L,3,0,1,0,77713,624557315
L,2,0,0,0,38606,624580901
L,0,1,1,2,59267,624583590
L,0,1,0,2,16684,624657341
L,1,0,0,0,38969,624657341
L,3,1,0,3,59102,624658735
L,2,1,1,3,16416,624669073
L,1,1,0,2,16572,624704556
L,2,0,1,0,77677,624710080
L,3,1,1,2,16528,624727541
L,1,1,1,3,59363,624757348
L,3,0,0,0,38585,624757348
L,0,0,1,0,77674,624776767
L,0,0,0,0,38956,624811609
L,3,0,1,0,77283,624829064
L,1,0,1,0,77885,624835264
L,2,0,0,0,38407,624837521
L,2,1,1,2,16446,624923059
L,1,0,0,1,38822,624926864
L,0,1,0,2,16722,624933310
L,1,1,0,2,16582,624957444
L,2,0,1,0,77429,624986516
L,3,0,0,0,38576,625013346
L,3,1,1,2,16587,625019023
L,0,0,0,0,77563,625073249
L,0,0,1,0,38988,625086190
L,2,0,0,0,38418,625097104
L,3,0,1,1,77208,625157374
L,1,0,0,1,77835,625186863
L,2,1,1,2,16407,625189555
L,0,1,0,3,16682,625195883
L,1,1,0,2,16538,625213347
L,2,0,1,0,77489,625257366
L,3,0,0,1,38610,625277613
L,3,1,1,2,16536,625289087
L,1,0,1,0,77884,625313685
L,0,0,0,0,77642,625337043
L,0,0,1,0,39050,625357407
L,2,0,0,0,38471,625363499
L,3,0,1,1,77264,625425675
L,0,1,0,3,16680,625457435
L,1,0,0,1,38906,625457435
L,2,1,1,3,16395,625460549
L,1,1,1,2,59218,625500152
L,2,0,1,0,77493,625557421
L,3,0,0,0,38688,625557421
L,3,1,1,3,16565,625557421
L,1,0,1,1,77887,625578285
L,0,0,0,0,77661,625596594
L,2,0,0,0,38525,625619167
L,0,0,1,0,39114,625671355
L,0,1,0,2,16719,625712882
L,2,1,1,2,16424,625725820
L,1,0,0,0,38978,625757434
L,3,0,1,0,77242,625757434
L,1,1,1,2,16580,625758235
L,2,0,1,0,77476,625810217
L,3,0,0,1,38731,625817903
L,3,1,1,2,16595,625825800
L,1,0,1,1,77851,625831976
L,0,0,0,0,77602,625857441
L,2,0,0,0,38569,625876898
L,0,0,1,0,39157,625928767
L,0,1,0,2,16764,625971096
L,2,1,1,2,16463,625980611
L,1,1,1,2,16613,626008570
L,3,0,1,1,77219,626010321
L,3,0,0,0,38754,626075352
L,3,1,1,3,16622,626084404
L,2,0,1,0,77466,626089239
L,1,0,1,0,77837,626091292
L,0,0,0,0,77594,626114544
L,2,0,0,1,38587,626157499
L,0,0,1,0,39173,626191129
L,1,0,0,0,39003,626204936
L,2,1,1,2,16440,626257494
L,1,1,1,2,16586,626259225
L,3,0,1,1,77252,626268843
L,0,1,0,2,16715,626293296
L,3,0,0,1,38729,626336677
L,1,0,1,0,38980,626357568
L,3,1,1,3,16550,626357568
L,0,0,0,0,77697,626375252
L,2,0,1,0,77574,626389450
L,2,0,0,0,38559,626412217
L,1,1,1,3,16511,626510186
L,1,1,0,3,59205,626515266
L,0,0,1,0,39155,626557536
L,1,0,0,0,77985,626557536
L,2,1,0,3,16357,626560830
L,3,0,1,0,77359,626568519
L,3,0,0,0,38738,626593765
L,3,1,1,2,16509,626621451
L,0,1,0,2,16657,626631876
L,0,0,0,0,77748,626638442
L,2,0,1,0,77610,626657547
L,3,1,0,2,16509,626657547
L,2,0,0,0,38577,626677303
L,1,0,1,0,38997,626731981
L,2,1,0,2,16353,626816954
L,0,1,1,2,59102,626820811
L,3,0,1,0,77403,626825546
L,0,0,1,0,39187,626830457
L,3,0,0,0,38766,626857527
L,0,1,0,3,16662,626887190
L,0,0,0,0,77811,626899031
L,1,0,0,1,39028,626908007
L,1,1,0,2,59223,626912601
L,3,1,0,2,16520,626918670
L,2,0,1,1,77661,626927702
L,1,1,1,2,59226,626957609
L,2,0,0,1,38621,626961975
L,1,0,1,1,78055,627002790
L,2,1,0,2,16383,627079007
L,3,0,1,0,77432,627087443
L,0,0,1,0,39251,627110632
L,0,0,0,1,77827,627157569
L,3,0,0,1,38838,627159013
L,1,0,0,0,78061,627160324
L,0,1,0,3,16689,627168350
L,3,1,0,3,16544,627175375
L,2,0,1,1,77677,627185846
L,2,0,0,1,38667,627218174
L,1,1,0,3,16554,627304025
L,1,0,1,1,39090,627307097
L,2,1,0,3,16411,627336639
L,3,0,1,0,77389,627368748
L,1,0,0,0,39085,627415569
L,0,0,0,0,77751,627420472
L,3,0,0,0,38847,627421804
L,0,1,0,2,16721,627427148
L,0,0,1,0,39256,627428232
L,3,1,0,3,16581,627457722
L,2,0,1,0,77583,627468397
L,2,0,0,0,38649,627478669
L,1,0,1,0,77932,627557625
L,1,1,0,2,16564,627568626
L,2,1,0,3,16424,627595802
L,3,0,1,0,77277,627657646
L,1,0,0,0,77884,627669493
L,3,0,0,0,38747,627679182
L,0,0,0,0,77649,627680283
L,0,1,0,3,16716,627687066
L,0,0,1,0,39141,627708389
L,3,1,0,2,16577,627719872
L,2,0,1,0,77489,627725862
L,2,0,0,0,38542,627737255
L,1,0,1,1,38928,627817959
L,1,1,0,2,16547,627857717
L,2,1,0,2,16404,627877573
L,3,0,1,0,77187,627925862
L,1,0,0,0,77804,627929429
L,0,0,0,0,77563,627937307
L,0,1,0,2,16688,627957667
L,3,0,0,0,38637,627957667
L,2,0,1,0,77417,627984942
L,3,1,0,2,16539,627999230
L,2,0,0,0,38445,628019630
L,0,0,1,1,39016,628057698
L,1,0,1,1,38847,628070784
L,1,1,0,3,16504,628157747
L,2,1,0,3,16359,628174482
L,1,0,0,0,77768,628183276
L,3,0,1,0,77139,628187383
L,0,0,0,0,77512,628199125
L,3,0,0,0,38557,628218325
L,0,1,0,3,16659,628226727
L,2,0,1,0,77375,628257693
L,2,0,0,0,38385,628276066
L,3,1,0,2,16518,628296425
L,0,0,1,0,38977,628357704
L,1,1,0,2,16517,628409803
L,2,1,0,3,16385,628432590
L,0,0,0,1,77522,628457719
L,1,0,0,1,38838,628457719
L,3,0,1,1,77149,628457719
L,0,1,0,3,16696,628485713
L,2,0,1,0,77372,628525394
L,3,1,0,3,16574,628557720
L,2,0,0,1,38487,628580772
L,3,0,0,1,38664,628582244
L,0,0,1,0,39081,628629682
L,1,0,1,0,38907,628657719
L,1,1,0,2,16562,628668009
L,2,1,0,3,16426,628691232
L,0,0,0,1,77485,628717742
L,3,0,1,1,77103,628724273
L,1,0,0,1,77725,628737835
L,2,0,1,1,77324,628780046
L,0,1,0,2,16752,628799504
L,3,1,0,2,16616,628810000
L,2,0,0,0,38422,628857758
L,3,0,0,0,38587,628857758
L,0,0,1,0,77409,628898221
L,1,0,1,1,77639,628911627
L,1,1,0,3,16611,628919729
L,0,0,0,1,38943,628969121
L,2,1,0,3,16465,628972712
L,3,0,1,1,76993,628985125
L,1,0,0,1,38742,629002195
L,0,1,0,3,16739,629057789
L,2,0,1,0,77186,629057789
L,3,1,0,2,16599,629076790
L,2,0,0,0,38168,629120265
L,3,0,0,0,38219,629159390
L,0,0,1,0,77283,629160304
L,1,0,1,0,77518,629167685
L,1,1,0,2,16467,629184338
L,0,0,0,0,38320,629227349
L,3,0,1,0,76937,629237124
L,1,0,0,0,77537,629257790
L,2,1,0,2,16091,629300601
L,2,0,1,0,77262,629313007
L,0,1,0,3,16320,629337352
L,2,0,0,0,37261,629379646
L,0,0,1,1,37592,629416995
L,3,0,0,1,77092,629426064
L,1,0,1,1,37453,629427161
L,3,1,0,2,15931,629431495
L,1,1,0,2,15911,629457839
L,0,0,0,0,77489,629478416
L,2,1,1,2,22801,629492562
L,3,0,1,0,36856,629503953
L,1,0,0,0,77928,629517357
L,2,1,0,2,15493,629557822
L,2,0,1,0,77825,629567777
L,0,1,0,2,15645,629588565
L,2,0,0,1,36428,629657879
L,0,0,1,1,36685,629680139
L,3,0,0,1,78031,629688415
L,3,1,0,2,15143,629696032
L,1,0,1,1,36710,629697333
L,1,1,0,2,15252,629716298
L,0,0,0,0,78277,629729397
L,3,0,1,0,36100,629757869
L,1,0,0,0,78900,629767601
L,2,1,0,3,14838,629808855
L,0,1,0,3,14976,629857871
L,2,0,1,1,79429,629921460
L,2,0,0,0,35938,629931121
L,0,0,1,1,36070,629957883
L,3,1,0,2,14498,629957883
L,1,1,0,2,14574,629977014
L,1,0,1,1,79885,629989921
L,0,0,0,1,79457,629994876
L,3,0,0,1,79491,630000730
L,3,0,1,0,35621,630012428
L,2,1,0,2,14135,630087494
L,3,1,1,2,60314,630098013
L,2,1,1,2,60545,630136807
L,0,1,0,2,14142,630170491
L,2,0,0,1,35616,630192390
L,0,0,0,0,80490,630270496
L,0,0,1,0,35557,630270496
L,1,1,0,2,14000,630270496
L,3,1,0,3,13785,630270496
L,3,0,1,0,35319,630270496
L,3,0,0,0,80739,630277894
L,2,0,1,0,81147,630280931
L,1,0,1,1,81075,630292001
L,2,1,0,2,13546,630422085
L,2,0,0,0,35472,630472784
L,3,0,1,0,35083,630530976
L,0,0,0,0,81400,630537929
L,0,0,1,1,35183,630570564
L,1,0,1,0,81859,630570564
L,2,0,1,0,81946,630570564
L,3,0,0,0,81533,630570564
L,1,0,0,1,35215,630670565
L,2,0,0,1,34859,630737337
L,3,0,1,1,34341,630792271
L,0,0,0,1,81807,630796338
L,1,0,1,0,34715,630822136
L,0,0,1,1,34347,630826274
L,1,0,0,0,82304,630928327
L,2,0,1,1,82483,630978479
L,2,0,0,1,33772,630993471
L,0,0,0,1,82261,631070601
L,3,0,1,1,33266,631070601
L,1,0,1,1,33623,631081214
L,3,1,0,3,12100,631083448
L,0,0,1,1,33305,631087267
L,2,1,0,3,12076,631103967
L,2,1,1,2,62527,631130631
L,3,0,0,0,82739,631138575
L,1,1,0,2,11975,631170626
L,1,0,0,0,83364,631228497
L,2,0,1,1,83658,631270610
L,3,1,1,3,62592,631270610
L,1,1,1,3,62734,631279205
L,0,1,1,2,62577,631305818
L,2,0,0,1,33204,631311281
L,0,1,0,3,11534,631318249
L,3,0,1,1,32824,631331632
L,0,0,0,1,83481,631333735
L,1,0,1,0,33300,631338967
L,0,0,1,0,32912,631370607
L,2,1,0,3,11425,631370607
L,3,1,0,3,11299,631370607
L,1,1,0,3,11439,631431533
L,3,0,0,1,84227,631438704
L,1,0,0,0,84559,631486543
L,2,1,1,2,63535,631529466
L,0,1,0,3,11116,631570599
L,2,0,1,0,85080,631570599
L,0,0,0,0,84841,631591974
L,1,0,1,0,33559,631618073
L,2,1,0,2,11045,631620759
L,2,0,0,0,33569,631628945
L,3,0,1,0,33186,631630172
L,3,1,0,2,10886,631670604
L,1,1,1,3,63921,631698531
L,1,1,0,2,11092,631709996
L,0,1,1,2,63966,631770632
L,1,0,0,0,85915,631770632
L,3,0,0,0,86027,631770632
L,0,1,0,2,10802,631838724
L,0,0,0,1,86239,631870620
L,2,0,1,1,86679,631870620
L,1,0,1,1,33935,631880442
L,2,0,0,1,34009,631894076
L,3,0,1,1,33633,631895480
L,2,1,0,3,10716,631907331
L,1,1,0,2,10616,631970657
L,3,1,1,2,64939,631970657
L,2,1,1,2,65098,631972062
L,3,1,0,2,10384,631981729
L,1,1,1,2,64965,632017857
L,3,0,0,1,87477,632022214
L,1,0,0,1,87312,632032662
L,0,1,1,2,64970,632070652
L,0,1,0,3,10153,632095775
L,0,0,1,1,33593,632106358
L,2,0,1,1,88143,632123440
L,3,0,1,0,33700,632170679
L,2,0,0,1,34083,632191055
L,1,0,1,1,33998,632199034
L,2,1,0,3,9922,632270677
L,0,0,0,1,88277,632275519
L,1,1,0,2,65742,632278007
L,1,0,0,1,88444,632291015
L,3,0,0,1,88797,632319111
L,0,1,0,2,9849,632370706
L,0,1,1,3,65929,632370706
L,1,1,1,2,9996,632370706
L,2,0,1,1,89197,632378729
L,3,1,1,2,66609,632429281
Q,632439439,2,1.80476,1.94069,6.97738
Q,632439439,3,1.24075,0.00664,3.45040
L,2,1,1,2,66902,632472043
L,3,0,1,0,34300,632472043
L,2,0,0,0,34676,632474959
L,1,0,1,0,34547,632483604
L,0,0,1,1,34230,632488021
L,0,0,0,0,89435,632535288
Q,632539471,2,1.64355,3.32648,8.97563
Q,632539471,3,1.24075,0.00587,3.45035
L,2,1,0,2,9902,632572681
L,3,0,0,0,89877,632572681
L,1,0,0,0,89858,632593251
L,3,1,0,2,9732,632596253
L,0,1,1,2,67336,632624018
L,1,1,1,3,10013,632626446
Q,632639584,0,1.24018,0.08401,3.48266
Q,632639584,2,1.74652,3.54503,9.41246
Q,632639584,3,1.26163,-0.30548,3.28788
L,0,1,0,3,9816,632673967
L,1,1,0,3,67609,632673967
L,2,0,1,0,90492,632673967
L,3,1,1,3,68003,632688368
L,3,0,1,0,35439,632727162
L,2,1,1,3,68235,632732934
Q,632739707,0,1.24046,0.07414,3.47887
Q,632739707,2,1.91897,22.85782,39.20417
Q,632739707,3,1.26163,-0.30548,3.28788
L,1,0,1,1,35727,632774090
L,0,0,1,1,35454,632786311
L,0,0,0,1,90786,632815489
Q,632839864,0,1.53558,-2.42115,1.45892
Q,632839864,2,1.39832,-1.83990,0.70496
Q,632839864,3,1.26063,-0.37476,3.25049
L,1,0,0,0,90864,632873688
L,2,0,0,0,36220,632873688
L,2,1,0,2,10066,632873688
L,3,1,0,2,9783,632873688
L,0,1,1,2,68243,632902910
L,1,1,1,2,10107,632904835
L,3,0,0,0,91338,632921949
L,0,1,0,2,9825,632932896
L,1,1,0,2,68267,632934747
Q,632939960,0,1.50446,-2.33677,1.52377
Q,632939960,2,1.35251,-1.76521,0.80561
Q,632939960,3,1.25885,-0.41069,3.23084
L,2,0,1,0,91258,632974205
L,2,1,1,2,68664,632987710
L,3,1,1,2,68728,633006414
L,3,0,1,1,36086,633010441
L,1,0,1,1,90919,633033439
Q,633040053,0,1.69415,-2.06489,1.23342
Q,633040053,2,1.33535,-1.73805,0.84291
Q,633040053,3,1.33802,-1.27317,2.58052
L,0,0,0,1,91044,633074437
L,0,0,1,1,35734,633074437
L,1,0,0,1,35852,633137265
Q,633140293,0,1.64500,-1.99017,1.30428
Q,633140293,2,1.31175,-1.70160,0.89081
Q,633140293,3,1.32990,-1.27412,2.57818
L,0,1,1,2,68197,633173794
L,1,1,1,2,9989,633173794
L,2,0,0,0,36102,633186961
L,0,1,0,3,9678,633191240
L,1,1,0,2,67974,633214290
L,3,0,0,1,91229,633218011
Q,633240507,0,1.63244,-1.97103,1.32242
Q,633240507,2,1.30312,-1.68846,0.90838
Q,633240507,3,1.32400,-1.27715,2.57507
L,2,0,1,1,91000,633274808
L,3,0,1,1,35655,633274808
L,2,1,0,3,9921,633301017
L,2,1,1,3,68137,633305831
L,1,0,1,1,90553,633309570
L,3,1,0,2,9611,633317169
Q,633340512,0,1.65421,-1.81653,1.39665
Q,633340512,3,1.42661,-1.87492,1.92135
L,0,0,0,0,90638,633373230
L,3,1,1,2,68093,633373230
L,0,0,1,0,34930,633405173
L,1,0,0,0,35095,633421861
Q,633440633,0,1.65326,-1.81278,1.39873
Q,633440633,2,1.40279,-1.63708,1.03763
Q,633440633,3,1.42661,-1.87492,1.92135
L,0,1,0,2,9424,633473989
L,0,1,1,2,67528,633473989
L,1,1,0,3,67360,633473989
L,2,0,0,0,35392,633473989
L,3,0,0,0,90787,633473989
Q,633540973,0,1.65450,-1.80991,1.39862
Q,633540973,1,-0.11750,-6.91057,-4.81306
Q,633540973,2,1.47931,-1.58148,1.16666
Q,633540973,3,1.44367,-1.88623,1.91210
L,1,0,1,0,90036,633575623
L,2,1,0,2,9664,633575623
L,2,0,1,0,90427,633575623
L,2,1,1,2,67494,633575623
L,3,1,0,2,9425,633575623
L,3,0,1,0,34866,633575623
L,1,1,1,2,9611,633602870
L,0,0,0,0,89997,633636899
Q,633641156,0,1.69331,-1.70041,1.45608
Q,633641156,1,-0.12088,-7.02959,-4.97562
Q,633641156,2,1.49966,-1.60341,1.13406
Q,633641156,3,1.59065,-1.91229,1.52387
L,0,0,1,0,34306,633675364
L,3,1,1,2,67411,633675364
L,1,0,0,0,34446,633678695
L,0,1,0,3,9422,633729890
L,2,0,0,1,34711,633732140
Q,633741346,0,1.72612,-1.60990,1.51079
Q,633741346,1,-0.12513,-7.22159,-5.21836
Q,633741346,2,1.51079,-1.61556,1.11640
Q,633741346,3,1.64480,-1.80917,1.50704
L,1,1,0,2,66628,633775475
L,3,0,0,1,89949,633775475
L,2,0,1,0,89550,633838578
Q,633841576,0,1.74454,-1.53189,1.56893
Q,633841576,1,0.83818,-4.39671,-1.90508
Q,633841576,2,1.58346,-1.56285,1.23150
Q,633841576,3,1.67303,-1.83929,1.47424
L,0,1,1,2,66596,633876183
L,1,0,1,0,89133,633876183
L,1,1,1,2,9644,633876183
L,3,0,1,0,34211,633876183
L,2,1,1,2,66732,633887294
L,0,0,0,0,89208,633914558
Q,633941639,0,1.78028,-1.56376,1.53036
Q,633941639,1,1.39019,-2.63682,0.17568
Q,633941639,2,1.67429,-1.54992,1.29158
Q,633941639,3,1.76803,-1.56954,1.57016
L,3,1,0,3,9486,633975968
L,3,1,1,3,66744,633975968
L,2,1,0,3,9684,633977143
L,0,1,0,2,9359,633989274
L,1,0,0,1,33728,633999011
L,2,0,0,1,34099,634014010
L,1,1,0,3,66177,634035280
L,3,0,0,0,89373,634037855
Q,634041817,0,1.78028,-1.56376,1.53036
Q,634041817,1,1.41307,-2.67411,0.12163
Q,634041817,2,1.72144,-1.51030,1.37710
Q,634041817,3,1.79249,-1.51363,1.59882
L,0,0,1,0,33458,634076051
L,3,0,1,1,33708,634126534
L,2,0,1,1,89166,634137379
Q,634142079,0,1.79815,-1.57827,1.51122
Q,634142079,1,1.44149,-2.72588,0.05464
Q,634142079,2,1.72144,-1.51030,1.37710
Q,634142079,3,1.84013,-1.48584,1.60017
L,0,1,1,3,66226,634176084
L,2,1,1,3,66406,634176084
L,1,1,1,3,9410,634181314
L,1,0,1,0,88855,634209204
L,0,0,0,0,89032,634213989
Q,634242315,0,1.83023,-1.51704,1.55671
Q,634242315,1,1.46591,-2.76963,-0.00291
Q,634242315,2,1.75655,-1.53951,1.33396
Q,634242315,3,1.84573,-1.48966,1.59459
L,0,1,0,2,9166,634276460
L,3,1,0,2,9243,634276460
L,3,1,1,2,66577,634276460
L,1,0,0,1,33408,634277344
L,1,1,0,3,66161,634290338
L,3,0,0,1,89366,634299161
Q,634342627,0,1.86440,-1.41959,1.63420
Q,634342627,1,1.46591,-2.76963,-0.00291
Q,634342627,2,1.76478,-1.54572,1.32351
Q,634342627,3,1.84573,-1.48966,1.59459
L,2,0,0,1,33704,634376239
L,2,1,0,3,9428,634376239
L,0,0,1,0,33120,634388304
L,2,0,1,0,89197,634403810
L,0,1,1,3,66434,634438701
L,1,1,1,3,9283,634441538
Q,634442899,0,1.86440,-1.41959,1.63420
Q,634442899,2,1.77261,-1.54982,1.31266
Q,634442899,3,1.86145,-1.48932,1.57987
L,0,0,0,0,89057,634476172
L,1,0,1,0,88867,634476172
L,2,1,1,3,66631,634476172
L,0,1,0,2,9041,634527222
Q,634542927,0,1.86440,-1.41959,1.63420
Q,634542927,3,1.87165,-1.48288,1.57120
L,1,0,0,1,33082,634575682
L,1,1,0,2,66535,634575682
L,3,1,0,2,9091,634575682
L,3,1,1,2,66923,634575682
L,3,0,1,0,33242,634586390
L,2,0,0,0,33363,634632395
Q,634643034,0,1.89038,-1.41668,1.60940
Q,634643034,3,1.88684,-1.38482,1.62110
L,2,1,0,2,9238,634675684
L,3,0,0,1,89386,634679266
L,0,0,1,1,32749,634680162
L,1,1,1,2,9128,634699773
L,0,0,0,0,89094,634734029
Q,634743087,0,1.90753,-1.41076,1.59386
Q,634743087,2,1.82177,-1.47994,1.36727
Q,634743087,3,1.89097,-1.37913,1.61739
L,2,1,1,2,66987,634776353
L,2,0,1,0,89236,634817433
L,1,1,0,3,66707,634831732
L,0,1,1,3,66844,634837983
Q,634843166,1,1.66142,-2.38557,0.33333
Q,634843166,2,1.83305,-1.47236,1.34924
Q,634843166,3,1.89506,-1.37334,1.61386
L,0,1,0,2,8806,634876183
L,3,1,0,3,8895,634876183
L,3,0,1,0,32989,634876183
L,2,0,0,1,33154,634908892
L,2,1,0,3,9123,634934585
Q,634943196,1,1.75754,-2.07379,0.64978
Q,634943196,2,1.83305,-1.47236,1.34924
Q,634943196,3,1.90840,-1.29564,1.64258
L,0,0,1,0,32603,634976637
L,1,0,1,0,88920,634976637
L,3,1,1,3,67127,635002663
Q,635043536,0,1.93816,-1.28563,1.64607
Q,635043536,1,1.76902,-2.07376,0.63220
Q,635043536,2,1.84270,-1.46692,1.33482
Q,635043536,3,1.91548,-1.26687,1.65119
L,0,0,0,0,89102,635077577
L,1,0,0,0,32723,635077577
L,3,0,0,0,89401,635077577
L,2,0,1,0,89203,635081771
L,1,1,0,2,66620,635087542
L,1,1,1,3,8987,635099532
L,2,1,1,3,66909,635121595
L,3,0,1,1,32921,635129726
Q,635143629,0,1.94563,-1.28349,1.63911
Q,635143629,1,1.77357,-2.07479,0.62525
Q,635143629,2,1.86828,-1.40852,1.40505
Q,635143629,3,1.91866,-1.26479,1.64815
L,0,1,0,3,8746,635177423
L,0,1,1,3,66763,635177423
L,3,1,0,3,8828,635177423
L,2,1,0,3,9033,635192991
L,2,0,0,0,33093,635209584
L,0,0,1,1,32586,635240840
Q,635243780,0,1.94563,-1.28349,1.63911
Q,635243780,1,1.77921,-2.07656,0.61666
Q,635243780,2,1.86964,-1.40799,1.40329
Q,635243780,3,1.92125,-1.26301,1.64570
L,3,1,1,2,67098,635300172
L,0,0,0,1,89185,635334855
L,2,0,1,1,89322,635338837
Q,635343882,0,1.94818,-1.28218,1.63676
Q,635343882,1,1.82538,-1.85818,0.88143
Q,635343882,2,1.87011,-1.40642,1.40243
Q,635343882,3,1.92336,-1.24351,1.65838
L,1,0,0,0,32848,635377704
L,1,0,1,0,89009,635377704
L,1,1,1,2,66629,635377704
L,3,0,1,0,33054,635385599
L,2,1,1,3,66914,635403855
Q,635444057,0,1.94818,-1.28218,1.63676
Q,635444057,1,1.84498,-1.91528,0.85421
Q,635444057,2,1.86908,-1.40627,1.40368
Q,635444057,3,1.92230,-1.23020,1.67056
L,0,1,0,2,8791,635478044
L,0,1,1,2,66743,635478044
L,3,1,0,3,8866,635489217
L,2,1,0,3,9073,635494607
L,0,0,1,1,32704,635497468
L,1,1,0,3,8998,635503491
Q,635544128,1,1.87273,-1.99852,0.82180
Q,635544128,2,1.86726,-1.40729,1.40609
Q,635544128,3,1.92288,-1.21203,1.68759
L,2,0,0,0,33256,635577776
L,3,1,1,2,67030,635577776
L,2,0,1,1,89301,635599091
L,0,0,0,1,89160,635629647
L,3,0,0,1,89460,635634703
Q,635644317,0,1.95251,-1.24652,1.66518
Q,635644317,1,1.91648,-1.87549,1.01603
Q,635644317,3,1.92376,-1.20566,1.69280
L,1,0,0,0,32957,635677709
L,1,0,1,0,88969,635677709
L,1,1,1,3,66588,635677709
L,2,1,1,2,66891,635677709
L,3,0,1,0,33170,635677709
Q,635744357,0,1.95442,-1.22483,1.68305
Q,635744357,1,1.92797,-1.91463,1.01148
Q,635744357,2,1.87904,-1.36849,1.46996
Q,635744357,3,1.92269,-1.20630,1.69387
L,0,0,1,1,32831,635778452
L,0,1,1,2,66748,635778452
L,1,1,0,2,9119,635778452
L,3,1,0,3,9000,635778452
L,0,1,0,2,8906,635804259
L,2,1,0,2,9223,635812087
Q,635844363,0,1.95285,-1.21857,1.69100
Q,635844363,1,1.92960,-1.92222,1.01194
Q,635844363,2,1.88751,-1.33885,1.52011
Q,635844363,3,1.91901,-1.20748,1.69748
L,2,0,0,1,33407,635878949
L,2,0,1,1,89295,635878949
L,0,0,0,0,89191,635891218
L,3,0,0,1,89492,635915105
L,3,1,1,2,67069,635938543
L,3,0,1,0,33265,635943618
Q,635944657,0,1.95273,-1.21342,1.69611
Q,635944657,1,1.96285,-1.69953,1.28196
Q,635944657,2,1.88576,-1.33917,1.52213
Q,635944657,3,1.91684,-1.20784,1.69961
L,1,0,0,0,33055,635978395
L,1,1,1,2,66597,635978395
L,2,1,1,2,66906,635978395
L,1,1,0,2,9142,636037045
L,0,0,1,1,32906,636040752
Q,636044797,0,1.95246,-1.20398,1.70695
Q,636044797,1,1.97382,-1.63374,1.37198
Q,636044797,2,1.88241,-1.33973,1.52601
Q,636044797,3,1.91684,-1.20784,1.69961
L,2,1,0,2,9249,636078880
L,3,1,0,2,9024,636078880
L,1,0,1,1,88987,636123277
L,2,0,1,1,89290,636137320
Q,636145088,0,1.95279,-1.20228,1.70892
Q,636145088,1,1.97382,-1.63374,1.37198
Q,636145088,2,1.88241,-1.33973,1.52601
Q,636145088,3,1.91517,-1.20726,1.70424
L,0,0,0,1,89178,636179020
L,3,0,0,1,89485,636179020
L,2,0,0,1,33437,636186149
L,3,1,1,3,66980,636193887
L,0,1,0,2,8922,636203196
L,3,0,1,0,33277,636207889
L,1,0,0,0,33044,636236527
L,1,1,1,3,66498,636244252
Q,636245202,0,1.95221,-1.20341,1.71245
Q,636245202,1,1.98288,-1.58147,1.44076
Q,636245202,2,1.88061,-1.34183,1.52841
Q,636245202,3,1.91383,-1.20997,1.70579
L,0,1,1,3,66657,636279231
L,2,1,1,3,66794,636279231
L,0,0,1,0,32874,636302969
Q,636345295,0,1.95227,-1.20653,1.71266
Q,636345295,1,1.98445,-1.58939,1.44221
Q,636345295,3,1.91493,-1.20720,1.71105
L,1,0,1,0,88946,636378622
L,2,1,0,3,9221,636378622
L,2,0,1,0,89246,636398980
L,3,0,0,0,89441,636440069
L,2,0,0,0,33362,636443390
Q,636445483,0,1.95310,-1.20619,1.71544
Q,636445483,1,1.99265,-1.54894,1.49566
Q,636445483,2,1.88880,-1.32194,1.56874
Q,636445483,3,1.91547,-1.20575,1.71362
L,0,1,0,3,8880,636479229
L,3,0,1,0,33198,636479229
L,3,1,1,3,66887,636479229
L,1,0,0,0,32947,636515596
Q,636545666,0,1.95581,-1.20981,1.71321
Q,636545666,1,1.99957,-1.51591,1.53797
Q,636545666,2,1.89617,-1.30525,1.60031
Q,636545666,3,1.91621,-1.20743,1.71307
L,2,1,1,2,66688,636580190
L,3,1,0,2,8968,636580190
L,0,0,1,1,32758,636600936
L,0,1,1,3,66539,636612243
L,1,1,0,3,9077,636633709
Q,636645966,0,1.95810,-1.20877,1.71601
Q,636645966,1,2.00214,-1.51951,1.53624
Q,636645966,2,1.89617,-1.30525,1.60031
Q,636645966,3,1.91873,-1.21077,1.71096
L,1,0,1,0,88864,636680492
L,2,1,0,2,9176,636680492
L,2,0,1,0,89168,636680492
L,1,1,1,2,66367,636689183
L,3,0,0,1,89365,636698422
L,2,0,0,0,33258,636730309
L,3,1,1,2,66812,636736817
Q,636746067,0,1.95949,-1.20971,1.71479
Q,636746067,1,2.00851,-1.49242,1.56998
Q,636746067,2,1.90197,-1.31198,1.59506
Q,636746067,3,1.92118,-1.21321,1.70882
L,0,1,0,2,8854,636779888
L,1,0,0,0,32858,636779888
L,3,0,1,0,33098,636779888
L,0,0,0,0,89035,636831956
Q,636846298,0,1.96079,-1.21048,1.71364
Q,636846298,1,2.01407,-1.47106,1.59640
Q,636846298,2,1.90324,-1.31303,1.59384
Q,636846298,3,1.92511,-1.21604,1.70530
L,0,1,1,3,66511,636880090
L,2,1,1,3,66646,636914231
L,0,0,1,0,32682,636921147
L,1,1,1,2,66352,636942272
L,1,0,1,0,88815,636945445
Q,636946514,0,1.96152,-1.20771,1.71783
Q,636946514,1,2.01745,-1.47352,1.59328
Q,636946514,2,1.90474,-1.31391,1.59236
L,1,1,0,3,9065,636980426
L,2,1,0,2,9177,636980426
L,3,0,0,0,89316,636980426
L,3,1,0,2,8958,636980426
L,2,0,0,1,33211,636990098
L,3,1,1,3,66811,637013966
L,2,0,1,0,89110,637018524
L,1,0,0,0,32816,637032424
L,0,1,0,3,8842,637038184
Q,637046553,0,1.96519,-1.20639,1.71848
Q,637046553,1,2.01999,-1.47518,1.59088
L,0,0,0,0,89015,637091493
L,3,0,1,0,33035,637124795
L,0,1,1,3,66479,637145165
Q,637146643,0,1.96519,-1.20639,1.71848
Q,637146643,1,2.02108,-1.47595,1.58987
L,1,0,1,1,32802,637216836
L,1,1,1,2,66324,637222367
L,1,1,0,3,9057,637231297
L,2,1,1,2,66620,637233223
L,3,0,0,1,89304,637235410
L,0,0,1,1,32652,637240943
L,2,1,0,3,9163,637244796
Q,637246749,0,1.96766,-1.20778,1.71630
Q,637246749,1,2.02282,-1.47732,1.58831
Q,637246749,3,1.93239,-1.21564,1.70510
L,3,1,1,3,66788,637280411
L,2,0,1,1,89093,637296069
L,0,1,0,3,8847,637299654
L,2,0,0,1,33200,637326064
L,3,1,0,3,8950,637341787
Q,637346813,0,1.96766,-1.20778,1.71630
Q,637346813,3,1.93370,-1.21340,1.70871
L,0,0,0,1,89008,637380159
L,1,0,0,0,32817,637380159
L,3,0,1,0,33046,637380159
Q,637446836,0,1.96942,-1.20883,1.71474
Q,637446836,3,1.93388,-1.21346,1.70854
L,0,1,1,2,66486,637479411
L,3,0,0,0,89298,637498034
L,0,0,1,1,32681,637498977
L,1,1,0,3,9086,637511621
L,2,1,1,3,66627,637514006
L,1,1,1,3,66334,637519972
L,2,1,0,3,9194,637525878
Q,637547020,0,1.97042,-1.20765,1.71719
Q,637547020,2,1.91721,-1.30133,1.61346
Q,637547020,3,1.93387,-1.21365,1.70858
L,1,0,1,0,32844,637580911
L,2,0,0,0,33225,637580911
L,2,0,1,1,89084,637580911
L,0,1,0,2,8890,637637240
L,3,1,0,2,8990,637642750
L,3,0,1,0,33083,637646372
Q,637647189,0,1.97087,-1.20644,1.71923
Q,637647189,2,1.91732,-1.30139,1.61335
Q,637647189,3,1.93366,-1.21370,1.70878
L,0,0,0,1,88989,637680618
L,3,1,1,2,66815,637680618
Q,637747264,0,1.97087,-1.20644,1.71923
Q,637747264,2,1.92142,-1.28771,1.63476
Q,637747264,3,1.93351,-1.21321,1.70888
L,0,0,1,1,32719,637781126
L,0,1,1,3,66537,637781126
L,1,1,0,3,66384,637781126
L,2,1,1,3,66679,637781126
L,1,1,1,3,9135,637791135
L,3,0,0,1,89281,637795022
L,2,1,0,2,9251,637825301
L,1,0,0,0,88772,637842599
Q,637847287,0,1.97097,-1.20504,1.71975
Q,637847287,2,1.92152,-1.28724,1.63460
L,1,0,1,0,88772,637880055
L,2,0,0,1,33271,637880055
L,3,1,0,2,9049,637898577
L,3,0,1,1,33116,637903858
L,0,1,0,3,8945,637937032
Q,637947291,0,1.97105,-1.20434,1.71960
Q,637947291,2,1.92145,-1.28600,1.63452
L,0,0,0,0,88959,637980006
L,2,0,1,0,89050,637980006
L,3,1,1,3,66875,637980006
L,0,1,1,2,66568,638042324
Q,638047436,0,1.97094,-1.20374,1.71924
Q,638047436,2,1.92452,-1.27537,1.64966
L,1,1,0,3,66413,638080715
L,1,1,1,2,9177,638080715
L,2,1,1,3,66713,638080715
L,3,0,0,0,89238,638080715
L,2,1,0,2,9289,638084456
L,1,0,0,0,32889,638095628
L,0,0,1,0,32733,638099811
L,1,0,1,0,88723,638144315
Q,638147495,0,1.97094,-1.20374,1.71924
Q,638147495,2,1.92492,-1.27515,1.64923
L,3,1,0,2,9068,638180207
L,3,0,1,0,33108,638180207
L,2,0,0,0,33259,638189442
L,0,0,0,0,88913,638230773
L,0,1,0,3,8952,638235955
Q,638247592,0,1.97233,-1.20311,1.71765
Q,638247592,2,1.92579,-1.27561,1.64841
Q,638247592,3,1.93385,-1.20958,1.70914
L,3,1,1,2,66823,638281069
L,2,0,1,1,88999,638298792
L,0,1,1,3,66508,638302793
L,2,1,1,3,66648,638333476
L,1,1,0,3,66348,638338120
L,2,1,0,3,9260,638340548
Q,638347751,0,1.97257,-1.20199,1.71915
Q,638347751,2,1.92695,-1.27633,1.64731
Q,638347751,3,1.93653,-1.20958,1.70886
L,1,0,0,1,32822,638381799
L,1,0,1,0,88684,638403457
L,3,0,0,0,89187,638414043
L,3,1,0,2,9037,638437564
L,0,0,1,0,32658,638439799
L,3,0,1,0,33039,638444689
L,2,0,0,0,33195,638446952
Q,638447773,0,1.97337,-1.20121,1.71936
Q,638447773,2,1.92849,-1.27744,1.64589
Q,638447773,3,1.93748,-1.20861,1.70976
L,0,0,0,0,88875,638480864
L,1,1,1,3,9162,638480864
L,0,1,0,3,8958,638516022
L,3,1,1,3,66789,638531407
Q,638547838,0,1.97663,-1.20156,1.71791
Q,638547838,3,1.93870,-1.20790,1.71021
L,2,1,1,2,66627,638592658
Q,638647966,0,1.97749,-1.20162,1.71744
Q,638647966,3,1.93974,-1.20834,1.70926
L,0,1,1,3,66490,638681157
L,3,0,0,1,89119,638681157
L,2,0,1,1,88910,638694589
L,0,0,1,0,32667,638696713
L,1,1,0,2,66335,638699197
L,3,1,0,3,9093,638721397
L,1,0,1,1,88611,638741916
L,2,1,0,3,9315,638743916
Q,638748111,0,1.97827,-1.20154,1.71674
Q,638748111,3,1.94072,-1.20799,1.70907
L,0,1,0,2,8996,638781460
L,1,0,0,1,32824,638781460
L,1,1,1,2,9207,638781460
L,3,0,1,1,33057,638781460
L,2,0,0,0,33213,638788649
L,0,0,0,1,88815,638846560
Q,638848169,0,1.97891,-1.20180,1.71617
Q,638848169,3,1.94178,-1.20831,1.70809
L,2,1,1,2,66657,638881383
L,3,1,1,3,66829,638889599
Q,638948350,0,1.97925,-1.20188,1.71459
Q,638948350,2,1.93551,-1.27219,1.65275
Q,638948350,3,1.94208,-1.20798,1.70777
L,0,1,1,2,66561,638982418
L,1,1,0,2,66413,638982418
L,2,0,1,0,88878,638982418
L,3,0,0,0,89073,638995408
L,2,1,0,2,9429,638999585
L,1,0,1,1,88573,639004278
L,3,1,0,2,9235,639038056
L,0,0,1,1,32790,639039256
L,3,0,1,1,33169,639044496
Q,639048392,0,1.97883,-1.20245,1.71243
Q,639048392,2,1.93687,-1.26622,1.66073
Q,639048392,3,1.94200,-1.20730,1.70778
L,0,1,0,2,9133,639082029
L,1,0,0,1,32962,639082029
L,2,0,0,1,33344,639084117
L,0,0,0,0,88743,639107404
L,1,1,1,2,9410,639131100
L,2,1,1,2,66776,639133606
L,3,1,1,3,66961,639146248
Q,639148697,0,1.97792,-1.20279,1.70901
Q,639148697,1,2.03511,-1.46213,1.59668
Q,639148697,2,1.93654,-1.26509,1.66093
Q,639148697,3,1.94107,-1.20715,1.70478
Q,639248764,0,1.97677,-1.20181,1.70323
Q,639248764,1,2.03457,-1.45927,1.59615
Q,639248764,2,1.93609,-1.26236,1.66110
Q,639248764,3,1.94110,-1.20606,1.70465
L,0,1,1,2,66801,639283275
L,1,0,1,0,88347,639283275
L,3,0,0,1,88891,639283275
L,0,0,1,0,33031,639295807
L,3,1,0,3,9618,639299305
L,2,0,1,0,88616,639314243
L,2,1,0,3,9862,639321396
L,3,0,1,0,33422,639322739
Q,639348817,0,1.97554,-1.20652,1.69584
Q,639348817,1,2.03480,-1.45795,1.59534
Q,639348817,2,1.93651,-1.26056,1.66050
Q,639348817,3,1.94110,-1.20606,1.70465
L,0,0,0,0,88516,639383889
L,1,1,0,3,66754,639383889
L,1,1,1,2,9839,639383889
L,2,0,0,0,33617,639383889
L,2,1,1,3,67035,639383889
L,3,1,1,2,67324,639407435
L,1,0,0,1,33285,639411347
Q,639448937,0,1.97554,-1.20652,1.69584
Q,639448937,1,2.03437,-1.45500,1.59468
Q,639448937,2,1.93714,-1.25469,1.65936
Q,639448937,3,1.94185,-1.20347,1.70372
Q,639549009,0,1.97173,-1.19692,1.68059
Q,639549009,1,2.03201,-1.44041,1.59442
Q,639549009,3,1.93848,-1.20529,1.68824
L,0,0,1,1,33209,639582408
L,0,1,1,3,67205,639582408
L,2,0,1,1,88578,639582408
L,3,0,0,1,88766,639582408
L,3,1,0,3,9886,639582408
L,3,0,1,1,33564,639582408
L,1,0,1,1,88290,639600571
L,0,1,0,3,9810,639632144
L,1,1,0,3,67090,639634134
L,2,0,0,1,33747,639642438
L,1,1,1,3,10032,639648092
Q,639649134,0,1.96904,-1.19971,1.66646
Q,639649134,1,2.03008,-1.43030,1.59232
Q,639649134,3,1.93698,-1.19444,1.68868
L,2,1,1,3,67395,639682200
L,2,1,0,3,10164,639682913
L,1,0,0,0,33415,639729876
L,3,1,1,3,67560,639748245
Q,639749331,0,1.96368,-1.19803,1.64426
Q,639749331,1,2.03008,-1.43030,1.59232
Q,639749331,3,1.93306,-1.19513,1.67094
L,0,0,0,0,88464,639782957
L,3,1,0,2,9994,639838297
L,3,0,1,1,33645,639844259
Q,639849547,0,1.96368,-1.19803,1.64426
Q,639849547,1,2.03008,-1.43030,1.59232
Q,639849547,3,1.92965,-1.19550,1.65669
L,0,1,0,2,9879,639883546
L,0,0,1,0,33288,639883546
L,0,1,1,3,67284,639883546
L,2,0,1,0,88537,639883546
L,3,0,0,0,88729,639883546
L,1,1,0,2,67140,639894532
L,1,1,1,3,10105,639906822
L,1,0,1,1,88255,639921782
L,2,1,1,3,67446,639947018
Q,639949770,0,1.96192,-1.20047,1.63508
Q,639949770,1,2.03008,-1.43030,1.59232
Q,639949770,3,1.92654,-1.19373,1.64437
L,1,0,0,0,33437,639990475
L,2,1,0,3,10228,639998719
L,2,0,0,0,33791,640003963
L,3,1,1,3,67604,640006447
Q,640049876,0,1.96176,-1.19702,1.63487
Q,640049876,1,2.02940,-1.42301,1.59016
Q,640049876,3,1.92433,-1.19634,1.63396
L,0,0,0,0,88419,640084170
L,3,1,0,3,9985,640118591
L,3,0,1,1,33576,640125174
L,2,0,1,1,88507,640134567
L,3,0,0,1,88683,640136557
L,0,0,1,0,33217,640139038
Q,640149893,0,1.96038,-1.19831,1.62784
Q,640149893,3,1.92498,-1.19412,1.63308
L,0,1,0,2,9876,640183101
L,1,0,1,1,88178,640183101
L,1,1,1,2,10104,640183101
L,1,1,0,3,67118,640212635
L,2,1,1,3,67413,640230364
Q,640249930,0,1.96275,-1.19414,1.62504
Q,640249930,3,1.92498,-1.19412,1.63308
L,2,1,0,3,10221,640283090
L,2,0,0,0,33680,640304701
L,1,0,0,0,33344,640329722
L,0,0,0,0,88249,640341391
Q,640350059,0,1.96501,-1.19232,1.61636
Q,640350059,3,1.92763,-1.19315,1.63031
L,3,0,1,0,33523,640383713
L,3,0,0,0,88531,640390961
L,2,0,1,0,88363,640396355
L,0,1,1,3,67256,640400478
L,3,1,1,3,67556,640408295
L,0,0,1,0,33195,640439074
L,1,1,1,2,10208,640441239
Q,640450154,0,1.96939,-1.19001,1.61182
Q,640450154,3,1.92603,-1.19376,1.62297
L,2,1,1,2,67431,640489042
L,0,1,0,3,10034,640530585
Q,640550298,0,1.97035,-1.18968,1.61084
Q,640550298,3,1.92603,-1.19376,1.62297
L,1,0,0,1,33401,640583164
L,1,1,0,2,67099,640583164
L,2,0,0,1,33747,640583164
L,2,1,0,2,10369,640583164
L,0,0,0,1,88154,640628666
Q,640650455,0,1.97092,-1.19015,1.61032
Q,640650455,3,1.93040,-1.19323,1.61849
L,0,1,1,2,67190,640683203
L,3,0,0,1,88430,640683203
L,3,1,1,2,67474,640687204
L,2,0,1,1,88244,640693650
L,1,1,1,3,10290,640700282
L,0,0,1,1,33266,640716810
L,1,0,1,1,87946,640718681
L,2,1,1,3,67299,640743464
Q,640750632,0,1.97131,-1.19138,1.61004
Q,640750632,3,1.93181,-1.19390,1.61713
L,3,0,1,1,33618,640784631
L,1,0,0,1,33423,640848306
Q,640850786,0,1.97107,-1.19622,1.60475
Q,640850786,3,1.93305,-1.19510,1.61601
L,2,0,0,1,33770,640883947
L,3,1,0,2,10196,640883947
L,0,0,0,0,88119,640887679
L,2,1,0,2,10407,640895925
L,0,1,1,3,67160,640937514
Q,640950897,0,1.97063,-1.19901,1.60057
L,0,1,0,2,10085,640983199
L,0,0,1,0,33262,640983199
L,1,0,1,1,87939,640983199
L,2,0,1,1,88231,640983199
L,3,1,1,2,67459,640999461
L,2,1,1,3,67315,641019168
L,1,1,1,3,10293,641027764
L,3,0,0,1,88408,641032689
Q,641050943,0,1.97063,-1.19901,1.60057
L,3,0,1,1,33596,641083524
L,1,1,0,2,67017,641127966
L,2,0,0,1,33742,641145584
Q,641151084,0,1.97178,-1.19994,1.59951
Q,641151084,3,1.93391,-1.19869,1.60733
L,0,0,0,0,88101,641187887
L,0,1,1,2,67149,641196583
L,2,1,0,2,10388,641216954
L,2,0,1,1,88207,641236161
L,1,0,0,1,33371,641249972
Q,641251188,0,1.97242,-1.20050,1.59892
Q,641251188,3,1.93504,-1.19905,1.60622
L,1,1,1,3,10278,641283702
L,2,1,1,3,67285,641283702
L,3,0,0,0,88386,641283702
L,3,1,1,3,67431,641283702
L,0,1,0,3,10070,641312667
L,3,1,0,3,10173,641335496
Q,641351319,0,1.97471,-1.20151,1.59674
Q,641351319,3,1.93632,-1.19969,1.60499
Q,641451369,3,1.93786,-1.19997,1.60345
L,2,1,0,3,10403,641483614
L,2,0,0,0,33689,641486554
L,0,0,0,0,88052,641507281
L,1,0,0,0,33339,641509373
L,0,1,1,3,67162,641515285
L,1,0,1,0,87875,641523765
L,2,0,1,0,88164,641536431
L,3,1,1,3,67460,641542969
L,1,1,0,3,67027,641546592
Q,641551431,3,1.94043,-1.20006,1.60085
L,0,0,1,1,33171,641583997
L,2,1,1,3,67320,641583997
L,3,0,0,1,88337,641583997
L,3,0,1,1,33516,641583997
L,0,1,0,2,10073,641584810
L,1,1,1,2,67024,641647767
Q,641651471,3,1.93972,-1.20112,1.59083
Q,641751506,3,1.94209,-1.20152,1.58845
L,0,0,0,0,88018,641784209
L,1,0,0,0,33312,641784209
L,1,0,1,0,87839,641784209
L,2,1,0,2,10401,641784209
L,3,1,0,2,10190,641784209
L,2,0,0,0,33658,641784967
L,2,0,1,0,88122,641794235
L,0,1,1,2,67124,641814376
L,1,1,0,2,10287,641815958
L,3,0,0,1,88291,641836334
L,3,0,1,0,33491,641842719
L,0,1,0,2,10075,641845010
Q,641851513,3,1.94298,-1.20183,1.58757
L,0,0,1,1,33136,641883953
L,3,1,1,2,67397,641883953
L,2,1,1,2,67238,641938073
Q,641951554,3,1.94465,-1.20359,1.58322
L,1,0,0,1,33265,642047366
L,2,1,0,2,10391,642049119
L,3,1,0,2,10183,642051385
Q,642051732,3,1.94658,-1.20504,1.58139
L,0,1,1,3,67076,642084377
L,1,1,0,3,10279,642084377
L,2,0,1,1,88069,642084377
L,1,0,1,1,87783,642098873
L,0,0,0,1,87962,642105297
L,1,1,1,3,66936,642107432
L,3,1,1,3,67358,642142965
Q,642151746,0,1.98529,-1.20466,1.58493
Q,642151746,3,1.94723,-1.20515,1.57953
L,0,1,0,2,10059,642184949
L,3,0,0,1,88249,642184949
L,2,1,1,2,67205,642197977
Q,642251831,0,1.98623,-1.20512,1.58337
Q,642251831,3,1.94716,-1.20482,1.57933
L,3,0,1,0,33433,642284982
L,2,0,0,0,33586,642301624
L,1,0,0,1,33238,642307040
L,2,1,0,2,10363,642351750
Q,642352227,0,1.98708,-1.20574,1.58236
Q,642352227,3,1.94808,-1.20571,1.57848
L,1,0,1,0,87770,642385399
L,3,1,0,2,10149,642385399
L,0,0,0,0,87949,642386572
L,0,1,1,2,67015,642392836
L,1,1,0,3,10248,642395060
L,3,1,1,2,67307,642398739
L,1,1,1,3,66874,642406521
Q,642452309,0,1.98765,-1.20653,1.58187
Q,642452309,3,1.94960,-1.20740,1.57711
L,0,0,1,0,33062,642484907
L,2,0,1,0,88061,642484907
L,2,1,1,2,67155,642484907
L,3,0,0,0,88236,642492572
L,0,1,0,2,10028,642503556
Q,642552324,0,1.98765,-1.20653,1.58187
Q,642552324,3,1.95144,-1.20949,1.57545
L,3,0,1,1,33398,642584931
L,1,0,0,1,33203,642627026
L,0,0,0,1,87930,642642745
L,2,0,0,1,33550,642647356
L,0,1,1,3,67003,642651209
Q,642652398,0,1.98834,-1.20723,1.58125
Q,642652398,3,1.95252,-1.21022,1.57443
L,2,1,0,3,10343,642685135
L,1,1,0,2,10228,642693980
L,1,0,1,0,87753,642716709
L,3,1,1,2,67294,642720624
L,3,1,0,2,10117,642726871
L,1,1,1,2,66869,642744204
Q,642752432,0,1.98992,-1.20816,1.57976
L,0,1,0,3,10003,642784590
L,3,0,0,0,88223,642784590
L,2,1,1,3,67166,642801863
L,0,0,1,0,33001,642814432
Q,642852464,2,1.96273,-1.24132,1.62100
L,1,0,0,1,33178,642884570
L,3,0,1,1,33326,642884570
L,0,0,0,0,87946,642906572
L,0,1,1,3,66965,642911841
L,2,0,1,0,88054,642915753
L,2,0,0,0,33501,642944607
Q,642952487,2,1.96402,-1.24138,1.61977
L,1,0,1,1,87754,642984675
L,3,1,1,2,67255,642984675
L,3,1,0,3,10020,642990273
L,1,1,0,3,10197,643012847
L,2,1,0,2,10290,643051698
Q,643052535,2,1.96494,-1.24158,1.61889
L,0,0,1,1,32961,643084661
L,2,1,1,3,67161,643084661
L,3,0,0,1,88273,643132611
L,1,0,0,1,87762,643135871
L,0,1,0,3,9919,643141635
Q,643152572,2,1.96536,-1.24168,1.61850
L,0,1,1,2,66952,643185203
L,2,0,1,1,88065,643185203
L,0,0,0,0,87971,643188242
L,1,1,1,3,66869,643203790
L,2,0,0,0,33486,643206087
Q,643252647,2,1.96582,-1.24167,1.61806
L,1,1,0,3,10176,643284789
L,3,1,1,3,67241,643284789
L,3,1,0,2,9988,643306974
L,2,1,0,2,10264,643311183
L,1,0,1,1,87774,643338637
L,2,1,1,3,67146,643340851
L,3,0,1,1,33278,643342060
L,0,0,1,1,32931,643392755
L,0,1,0,2,9885,643399921
L,3,0,0,1,88285,643434806
L,0,0,0,0,87981,643442607
L,0,1,1,2,66936,643448332
L,2,0,1,0,88074,643451097
L,2,0,0,1,33453,643484062
L,1,1,1,2,66834,643505137
L,1,1,0,2,10124,643552352
L,2,1,0,2,10228,643584093
L,3,1,1,2,67238,643584093
L,1,0,0,0,33083,643588990
L,3,0,1,0,33274,643602389
L,0,1,0,2,9904,643684111
L,1,0,1,1,87771,643684111
L,3,1,0,3,10013,643684111
L,3,0,0,1,88245,643691564
L,0,0,0,1,87948,643705475
L,2,0,0,1,33414,643744137
L,0,1,1,3,66921,643748547
L,2,0,1,1,88043,643784127
L,2,1,1,3,67056,643784127
L,1,1,1,3,66772,643799615
L,1,1,0,3,10108,643810408
L,1,0,0,1,33051,643847968
L,0,0,1,1,32905,643884094
L,2,1,0,2,10219,643884094
L,3,0,1,0,33252,643884094
L,3,1,1,2,67210,643893152
L,1,0,1,0,87736,643935019
L,3,1,0,3,10029,643944877
L,3,0,0,0,88202,643951083
L,0,0,0,1,87912,643984208
L,2,0,0,0,33393,644003931
Q,644052859,0,1.99795,-1.20667,1.57937
Q,644052859,2,1.96920,-1.24313,1.60856
L,1,1,1,2,66782,644085968
L,2,0,1,0,88028,644085968
L,1,0,0,0,33050,644105611
L,2,1,1,2,67060,644138423
L,0,0,1,1,32922,644149080
Q,644152995,0,1.99857,-1.20672,1.57875
Q,644152995,2,1.96878,-1.24110,1.60355
Q,644152995,3,1.96187,-1.21187,1.56960
L,1,1,0,3,10141,644187366
L,2,1,0,2,10250,644187366
L,3,0,1,1,33275,644187366
L,0,1,1,3,66932,644190919
L,3,1,1,3,67217,644197179
L,0,1,0,2,9984,644244984
L,3,0,0,0,88144,644250257
Q,644253093,0,1.99904,-1.20708,1.57832
Q,644253093,2,1.96878,-1.24110,1.60355
Q,644253093,3,1.96291,-1.21059,1.57148
L,0,0,0,0,87861,644287673
L,2,0,0,0,33429,644304032
L,3,1,0,2,10110,644306540
L,1,0,1,0,87695,644317434
L,1,1,1,3,66739,644339724
Q,644353405,0,1.99949,-1.20751,1.57792
Q,644353405,1,2.06928,-1.42764,1.55038
Q,644353405,2,1.96875,-1.24093,1.59943
Q,644353405,3,1.96317,-1.21092,1.57125
L,1,0,0,0,33068,644407236
L,0,0,1,0,32947,644412505
L,2,1,1,2,67003,644415956
L,2,0,1,0,87981,644433259
L,3,0,1,1,33303,644440873
L,0,1,1,3,66893,644450769
Q,644453502,0,1.99980,-1.20641,1.58006
Q,644453502,1,2.07007,-1.42967,1.55021
Q,644453502,2,1.96785,-1.23901,1.59517
Q,644453502,3,1.96339,-1.21157,1.57110
L,2,1,0,2,10254,644487833
L,3,1,1,3,67172,644487833
L,0,1,0,3,9970,644496802
L,1,1,0,2,10126,644530977
Q,644553617,0,2.00026,-1.20760,1.57973
Q,644553617,1,2.06939,-1.42277,1.55328
Q,644553617,2,1.96824,-1.24004,1.59346
Q,644553617,3,1.96344,-1.21293,1.57121
L,1,0,1,0,87719,644588234
L,2,0,0,0,33415,644588234
L,3,1,0,3,10072,644588234
L,3,0,0,0,88168,644610034
L,1,1,1,2,66745,644617925
L,0,0,0,1,87881,644623814
Q,644653835,0,2.00060,-1.20801,1.57943
Q,644653835,1,2.07074,-1.42613,1.55298
Q,644653835,2,1.96856,-1.24051,1.59318
Q,644653835,3,1.96368,-1.21303,1.57098
L,0,0,1,1,32919,644687914
L,2,0,1,1,87990,644687914
L,2,1,1,3,67021,644687914
L,3,0,1,0,33290,644741077
L,2,1,0,2,10290,644746381
Q,644754099,0,2.00130,-1.20854,1.57879
Q,644754099,1,2.07203,-1.42768,1.55206
Q,644754099,2,1.96947,-1.24135,1.59234
Q,644754099,3,1.96432,-1.21191,1.57372
L,0,1,1,2,66936,644788185
L,1,0,0,0,33079,644788185
L,1,1,0,2,10193,644788185
L,3,1,1,2,67208,644788185
L,0,1,0,3,10023,644835341
L,2,0,0,0,33433,644838885
L,3,1,0,3,10137,644840614
Q,644854315,0,2.00130,-1.20854,1.57879
Q,644854315,1,2.07330,-1.42781,1.55061
Q,644854315,2,1.96947,-1.24135,1.59234
Q,644854315,3,1.96489,-1.21140,1.57307
L,0,0,0,1,87822,644887992
L,1,1,1,2,66838,644887992
L,2,0,1,1,87937,644947381
L,3,0,0,1,88106,644949854
L,0,0,1,0,32924,644951572
Q,644954643,0,2.00147,-1.20537,1.57694
Q,644954643,1,2.07200,-1.42198,1.55077
Q,644954643,2,1.97022,-1.23965,1.59145
Q,644954643,3,1.96547,-1.20819,1.57194
L,2,1,1,3,67197,644988343
L,3,0,1,1,33244,645000618
L,2,1,0,3,10300,645024941
L,0,1,1,2,67087,645042833
L,1,0,0,0,33005,645048892
Q,645054867,0,2.00363,-1.20032,1.57427
Q,645054867,1,2.07079,-1.41558,1.55195
Q,645054867,2,1.97063,-1.23455,1.58398
Q,645054867,3,1.96743,-1.20308,1.56939
L,1,1,0,2,10120,645092724
Q,645155019,0,2.00363,-1.20032,1.57427
Q,645155019,1,2.06969,-1.40110,1.55180
Q,645155019,2,1.97056,-1.22889,1.58014
Q,645155019,3,1.96768,-1.19832,1.56781
L,0,0,0,0,87923,645188786
L,0,1,0,3,9850,645188786
L,1,1,1,3,66973,645188786
L,1,0,1,0,87783,645200518
L,2,0,1,0,88071,645211883
L,3,1,1,3,67419,645214628
L,2,1,1,3,67286,645255148
Q,645255148,0,2.00591,-1.18976,1.57281
Q,645255148,1,2.07012,-1.39318,1.55087
Q,645255148,2,1.97175,-1.21998,1.57717
Q,645255148,3,1.96738,-1.18986,1.56923
L,2,0,0,0,33171,645289358
L,2,1,0,3,10076,645289358
L,3,0,0,0,88261,645289358
L,3,0,1,0,33008,645289358
L,0,0,1,0,32655,645292089
L,1,0,0,0,32808,645309489
Q,645355302,0,2.00788,-1.18077,1.57192
Q,645355302,1,2.07093,-1.38488,1.55059
Q,645355302,2,1.97396,-1.21406,1.57444
Q,645355302,3,1.96997,-1.18524,1.56605
L,0,1,1,3,67142,645428829
L,0,0,0,0,87994,645444842
Q,645455459,0,2.00874,-1.17905,1.57092
Q,645455459,1,2.07419,-1.38198,1.54530
Q,645455459,2,1.97396,-1.21406,1.57444
Q,645455459,3,1.97218,-1.17632,1.56516
L,0,1,0,3,9701,645489311
L,1,1,0,3,9898,645489311
L,1,0,1,1,87836,645489311
L,1,1,1,3,67015,645489311
L,2,1,1,2,67313,645514351
L,2,0,0,1,33105,645541150
L,3,0,1,1,32943,645542591
L,2,0,1,1,88118,645551257
L,3,1,1,2,67457,645553975
Q,645555674,0,2.00978,-1.17750,1.56977
Q,645555674,1,2.07463,-1.37440,1.54606
Q,645555674,2,1.97569,-1.21082,1.57249
Q,645555674,3,1.97320,-1.17026,1.56543
L,0,0,1,0,32604,645589336
L,1,0,0,0,32767,645589336
L,2,1,0,2,10016,645589336
L,3,0,0,1,88272,645589336
L,3,1,0,2,9821,645604188
Q,645655714,0,2.01064,-1.17619,1.56883
Q,645655714,1,2.07565,-1.37346,1.54441
Q,645655714,2,1.97679,-1.20862,1.57125
Q,645655714,3,1.97397,-1.16897,1.56451
L,0,1,1,2,67169,645689531
Q,645755775,0,2.01157,-1.17382,1.56774
Q,645755775,1,2.07644,-1.37269,1.54310
Q,645755775,3,1.97441,-1.16760,1.56393
L,1,1,0,2,9938,645788941
L,1,0,1,0,87828,645788941
L,1,1,1,2,67062,645788941
L,2,0,0,0,33138,645797396
L,3,0,1,0,32980,645799236
L,2,0,1,0,88117,645828327
L,2,1,0,3,10054,645841801
L,3,0,0,1,88279,645851763
Q,645855834,1,2.07549,-1.36771,1.54423
Q,645855834,3,1.97441,-1.16760,1.56393
L,0,0,1,0,32647,645888491
L,1,0,0,0,32801,645888491
L,3,1,0,3,9858,645888491
L,0,1,1,2,67226,645944924
L,0,1,0,2,9730,645952230
Q,645955908,1,2.07496,-1.36268,1.54419
Q,645955908,3,1.97408,-1.16015,1.56291
L,0,0,0,0,88034,645989159
L,2,1,1,2,67399,646032846
L,1,1,0,2,9924,646046021
Q,646056009,1,2.07429,-1.35957,1.54471
Q,646056009,3,1.97292,-1.15585,1.56249
L,1,1,1,2,67116,646088926
L,3,1,1,3,67566,646091974
L,2,1,0,3,10036,646102120
L,2,0,1,1,88188,646112717
L,1,0,1,0,87917,646122013
L,3,0,0,1,88365,646152838
L,0,0,1,0,32669,646154173
Q,646156199,0,2.00899,-1.16211,1.56798
Q,646156199,1,2.07218,-1.35288,1.54471
Q,646156199,2,1.97412,-1.19593,1.56936
Q,646156199,3,1.97137,-1.15225,1.56261
L,1,0,0,1,32822,646190542
L,2,0,0,0,33168,646190542
L,3,0,1,1,33013,646190542
L,3,1,0,3,9809,646240237
Q,646256238,0,2.00829,-1.15501,1.56579
Q,646256238,1,2.07089,-1.34873,1.54419
Q,646256238,2,1.97305,-1.19425,1.57033
Q,646256238,3,1.96977,-1.14837,1.56213
L,2,1,1,2,67501,646289995
L,0,1,0,2,9673,646311849
L,1,1,0,3,9875,646330339
L,0,1,1,3,67359,646341489
Q,646356497,0,2.00576,-1.14915,1.56656
Q,646356497,1,2.06925,-1.34629,1.54505
Q,646356497,2,1.97091,-1.18830,1.56827
Q,646356497,3,1.96759,-1.14224,1.55894
L,3,1,1,2,67683,646411944
L,0,0,1,1,32704,646413321
L,1,0,1,1,88059,646421389
L,2,1,0,2,9980,646440102
L,3,0,1,0,33055,646441490
L,0,0,0,0,88247,646444064
Q,646456509,0,2.00541,-1.14722,1.56513
Q,646456509,1,2.06860,-1.34484,1.54424
Q,646456509,2,1.96920,-1.18661,1.56986
Q,646456509,3,1.96741,-1.14164,1.55827
L,1,0,0,0,32887,646490399
L,2,0,0,1,33225,646490399
L,3,1,0,2,9763,646490399
L,1,1,1,2,67285,646494548
L,2,1,1,3,67601,646544666
Q,646556702,0,2.00500,-1.14606,1.56316
Q,646556702,1,2.06594,-1.34162,1.54596
Q,646556702,2,1.96920,-1.18661,1.56986
Q,646556702,3,1.96722,-1.14115,1.55749
L,1,1,0,3,9857,646605430
L,0,1,0,3,9646,646610993
Q,646657038,0,2.00059,-1.14240,1.56719
Q,646657038,1,2.06052,-1.33639,1.55014
Q,646657038,2,1.96288,-1.18214,1.57585
Q,646657038,3,1.96355,-1.13858,1.56096
L,0,0,1,1,32839,646691523
L,0,1,1,2,67511,646691523
L,1,0,1,0,88216,646691523
L,2,1,0,2,9984,646691523
L,3,1,1,2,67828,646691523
L,3,0,1,0,33209,646700754
L,2,0,1,0,88516,646711643
L,3,0,0,1,88721,646728949
L,2,0,0,0,33398,646740452
Q,646757288,0,1.98569,-1.13252,1.58108
Q,646757288,1,2.05423,-1.33156,1.55556
Q,646757288,2,1.95858,-1.17785,1.57275
Q,646757288,3,1.95522,-1.13278,1.56885
L,1,1,1,3,67500,646791469
L,2,1,1,3,67824,646805424
L,0,0,0,0,88541,646823740
L,1,0,0,0,33167,646850296
Q,646857412,0,1.98357,-1.13466,1.56892
Q,646857412,1,2.04702,-1.32535,1.56147
Q,646857412,2,1.95342,-1.17350,1.57760
Q,646857412,3,1.94893,-1.12923,1.56927
L,1,1,0,3,9960,646892101
L,3,1,1,2,68190,646945094
L,3,1,0,2,9934,646957474
Q,646957474,0,1.96627,-1.11973,1.58479
Q,646957474,2,1.94187,-1.16695,1.57718
Q,646957474,3,1.93829,-1.12402,1.56967
L,0,1,0,3,9820,646991674
L,0,1,1,2,67916,646991674
L,1,0,1,0,88472,646991674
L,2,0,0,0,33670,646991674
L,3,0,0,0,88904,646991674
L,3,0,1,0,33543,646991674
L,0,0,1,0,33238,647014263
L,2,1,0,2,10188,647019087
L,2,0,1,0,88784,647050269
Q,647057565,0,1.96119,-1.12076,1.58023
Q,647057565,2,1.93757,-1.17095,1.55523
Q,647057565,3,1.93077,-1.12584,1.56245
L,0,0,0,0,88752,647090927
L,1,1,1,3,67924,647090927
L,1,0,0,1,33521,647108262
Q,647157660,0,1.95092,-1.12451,1.56132
Q,647157660,2,1.93049,-1.16514,1.56199
Q,647157660,3,1.92386,-1.14260,1.52555
L,1,1,0,3,10219,647190936
L,2,1,1,3,68394,647190936
L,3,1,0,2,10194,647215860
L,3,1,1,2,68639,647226800
Q,647257765,0,1.93814,-1.13030,1.54298
Q,647257765,2,1.92469,-1.17623,1.53184
Q,647257765,3,1.92079,-1.15047,1.50902
L,0,0,1,0,33851,647291376
L,1,0,1,1,88811,647291376
L,3,0,0,1,89237,647291376
L,3,0,1,0,34093,647291376
L,0,1,1,2,68498,647297544
L,2,0,0,0,34328,647301044
L,0,1,0,3,10183,647311034
L,2,0,1,0,89116,647330822
L,2,1,0,2,10581,647336802
L,1,1,1,3,68457,647355478
Q,647357911,0,1.92534,-1.12902,1.54116
Q,647357911,1,2.01704,-1.32727,1.53914
Q,647357911,2,1.91054,-1.16736,1.54592
Q,647357911,3,1.89067,-1.13999,1.52593
L,2,1,1,2,68951,647443234
L,1,1,0,2,10634,647447546
Q,647458047,0,1.89149,-1.12169,1.55649
Q,647458047,1,2.01704,-1.32727,1.53914
Q,647458047,2,1.90603,-1.17948,1.52240
Q,647458047,3,1.87538,-1.13937,1.52490
L,0,0,0,0,89326,647491749
L,1,0,0,0,34605,647491749
L,3,1,0,3,10635,647491749
L,3,1,1,3,69229,647491749
L,0,0,1,0,34680,647554117
Q,647558078,0,1.89149,-1.12169,1.55649
Q,647558078,1,1.97181,-1.31913,1.54547
Q,647558078,2,1.86800,-1.15748,1.56106
Q,647558078,3,1.84516,-1.12326,1.55625
L,0,1,0,3,10592,647592477
L,0,1,1,3,69148,647592477
L,2,1,0,3,10980,647592477
L,1,1,1,2,69052,647615177
L,1,0,1,0,89568,647641229
L,2,0,1,0,89796,647651426
Q,647658108,0,1.86799,-1.14563,1.52494
Q,647658108,1,1.95309,-1.30766,1.56405
Q,647658108,2,1.84628,-1.16483,1.55326
Q,647658108,3,1.82688,-1.13164,1.54505
L,2,0,0,1,35587,647701718
L,3,0,1,1,35575,647739335
L,1,0,0,0,35406,647748593
L,3,0,0,1,90253,647751390
Q,647758401,0,1.82624,-1.14106,1.54614
Q,647758401,1,1.92047,-1.33907,1.52560
Q,647758401,2,1.83557,-1.19529,1.50418
Q,647758401,3,1.80539,-1.13791,1.54185
L,0,0,0,1,90167,647793326
L,2,1,1,2,69635,647793326
L,3,1,0,2,10806,647793326
L,3,1,1,2,69879,647826124
L,0,0,1,1,35500,647851566
Q,647858605,0,1.80572,-1.14899,1.54568
Q,647858605,1,1.89647,-1.32604,1.55174
Q,647858605,2,1.78652,-1.19190,1.53018
Q,647858605,3,1.80539,-1.13791,1.54185
L,0,1,1,2,69632,647893428
L,1,0,1,0,90256,647893428
L,0,1,0,3,10571,647907363
L,2,0,1,1,90539,647910922
L,2,1,0,2,10969,647936526
Q,647958770,0,1.78665,-1.14113,1.56655
Q,647958770,1,1.86884,-1.33729,1.54935
Q,647958770,2,1.77837,-1.21986,1.49498
Q,647958770,3,1.77596,-1.14918,1.54482
L,1,1,0,3,10810,647993686
L,2,0,0,0,36246,647993686
L,3,0,1,0,36102,647993686
L,1,0,0,0,35963,648006272
L,3,0,0,1,90923,648010526
L,1,1,1,3,69688,648056547
Q,648059096,0,1.74927,-1.14588,1.58480
Q,648059096,1,1.86130,-1.37615,1.50395
Q,648059096,2,1.74971,-1.22004,1.50997
Q,648059096,3,1.72911,-1.14996,1.57020
L,2,1,1,3,70059,648093069
L,3,1,1,3,70237,648093069
L,3,1,0,3,10774,648133479
L,0,0,1,0,36006,648134939
L,0,0,0,0,90887,648140573
L,0,1,1,3,70019,648158597
Q,648159219,0,1.73517,-1.14061,1.60068
Q,648159219,1,1.83450,-1.35972,1.53402
Q,648159219,2,1.72359,-1.21955,1.52203
Q,648159219,3,1.70688,-1.15820,1.57179
L,0,1,0,2,10621,648193479
L,1,0,1,0,90736,648193479
L,2,0,1,0,91067,648229113
Q,648259522,0,1.72010,-1.13347,1.61734
Q,648259522,1,1.79247,-1.33427,1.58144
Q,648259522,2,1.69578,-1.22836,1.52143
Q,648259522,3,1.66780,-1.17027,1.57322
L,1,1,0,3,10813,648294040
L,2,0,0,0,36662,648294040
L,3,0,0,1,91339,648294040
L,3,0,1,0,36515,648294040
L,2,1,0,3,10998,648295409
L,1,1,1,3,70076,648315326
L,3,1,1,2,70666,648344058
Q,648359597,0,1.69361,-1.11956,1.64634
Q,648359597,1,1.74843,-1.36136,1.56115
Q,648359597,2,1.65873,-1.22138,1.54955
Q,648359597,3,1.65566,-1.16422,1.58742
L,0,0,1,1,36329,648393421
L,1,0,0,1,36489,648393421
L,3,1,0,3,10704,648393421
L,2,1,1,3,70575,648404265
L,0,1,1,3,70462,648415507
Q,648459770,0,1.67640,-1.16574,1.58788
Q,648459770,1,1.72132,-1.34228,1.59165
Q,648459770,2,1.64004,-1.22153,1.55720
Q,648459770,3,1.63747,-1.16998,1.58645
L,1,0,1,0,91466,648493970
L,2,0,1,0,91665,648493970
Q,648559790,0,1.62663,-1.17300,1.59780
Q,648559790,1,1.71463,-1.36300,1.56655
Q,648559790,2,1.59511,-1.21192,1.58687
Q,648559790,3,1.62253,-1.16188,1.60405
L,1,1,0,3,10560,648594569
L,1,1,1,2,70575,648594569
L,2,0,0,0,37125,648594569
L,3,1,1,3,71119,648594569
L,3,0,0,0,92163,648607383
L,0,1,0,3,10303,648608856
L,3,0,1,0,37070,648620775
L,0,0,0,0,92026,648623583
Q,648660011,0,1.61146,-1.17218,1.60412
Q,648660011,1,1.69521,-1.36140,1.57513
Q,648660011,2,1.56920,-1.21272,1.59833
Q,648660011,3,1.58975,-1.15881,1.62149
L,0,0,1,1,36808,648694204
L,1,0,0,1,36954,648694204
L,2,1,1,2,71038,648694204
L,3,1,0,2,10436,648694204
L,2,0,1,0,92368,648752035
L,1,0,1,1,92252,648757033
L,2,1,0,3,10569,648758798
Q,648760063,0,1.59878,-1.16505,1.61913
Q,648760063,1,1.69226,-1.37210,1.56333
Q,648760063,2,1.56653,-1.21945,1.59064
Q,648760063,3,1.56624,-1.17360,1.61213
L,0,1,1,3,71099,648794523
L,1,1,1,2,70900,648852882
L,2,0,0,0,37465,648860163
Q,648860163,0,1.57877,-1.17171,1.62093
Q,648860163,1,1.64000,-1.33708,1.62678
Q,648860163,2,1.52793,-1.20490,1.63124
Q,648860163,3,1.53314,-1.17380,1.62725
L,0,0,0,1,92843,648894431
L,3,0,1,1,37393,648896060
L,1,1,0,3,9894,648903697
L,3,1,0,3,9836,648951758
Q,648960245,0,1.53041,-1.15922,1.66943
Q,648960245,1,1.62603,-1.33744,1.63651
Q,648960245,2,1.51776,-1.20471,1.64170
Q,648960245,3,1.51886,-1.17894,1.63291
L,0,1,0,3,9473,648994478
L,1,0,0,0,37104,648994478
L,2,1,1,3,71262,648994478
L,3,1,1,2,71531,649021563
L,2,1,0,3,9799,649033060
L,0,1,1,3,71198,649054557
Q,649060303,0,1.52235,-1.15939,1.67765
Q,649060303,1,1.62693,-1.34440,1.63387
Q,649060303,2,1.51161,-1.20675,1.65644
Q,649060303,3,1.50562,-1.17768,1.64766
L,0,0,1,0,37109,649095799
L,1,0,1,0,93190,649095799
L,2,0,0,0,37432,649119947
L,1,1,1,2,70710,649131200
Q,649160476,0,1.52338,-1.16377,1.67848
Q,649160476,1,1.61386,-1.34117,1.65581
Q,649160476,2,1.50585,-1.20811,1.67944
Q,649160476,3,1.48440,-1.17987,1.68057
L,3,0,1,0,37489,649195100
L,1,1,0,3,8957,649222915
L,3,1,0,3,9188,649232499
L,0,0,0,0,93745,649241640
L,3,0,0,0,93788,649247005
Q,649260521,0,1.51871,-1.16678,1.70355
Q,649260521,1,1.60506,-1.34005,1.67848
Q,649260521,2,1.51377,-1.20984,1.69478
Q,649260521,3,1.47980,-1.18382,1.69933
L,2,0,1,1,93640,649294375
L,2,1,1,2,70890,649302705
L,0,1,1,2,71133,649316674
L,3,1,1,2,71326,649321817
L,0,1,0,2,8630,649323636
L,1,0,0,0,36887,649347534
Q,649360810,0,1.50800,-1.16374,1.71703
Q,649360810,1,1.58597,-1.32959,1.70916
Q,649360810,2,1.50565,-1.20843,1.71266
Q,649360810,3,1.47619,-1.18328,1.71989
L,1,0,1,0,93733,649394475
L,1,1,1,2,70712,649394475
L,2,0,0,0,37293,649394475
L,2,1,0,2,8929,649394475
L,3,0,1,0,37386,649455750
Q,649461125,0,1.50175,-1.16100,1.73336
Q,649461125,1,1.58254,-1.32495,1.72644
Q,649461125,2,1.50791,-1.20775,1.71724
Q,649461125,3,1.47619,-1.18328,1.71989
L,0,0,1,0,36980,649494588
L,1,1,0,2,8493,649494588
L,3,0,0,0,94161,649505754
L,0,0,0,1,94170,649560512
Q,649561170,0,1.48432,-1.15547,1.76388
Q,649561170,1,1.57082,-1.31772,1.74741
Q,649561170,2,1.48017,-1.20151,1.76094
Q,649561170,3,1.46721,-1.18090,1.73162
L,2,0,1,1,93940,649594960
L,3,1,0,2,8651,649594960
L,1,0,0,1,36902,649604754
L,0,1,0,2,8349,649621227
L,0,1,1,2,71130,649633710
L,1,0,1,1,93919,649653927
L,2,0,0,1,37342,649654984
L,2,1,1,2,70833,649661398
Q,649661398,0,1.47739,-1.15372,1.77938
Q,649661398,1,1.56536,-1.31501,1.75460
Q,649661398,2,1.47398,-1.19979,1.77726
Q,649661398,3,1.47296,-1.18230,1.74162
L,1,1,1,2,70657,649695131
L,3,1,1,2,71279,649695131
L,3,0,1,1,37601,649759680
Q,649761535,0,1.48046,-1.15773,1.78378
Q,649761535,1,1.56004,-1.31323,1.76229
Q,649761535,2,1.47026,-1.20053,1.78248
Q,649761535,3,1.45748,-1.18054,1.76220
L,1,1,0,2,8701,649820119
L,3,0,0,1,94131,649829329
L,2,1,0,3,9043,649849849
Q,649861879,0,1.47153,-1.15883,1.79585
Q,649861879,1,1.55008,-1.31680,1.77883
Q,649861879,2,1.46443,-1.20604,1.79654
Q,649861879,3,1.44716,-1.18714,1.77960
L,0,0,1,1,37436,649895651
L,2,0,1,1,93843,649895651
L,2,1,1,2,70680,649919802
L,1,0,1,1,93826,649938523
L,0,1,0,2,8749,649942847
L,2,0,0,1,37739,649958872
L,3,1,1,2,71090,649959903
Q,649961985,0,1.46136,-1.16736,1.81069
Q,649961985,1,1.55361,-1.34009,1.77214
Q,649961985,2,1.46574,-1.22443,1.80154
Q,649961985,3,1.45074,-1.20564,1.78140
L,0,1,1,3,70924,649995619
L,1,0,0,1,37401,649995619
L,1,1,1,2,70500,649995619
L,3,1,0,3,9175,650009502
L,3,0,1,1,38001,650016284
Q,650062237,0,1.45911,-1.18292,1.81240
Q,650062237,1,1.54128,-1.34774,1.79290
Q,650062237,2,1.46280,-1.24232,1.80997
Q,650062237,3,1.44105,-1.21623,1.79667
L,3,0,0,0,93958,650109094
L,2,1,0,3,9442,650149579
L,0,0,0,1,93965,650158083
Q,650162332,0,1.45936,-1.20567,1.81302
Q,650162332,1,1.54403,-1.36499,1.78846
Q,650162332,2,1.46534,-1.25231,1.81228
Q,650162332,3,1.44019,-1.23167,1.80339
L,0,1,0,3,9096,650196145
L,1,0,1,0,93655,650196145
L,2,0,1,1,93583,650196145
L,2,0,0,0,37986,650237016
L,2,1,1,2,70209,650243202
L,1,0,0,0,37694,650246492
L,0,1,1,2,70694,650251478
Q,650262425,0,1.45274,-1.21905,1.82301
Q,650262425,1,1.53875,-1.37963,1.80022
Q,650262425,2,1.46287,-1.27431,1.82401
Q,650262425,3,1.43483,-1.25069,1.81537
L,1,1,1,2,70299,650295991
L,3,1,1,2,70739,650295991
L,1,1,0,3,9088,650338234
L,3,0,1,0,38526,650357779
Q,650362431,0,1.43947,-1.22923,1.83940
Q,650362431,1,1.52605,-1.37646,1.81943
Q,650362431,2,1.45886,-1.27472,1.82932
Q,650362431,3,1.42967,-1.25924,1.82017
L,3,0,0,0,94301,650397128
L,0,0,1,1,38299,650412547
L,0,0,0,0,94387,650441176
Q,650462449,0,1.42948,-1.25031,1.83632
Q,650462449,1,1.51163,-1.38165,1.83195
Q,650462449,2,1.44310,-1.27434,1.85019
Q,650462449,3,1.41015,-1.26613,1.84285
L,2,0,0,1,38487,650497370
L,2,0,1,0,94049,650497370
L,2,1,1,2,70530,650497370
L,3,1,0,2,9493,650497370
L,2,1,0,2,9516,650504559
L,1,0,0,1,38224,650507804
L,3,1,1,2,71048,650551190
Q,650562759,0,1.40568,-1.26345,1.85008
Q,650562759,1,1.49954,-1.38558,1.84025
Q,650562759,2,1.42977,-1.28145,1.86129
Q,650562759,3,1.39337,-1.27176,1.86071
L,0,1,0,2,9302,650596706
L,1,1,1,2,70657,650596706
L,1,1,0,2,9288,650599369
L,3,0,1,0,39034,650637716
Q,650663082,0,1.39487,-1.27152,1.85130
Q,650663082,1,1.48799,-1.40020,1.83582
Q,650663082,2,1.42343,-1.28980,1.85965
Q,650663082,3,1.38160,-1.28746,1.85920
L,0,0,0,1,94533,650697773
L,0,0,1,0,38816,650697773
L,1,0,1,0,94264,650699665
Q,650763156,0,1.38842,-1.27460,1.85289
Q,650763156,1,1.47020,-1.41400,1.83484
Q,650763156,2,1.40656,-1.29370,1.87175
Q,650763156,3,1.36555,-1.29674,1.86457
L,2,1,0,2,9690,650797734
L,2,0,1,1,94210,650797734
L,2,1,1,2,70775,650797734
L,3,0,0,1,94483,650797734
L,3,1,0,3,9733,650807713
L,3,1,1,2,71258,650834790
L,1,1,0,3,9374,650857377
Q,650863351,0,1.37310,-1.28240,1.85475
Q,650863351,1,1.46669,-1.41769,1.83344
Q,650863351,2,1.39636,-1.31669,1.85732
Q,650863351,3,1.35950,-1.31368,1.85197
L,1,0,0,0,38588,650897643
L,3,0,1,0,39197,650897643
L,0,1,0,3,9357,650938674
L,1,1,1,3,70892,650946227
L,0,0,1,1,38881,650950505
Q,650963652,0,1.37033,-1.28816,1.84939
Q,650963652,1,1.46452,-1.42431,1.82792
Q,650963652,2,1.39177,-1.32291,1.85409
Q,650963652,3,1.35584,-1.31635,1.85186
L,2,0,0,0,38838,650998069
L,0,0,0,0,94639,651001999
L,0,1,1,2,71368,651007380
L,1,0,1,0,94359,651037981
L,2,1,0,2,9540,651063684
Q,651063684,0,1.36770,-1.28710,1.85145
Q,651063684,1,1.46452,-1.42431,1.82792
Q,651063684,2,1.38937,-1.32313,1.85458
Q,651063684,3,1.35517,-1.31783,1.85057
L,2,1,1,2,70762,651097925
L,3,1,0,2,9555,651097925
L,3,1,1,2,71225,651097925
L,2,0,1,0,94281,651107756
L,3,0,1,0,39022,651156772
Q,651163994,0,1.36877,-1.28483,1.85352
Q,651163994,1,1.46048,-1.41986,1.83125
Q,651163994,2,1.38960,-1.31990,1.85783
Q,651163994,3,1.35342,-1.31446,1.85549
L,1,0,0,0,38391,651198825
L,1,1,0,2,9024,651198825
L,3,0,0,0,94633,651198825
L,1,1,1,2,70900,651202319
L,0,1,0,2,9030,651218558
L,0,0,1,0,38696,651228224
Q,651264300,0,1.36473,-1.27897,1.85953
Q,651264300,1,1.45954,-1.41864,1.83205
Q,651264300,2,1.38954,-1.31478,1.86078
Q,651264300,3,1.35324,-1.31178,1.85816
L,0,1,1,2,71368,651299041
L,0,0,0,0,94805,651317788
L,2,1,0,2,9236,651320392
L,2,0,0,0,38558,651337074
L,2,1,1,2,70816,651349073
L,3,1,0,2,9284,651361785
Q,651364638,0,1.36395,-1.27791,1.86033
Q,651364638,1,1.45856,-1.41608,1.83193
Q,651364638,2,1.38947,-1.31372,1.86058
Q,651364638,3,1.35401,-1.30781,1.86070
L,2,0,1,0,94398,651398393
L,3,1,1,2,71301,651398393
L,3,0,1,0,38908,651415715
L,1,0,1,1,94499,651457757
Q,651464872,0,1.36262,-1.27374,1.86104
Q,651464872,1,1.45821,-1.41261,1.83004
Q,651464872,2,1.39016,-1.30842,1.86081
Q,651464872,3,1.35361,-1.30435,1.86026
L,0,0,1,1,38679,651498622
L,1,1,0,3,9023,651498622
L,3,0,0,1,94613,651526698
L,0,1,0,2,9137,651555657
Q,651565209,0,1.36229,-1.27037,1.86059
Q,651565209,1,1.45809,-1.41171,1.82963
Q,651565209,2,1.38935,-1.30262,1.86002
Q,651565209,3,1.35369,-1.30137,1.86045
L,0,0,0,0,94729,651599061
L,1,0,0,0,38375,651599061
L,2,1,0,2,9401,651599061
L,2,1,1,3,71020,651613269
L,2,0,0,0,38630,651636683
L,0,1,1,3,71657,651646235
Q,651665331,0,1.36251,-1.26910,1.85995
Q,651665331,2,1.38668,-1.30102,1.85649
Q,651665331,3,1.35230,-1.29859,1.85784
L,2,0,1,0,94298,651699296
L,3,0,1,1,39005,651699296
L,3,1,1,2,71519,651699296
L,1,1,1,3,71268,651742795
L,1,1,0,3,9328,651755264
L,3,1,0,3,9701,651763821
Q,651765631,0,1.36002,-1.26520,1.85570
Q,651765631,1,1.45351,-1.40540,1.82229
Q,651765631,2,1.38581,-1.29780,1.85172
Q,651765631,3,1.34989,-1.29485,1.85202
L,0,0,1,0,38828,651800302
L,3,0,0,0,94418,651806690
L,1,0,1,0,94229,651815966
L,0,1,0,3,9670,651853317
L,0,0,0,1,94434,651859681
L,2,1,0,3,9908,651863531
Q,651865933,0,1.35262,-1.26461,1.84273
Q,651865933,1,1.44821,-1.40464,1.81618
Q,651865933,2,1.38446,-1.29726,1.84648
Q,651865933,3,1.34777,-1.29489,1.84902
L,0,1,1,2,71818,651900488
L,2,0,0,0,38822,651900488
L,2,1,1,3,71194,651900488
L,1,0,0,0,38625,651904822
L,3,1,1,2,71781,651954561
L,2,0,1,0,93875,651965879
Q,651966532,0,1.35379,-1.26366,1.84073
Q,651966532,1,1.44543,-1.40596,1.81226
Q,651966532,2,1.38321,-1.29775,1.83886
Q,651966532,3,1.34713,-1.29379,1.83892
L,1,1,1,3,71567,652000359
L,3,0,1,1,39338,652000359
L,1,1,0,3,10200,652031723
L,3,1,0,3,10571,652041089
Q,652066580,0,1.33624,-1.27336,1.80909
Q,652066580,1,1.44713,-1.40528,1.80849
Q,652066580,2,1.38020,-1.29750,1.83028
Q,652066580,3,1.33801,-1.29839,1.82171
L,0,0,1,1,39186,652101439
L,3,0,0,1,94031,652101439
L,0,1,0,3,10401,652115361
L,0,0,0,1,94118,652121069
L,2,1,0,2,10668,652142177
L,2,1,1,2,71592,652151120
L,0,1,1,3,72149,652163288
Q,652166866,0,1.33052,-1.27535,1.79630
Q,652166866,1,1.44149,-1.40790,1.79507
Q,652166866,2,1.37457,-1.29819,1.81625
Q,652166866,3,1.33377,-1.29809,1.80906
L,3,1,1,2,72003,652216119
L,2,0,1,0,93704,652225918
L,2,0,0,0,39095,652236172
L,1,0,1,1,93827,652257247
Q,652266975,0,1.33347,-1.27277,1.79074
Q,652266975,1,1.42906,-1.41517,1.77702
Q,652266975,2,1.37618,-1.29597,1.81324
Q,652266975,3,1.33093,-1.29823,1.79955
L,1,1,0,2,10261,652301877
L,3,1,0,2,10603,652301877
L,1,0,0,1,38788,652304918
L,3,0,1,0,39341,652353968
Q,652367176,0,1.33236,-1.27512,1.78618
Q,652367176,1,1.43039,-1.41690,1.76815
Q,652367176,2,1.37407,-1.29976,1.80422
Q,652367176,3,1.32889,-1.29981,1.79407
L,0,0,0,1,94139,652401535
L,0,1,0,2,10245,652401535
L,0,0,1,1,39097,652401535
L,1,1,1,2,71535,652401535
L,2,1,1,2,71414,652401535
L,3,0,0,1,94030,652401535
Q,652467264,0,1.33368,-1.27461,1.78395
Q,652467264,1,1.42848,-1.41814,1.76533
Q,652467264,2,1.37407,-1.29976,1.80422
Q,652467264,3,1.32656,-1.30231,1.78862
L,3,1,1,2,72033,652502053
L,2,1,0,3,10644,652503528
L,2,0,1,0,93752,652510577
L,1,0,1,0,93854,652515597
L,2,0,0,0,39175,652516654
L,0,1,1,3,72343,652543357
L,1,0,0,0,39027,652563215
Q,652567498,0,1.33270,-1.27600,1.78218
Q,652567498,1,1.42349,-1.42036,1.75581
Q,652567498,2,1.36509,-1.30682,1.78908
Q,652567498,3,1.31864,-1.30768,1.77462
L,1,1,0,3,10515,652602528
L,3,1,0,3,10825,652602528
L,3,0,1,1,39673,652616273
L,0,1,0,3,10579,652653760
L,3,0,0,0,94278,652666629
L,0,0,1,0,39429,652667345
Q,652667928,0,1.32662,-1.27548,1.77723
Q,652667928,1,1.42099,-1.41532,1.75629
Q,652667928,2,1.35364,-1.29994,1.78618
Q,652667928,3,1.31856,-1.30660,1.77434
L,1,1,1,2,72571,652701611
L,2,1,1,3,72481,652701611
L,2,1,0,2,11256,652757092
Q,652768043,0,1.31609,-1.26350,1.76859
Q,652768043,1,1.42099,-1.41532,1.75629
Q,652768043,2,1.34871,-1.29125,1.79104
Q,652768043,3,1.30389,-1.28803,1.77293
L,0,1,1,3,73178,652802828
L,1,0,1,0,93898,652802828
L,3,1,1,2,73342,652802828
L,2,0,1,1,93883,652825785
L,0,0,0,0,94066,652857269
Q,652868271,0,1.31507,-1.25749,1.76834
Q,652868271,1,1.39988,-1.41654,1.73063
Q,652868271,2,1.32181,-1.29528,1.75798
Q,652868271,3,1.27457,-1.27995,1.74010
L,1,0,0,1,39428,652903106
L,1,1,0,3,11265,652903106
L,3,1,0,3,11494,652903106
L,3,0,1,1,39905,652903106
L,0,0,1,0,39554,652926895
L,3,0,0,0,94042,652946295
L,0,1,0,2,11237,652954776
Q,652968320,0,1.31512,-1.24825,1.76575
Q,652968320,1,1.38304,-1.41656,1.70765
Q,652968320,2,1.31847,-1.28301,1.75920
Q,652968320,3,1.26704,-1.28162,1.72940
L,1,1,1,2,73039,653002764
L,2,0,0,0,39863,653002764
L,2,1,1,2,73219,653002764
L,2,1,0,3,11781,653019258
L,1,0,1,0,93671,653057195
L,0,1,1,3,73496,653061723
Q,653068362,0,1.31559,-1.24372,1.76395
Q,653068362,1,1.37688,-1.41861,1.69982
Q,653068362,2,1.30626,-1.28835,1.74010
Q,653068362,3,1.26551,-1.26871,1.72642
L,3,1,1,2,73727,653102395
L,3,1,0,3,11807,653158763
L,1,1,0,3,11603,653167731
Q,653168404,0,1.30334,-1.24573,1.74491
Q,653168404,1,1.37596,-1.41359,1.69577
Q,653168404,2,1.28676,-1.28948,1.71072
Q,653168404,3,1.25785,-1.26943,1.71564
L,0,0,1,0,39613,653202292
L,2,0,1,0,93697,653202292
L,3,0,1,0,39973,653202292
L,1,0,0,0,39565,653222628
L,2,0,0,0,39937,653255065
L,1,1,1,3,73130,653261413
Q,653268467,0,1.30334,-1.24573,1.74491
Q,653268467,1,1.36946,-1.41548,1.68762
Q,653268467,2,1.28676,-1.28948,1.71072
Q,653268467,3,1.24570,-1.27165,1.69859
L,2,1,0,3,11965,653302460
L,3,0,0,1,93944,653306168
L,2,1,1,2,73349,653329546
L,1,0,1,1,93629,653334452
Q,653368555,0,1.29346,-1.24043,1.72523
Q,653368555,1,1.36946,-1.41548,1.68762
Q,653368555,2,1.28557,-1.28386,1.71048
Q,653368555,3,1.24568,-1.26669,1.69603
L,0,1,0,3,11549,653402698
L,0,1,1,3,73555,653402698
L,3,1,0,2,11886,653418463
L,1,1,0,3,11673,653426741
L,3,1,1,2,73766,653430115
L,3,0,1,0,40046,653455145
Q,653468616,0,1.29346,-1.24043,1.72523
Q,653468616,1,1.35279,-1.41031,1.66364
Q,653468616,2,1.28371,-1.27596,1.71064
Q,653468616,3,1.24545,-1.25953,1.69304
L,1,0,0,1,39623,653502769
L,2,0,0,1,39987,653509874
L,2,0,1,1,93685,653521888
L,0,0,1,1,39706,653525244
L,3,0,0,1,93934,653563696
Q,653568632,0,1.29328,-1.23561,1.72412
Q,653568632,1,1.35279,-1.41031,1.66364
Q,653568632,2,1.27041,-1.28314,1.68969
Q,653568632,3,1.24048,-1.26166,1.68561
L,1,0,1,1,93635,653602576
L,1,1,1,2,73156,653602576
L,2,1,1,2,73338,653602576
L,2,1,0,2,12010,653656307
L,0,1,1,2,73618,653660118
Q,653668775,0,1.28422,-1.23604,1.71041
Q,653668775,1,1.34750,-1.40690,1.65846
Q,653668775,2,1.26443,-1.28260,1.68288
Q,653668775,3,1.23960,-1.25669,1.68493
L,1,1,0,2,11680,653703122
L,3,1,0,2,11914,653703122
L,3,1,1,2,73828,653727133
L,1,0,0,1,39667,653763874
Q,653769124,0,1.28275,-1.23229,1.71167
Q,653769124,1,1.34472,-1.40843,1.65459
Q,653769124,2,1.25237,-1.28370,1.66846
Q,653769124,3,1.23046,-1.25719,1.67370
L,0,1,0,3,11596,653803719
L,2,0,1,1,93729,653803719
L,3,0,0,0,93984,653825160
L,3,0,1,1,40136,653854744
L,1,1,1,3,73270,653857014
L,0,0,1,1,39784,653867563
Q,653869387,0,1.27508,-1.23485,1.69966
Q,653869387,1,1.33896,-1.41144,1.64673
Q,653869387,2,1.24614,-1.28499,1.66049
Q,653869387,3,1.22500,-1.26018,1.66537
L,1,0,1,1,93722,653903776
L,2,0,0,1,40042,653903776
L,2,1,0,3,11988,653919466
L,2,1,1,3,73512,653925548
L,3,1,0,3,11896,653956360
L,0,1,1,3,73852,653958243
L,1,1,0,3,11642,653966577
Q,653969632,0,1.26119,-1.23526,1.68299
Q,653969632,1,1.33609,-1.41270,1.64295
Q,653969632,2,1.24361,-1.28627,1.65662
Q,653969632,3,1.22274,-1.26127,1.66198
L,3,1,1,3,74063,654003506
L,1,0,0,0,39738,654020537
L,2,0,1,0,93925,654061426
Q,654069806,0,1.25043,-1.23459,1.67092
Q,654069806,1,1.33609,-1.41270,1.64295
Q,654069806,2,1.23985,-1.28287,1.65646
Q,654069806,3,1.21790,-1.26248,1.65506
L,0,1,0,3,11509,654103420
L,3,0,1,0,40200,654113737
L,1,1,1,2,73668,654117590
L,0,0,1,0,39842,654165545
Q,654170190,0,1.24152,-1.23170,1.66329
Q,654170190,1,1.33072,-1.40758,1.64248
Q,654170190,2,1.23296,-1.27859,1.65207
Q,654170190,3,1.21642,-1.25964,1.65651
L,1,0,1,0,94027,654204140
L,2,0,0,0,40125,654204140
L,2,1,0,3,11835,654204140
L,2,1,1,3,74061,654206256
L,0,1,1,3,74416,654259069
Q,654270522,0,1.23538,-1.22536,1.66203
Q,654270522,1,1.32216,-1.39388,1.64693
Q,654270522,2,1.22896,-1.27110,1.65612
Q,654270522,3,1.21236,-1.25181,1.66055
L,1,0,0,0,39751,654305569
L,3,1,0,3,11627,654305569
L,3,1,1,3,74745,654326995
L,1,1,0,2,11344,654331199
L,0,1,0,2,11159,654367835
Q,654370879,0,1.23178,-1.21767,1.66532
Q,654370879,1,1.31338,-1.37888,1.65084
Q,654370879,2,1.21758,-1.24813,1.66742
Q,654370879,3,1.20538,-1.23703,1.66715
L,2,1,0,2,11469,654455206
L,2,1,1,2,74671,654465543
L,1,0,1,0,94443,654470468
Q,654471123,0,1.21855,-1.19403,1.66786
Q,654471123,1,1.30312,-1.36440,1.64818
Q,654471123,2,1.20829,-1.23730,1.66161
Q,654471123,3,1.18928,-1.21277,1.66379
L,0,0,1,0,39724,654505391
L,2,0,0,0,40036,654505391
L,3,0,1,0,40102,654505391
L,0,1,1,3,75038,654517075
L,3,0,0,0,94845,654538256
Q,654571194,0,1.21152,-1.18052,1.66722
Q,654571194,1,1.29390,-1.34717,1.64779
Q,654571194,2,1.19985,-1.22262,1.65844
Q,654571194,3,1.17928,-1.19554,1.65950
L,1,1,0,2,10812,654606043
L,1,1,1,3,74755,654606043
L,3,1,0,2,10962,654615042
L,1,0,0,0,39542,654662515
L,0,1,0,3,10518,654666363
Q,654671344,0,1.20572,-1.16134,1.67046
Q,654671344,1,1.28851,-1.33347,1.64971
Q,654671344,2,1.18904,-1.19780,1.65798
Q,654671344,3,1.16920,-1.17084,1.65747
L,2,1,1,3,75398,654725542
L,1,0,1,0,94844,654731679
L,3,1,1,3,75891,654744901
L,0,0,1,0,39480,654763688
Q,654771383,0,1.19705,-1.13841,1.66456
Q,654771383,1,1.28020,-1.30829,1.65479
Q,654771383,2,1.18115,-1.17688,1.65546
Q,654771383,3,1.16355,-1.15523,1.65506
L,0,1,1,2,75734,654805266
L,3,0,1,0,39817,654812213
L,2,0,0,0,39792,654834440
Q,654871434,0,1.18832,-1.10784,1.66427
Q,654871434,1,1.27324,-1.28557,1.65667
Q,654871434,2,1.17340,-1.15304,1.65540
Q,654871434,3,1.15282,-1.12069,1.65478
L,1,1,0,2,10272,654905860
L,1,1,1,2,75504,654905860
L,3,1,0,3,10335,654912161
L,0,1,0,3,9991,654922581
L,1,0,0,1,39358,654924487
L,2,1,0,3,10465,654949974
Q,654971683,0,1.18063,-1.08156,1.66091
Q,654971683,1,1.26781,-1.26928,1.65617
Q,654971683,2,1.16606,-1.12589,1.65637
Q,654971683,3,1.14896,-1.10805,1.65585
L,3,1,1,3,76416,655005776
Q,655071758,0,1.17633,-1.06697,1.65953
Q,655071758,1,1.25699,-1.24578,1.64904
Q,655071758,2,1.15821,-1.10032,1.65840
Q,655071758,3,1.14252,-1.08381,1.65589
L,0,1,1,3,76320,655106780
L,1,0,1,0,95283,655106780
L,2,0,0,0,39685,655106780
L,3,0,1,0,39676,655114238
L,3,1,0,3,9958,655166047
Q,655171826,0,1.16884,-1.04558,1.65919
Q,655171826,1,1.25007,-1.22816,1.65015
Q,655171826,2,1.15512,-1.09205,1.65804
Q,655171826,3,1.14252,-1.08381,1.65589
L,0,0,0,0,39328,655206380
L,0,1,0,3,9654,655206380
L,1,1,0,3,9875,655206380
L,1,1,1,3,76128,655206380
L,2,1,0,3,10161,655206380
L,2,1,1,3,76463,655206380
L,1,0,0,0,39390,655243437
Q,655272086,0,1.15792,-1.02317,1.66026
Q,655272086,1,1.24000,-1.20815,1.65328
Q,655272086,2,1.14743,-1.07535,1.66510
Q,655272086,3,1.13360,-1.06156,1.65916
Q,655372221,0,1.15300,-1.01359,1.66492
Q,655372221,1,1.22691,-1.18989,1.65379
Q,655372221,2,1.13696,-1.06289,1.66398
Q,655372221,3,1.12088,-1.04039,1.66072
L,1,0,1,0,95658,655433466
L,3,0,1,0,39946,655457630
L,0,1,1,3,77394,655459554
L,0,1,0,3,9696,655464042
L,3,1,1,3,77770,655468573
L,0,0,0,1,39613,655470412
Q,655472577,0,1.14282,-1.00339,1.66431
Q,655472577,1,1.21129,-1.17696,1.64928
Q,655472577,2,1.11573,-1.04882,1.64791
Q,655472577,3,1.10198,-1.02134,1.65255
L,1,0,0,1,39686,655507316
L,1,1,0,2,9967,655507316
L,1,1,1,2,77115,655507316
L,2,0,0,1,40016,655507316
L,2,1,0,2,10241,655507316
L,3,1,0,2,9994,655507316
L,2,1,1,2,77554,655523897
Q,655572583,0,1.13105,-1.00280,1.64902
Q,655572583,1,1.19226,-1.16244,1.65321
Q,655572583,2,1.09944,-1.04218,1.63808
Q,655572583,3,1.09613,-1.02061,1.64533
Q,655672853,0,1.11638,-1.00517,1.62938
Q,655672853,1,1.17812,-1.15693,1.65080
Q,655672853,2,1.09290,-1.03347,1.64694
Q,655672853,3,1.08220,-1.02017,1.62807
L,1,0,1,0,95974,655707624
L,3,0,1,0,40366,655732835
L,3,1,1,3,78756,655742761
L,0,0,0,0,40063,655744655
L,0,1,0,2,9798,655763141
L,2,0,0,0,40521,655772783
Q,655773415,0,1.10210,-0.99617,1.63445
Q,655773415,1,1.16729,-1.14553,1.66417
Q,655773415,2,1.07352,-1.02896,1.64120
Q,655773415,3,1.06177,-1.00209,1.64362
L,1,0,0,0,40265,655807758
L,1,1,0,2,10079,655807758
L,3,1,0,2,10085,655807758
L,1,1,1,2,78235,655814773
L,2,1,1,2,78646,655819374
L,2,1,0,3,10383,655831921
Q,655873502,0,1.07361,-0.98531,1.64210
Q,655873502,1,1.16058,-1.13938,1.67440
Q,655873502,2,1.05922,-1.02312,1.64345
Q,655873502,3,1.05537,-1.00514,1.63486
L,0,1,1,2,79097,655932158
Q,655973608,0,1.04859,-0.98753,1.63449
Q,655973608,1,1.12612,-1.12301,1.69779
Q,655973608,2,1.03406,-1.01066,1.66136
Q,655973608,3,1.03615,-0.98602,1.66656
L,0,0,0,1,40604,656008254
L,3,1,1,3,79703,656008254
L,3,0,1,0,40984,656032414
L,0,1,0,2,9766,656043475
L,2,0,0,0,41101,656053807
L,3,1,0,2,10058,656068274
Q,656073700,0,1.01623,-0.96711,1.67654
Q,656073700,1,1.10359,-1.11810,1.70687
Q,656073700,2,1.01977,-0.99811,1.68662
Q,656073700,3,1.00627,-0.97010,1.69166
L,1,1,0,2,10085,656108631
L,1,1,1,2,79060,656108631
L,2,1,1,2,79499,656108631
L,2,1,0,2,10388,656168315
Q,656173738,0,0.99595,-0.96898,1.67890
Q,656173738,1,1.08151,-1.13701,1.67663
Q,656173738,2,1.00278,-1.01125,1.66294
Q,656173738,3,0.98474,-0.96838,1.69778
L,0,1,1,2,79703,656212691
L,0,0,0,0,41010,656266618
Q,656273933,0,0.99057,-0.97482,1.67092
Q,656273933,1,1.05473,-1.13620,1.69032
Q,656273933,2,0.97920,-1.01865,1.65911
Q,656273933,3,0.96260,-0.97816,1.68679
L,2,0,0,1,41454,656308004
L,3,0,1,1,41370,656308004
L,3,1,0,3,10170,656328130
L,0,1,0,3,9889,656342261
L,2,1,1,3,79931,656360281
Q,656373938,0,0.97456,-0.97178,1.68570
Q,656373938,1,1.04148,-1.14304,1.68453
Q,656373938,2,0.96321,-1.03377,1.63629
Q,656373938,3,0.94957,-0.97983,1.68789
L,1,0,1,1,96882,656408179
L,1,1,1,3,79529,656408179
L,3,1,1,2,80399,656408179
L,1,1,0,2,10286,656439508
Q,656474169,0,0.96985,-0.97580,1.67918
Q,656474169,1,1.02664,-1.15185,1.67653
Q,656474169,2,0.95186,-1.04476,1.62002
Q,656474169,3,0.93726,-0.99050,1.67111
L,0,1,1,2,80076,656508638
L,2,1,0,2,10618,656508638
L,2,0,0,0,41756,656570424
L,3,0,1,0,41671,656572732
Q,656574251,0,0.94976,-0.97986,1.68529
Q,656574251,1,1.01860,-1.15312,1.68024
Q,656574251,2,0.95186,-1.04476,1.62002
Q,656574251,3,0.92579,-0.99087,1.67687
L,3,1,0,2,10413,656608818
L,0,1,0,2,10160,656639440
L,1,0,0,0,41509,656641407
L,3,1,1,2,80790,656658445
Q,656674391,0,0.93276,-0.98409,1.68889
Q,656674391,1,1.01041,-1.15345,1.68465
Q,656674391,2,0.92895,-1.03301,1.65161
Q,656674391,3,0.90988,-0.98838,1.69091
L,1,1,1,2,79971,656708411
L,2,1,1,2,80405,656708411
L,3,0,0,1,41835,656711198
L,1,1,0,2,10584,656719885
L,0,0,0,1,41575,656761888
L,2,1,0,2,10932,656765395
Q,656774481,0,0.93276,-0.98409,1.68889
Q,656774481,1,0.99672,-1.15085,1.69401
Q,656774481,2,0.92176,-1.02733,1.66738
Q,656774481,3,0.90555,-0.98492,1.70024
L,3,1,0,2,10649,656864676
Q,656874637,0,0.92084,-0.98422,1.69016
Q,656874637,1,0.98247,-1.15421,1.69078
Q,656874637,2,0.89447,-1.03875,1.65603
Q,656874637,3,0.88314,-1.00216,1.67143
L,0,1,0,3,10349,656909333
L,0,1,1,3,80998,656909333
L,1,0,0,0,41848,656909333
L,2,0,0,0,42181,656912300
L,3,0,0,1,42218,656972964
Q,656974823,0,0.90918,-0.97286,1.71278
Q,656974823,1,0.97661,-1.14799,1.70172
Q,656974823,2,0.86516,-1.02806,1.68258
Q,656974823,3,0.85961,-0.99886,1.68085
L,1,1,1,3,81039,657009068
L,3,1,1,3,81766,657009068
L,1,1,0,2,10801,657014504
L,2,1,0,2,11141,657023916
L,2,1,1,2,81564,657038704
L,0,0,0,0,42055,657047232
Q,657074862,0,0.89837,-0.96158,1.73302
Q,657074862,1,0.96256,-1.14689,1.70186
Q,657074862,2,0.84595,-1.03988,1.65937
Q,657074862,3,0.85961,-0.99886,1.68085
L,0,1,1,2,82521,657170653
Q,657175029,0,0.87728,-0.96487,1.72393
Q,657175029,1,0.94341,-1.12547,1.73395
Q,657175029,2,0.82505,-1.02497,1.68220
Q,657175029,3,0.83133,-0.99012,1.69245
L,0,1,0,2,10739,657208967
L,1,0,0,0,42476,657208967
L,1,0,1,0,97633,657208967
L,2,0,0,0,42798,657208967
L,3,1,0,3,11090,657208967
L,3,0,0,1,42844,657233307
Q,657275199,0,0.85218,-0.96879,1.71619
Q,657275199,1,0.94341,-1.12547,1.73395
Q,657275199,2,0.80659,-1.02402,1.68529
Q,657275199,3,0.80039,-0.98113,1.70434
L,2,1,0,3,11601,657309826
L,2,1,1,2,83263,657309826
L,3,1,1,2,83680,657309826
L,1,1,0,3,11274,657318157
L,0,0,0,1,42932,657341978
Q,657375542,0,0.84351,-0.95917,1.73334
Q,657375542,1,0.94341,-1.12547,1.73395
Q,657375542,2,0.79896,-1.01573,1.70306
Q,657375542,3,0.76128,-0.98740,1.68528
L,0,1,1,2,84420,657427667
Q,657475586,0,0.78116,-0.95951,1.72201
Q,657475586,1,0.92878,-1.10945,1.75980
Q,657475586,2,0.78138,-1.02350,1.68377
Q,657475586,3,0.71074,-1.00078,1.65818
L,0,1,0,2,11186,657509538
L,1,1,1,2,84471,657509538
L,3,1,0,2,11618,657509538
L,3,0,0,0,43779,657515668
L,2,0,0,1,43961,657552358
L,2,1,0,2,11983,657563697
Q,657575600,0,0.76194,-0.93778,1.76476
Q,657575600,2,0.74950,-1.01820,1.68657
Q,657575600,3,0.68529,-0.99648,1.66670
L,0,0,0,1,43806,657609787
L,1,0,0,0,43779,657609787
L,1,1,0,3,11879,657657434
Q,657675799,0,0.75389,-0.92911,1.78326
Q,657675799,1,0.88223,-1.11893,1.75347
Q,657675799,2,0.66727,-1.04987,1.64139
Q,657675799,3,0.41001,-0.21530,2.51325
L,0,1,1,2,85989,657709680
L,3,1,1,2,86341,657709680
L,2,1,1,3,85915,657754405
L,1,1,1,3,85627,657763835
L,3,1,0,3,12469,657767821
L,3,0,0,0,44636,657775922
Q,657775922,0,0.71428,-0.93910,1.77478
Q,657775922,1,0.86788,-1.10346,1.78652
Q,657775922,2,0.64397,-1.04447,1.66492
Q,657775922,3,0.46333,-0.40515,2.26159
L,2,0,0,0,44912,657850665
Q,657875965,0,0.64404,-0.98742,1.69825
Q,657875965,1,0.81865,-1.11581,1.77890
Q,657875965,2,0.62451,-1.01912,1.73012
Q,657875965,3,0.44968,-0.50542,2.14513
L,1,0,0,1,44732,657909620
L,0,0,0,0,44933,657941536
L,0,1,1,2,86562,657967712
Q,657976049,0,0.64404,-0.98742,1.69825
Q,657976049,1,0.74447,-1.15287,1.74212
Q,657976049,2,0.59560,-1.02805,1.73457
Q,657976049,3,0.47299,-0.65429,2.00774
L,0,1,0,2,13737,658016198
L,3,1,1,3,86823,658020398
L,3,0,0,0,45508,658035448
L,3,1,0,3,14633,658065777
Q,658076369,0,0.64404,-0.98742,1.69825
Q,658076369,1,0.68404,-1.18680,1.71511
Q,658076369,2,0.55616,-1.06307,1.69116
Q,658076369,3,0.47379,-0.77447,1.91890
L,1,1,1,2,86025,658110471
L,2,0,0,0,45710,658110471
L,2,1,0,2,14954,658110471
L,1,1,0,2,15020,658157442
Q,658176384,0,0.62432,-0.96879,1.77512
Q,658176384,1,0.67668,-1.17432,1.74449
Q,658176384,2,0.55616,-1.06307,1.69116
Q,658176384,3,0.45968,-0.83338,1.87991
L,2,1,1,3,86282,658210435
L,0,0,0,1,46058,658242039
Q,658276669,0,0.55798,-1.03217,1.70065
Q,658276669,1,0.62673,-1.22202,1.68785
Q,658276669,2,0.50720,-1.09065,1.67737
Q,658276669,3,0.42295,-0.89860,1.83120
L,0,1,0,2,15875,658311293
L,0,1,1,2,87054,658311293
L,1,0,0,0,46265,658311293
L,3,0,0,0,46582,658314867
L,3,1,0,2,16596,658330005
L,2,0,0,1,46790,658372651
Q,658376841,0,0.47322,-1.11213,1.60631
Q,658376841,1,0.53783,-1.30178,1.62805
Q,658376841,2,0.46068,-1.14016,1.62466
Q,658376841,3,0.38468,-0.96226,1.79642
L,1,1,1,3,86638,658411604
L,2,1,0,3,17243,658411604
L,1,1,0,2,16816,658415836
Q,658477062,0,0.44714,-1.13935,1.57672
Q,658477062,1,0.53273,-1.28398,1.67090
Q,658477062,2,0.42065,-1.18392,1.57934
Q,658477062,3,0.36902,-1.00095,1.78785
L,0,0,0,1,47131,658511303
L,2,1,1,2,86998,658514697
L,3,1,1,2,87684,658576082
Q,658577216,0,0.44714,-1.13935,1.57672
Q,658577216,1,0.50487,-1.31889,1.63581
Q,658577216,2,0.41413,-1.16890,1.64122
Q,658577216,3,0.32892,-1.03907,1.74986
L,0,1,0,3,17888,658611376
L,1,0,0,1,47383,658611376
L,3,1,0,2,18373,658611376
L,2,0,0,0,47699,658631482
L,0,1,1,2,87682,658646461
L,3,0,0,0,47826,658652580
L,1,1,0,3,18333,658673027
Q,658677487,1,0.50487,-1.31889,1.63581
Q,658677487,2,0.36379,-1.20717,1.64672
Q,658677487,3,0.32892,-1.03907,1.74986
L,1,1,1,3,87016,658711074
L,2,1,0,3,19046,658711074
L,0,0,0,1,47833,658761801
Q,658777776,1,0.47560,-1.35712,1.59813
Q,658777776,2,0.32658,-1.25187,1.60600
Q,658777776,3,0.30898,-1.05865,1.73102
L,2,1,1,2,86637,658810961
L,3,1,1,3,86992,658835455
L,3,1,0,2,20071,658863422
L,0,1,0,2,19617,658876607
Q,658877860,1,0.42700,-1.42753,1.53234
Q,658877860,2,0.29985,-1.28956,1.57583
Q,658877860,3,0.28866,-1.08319,1.71136
L,0,1,1,2,86800,658911029
L,1,0,0,0,47958,658911029
L,3,0,0,0,48269,658911029
L,2,0,0,0,48236,658951618
Q,658977927,2,0.28217,-1.31948,1.55524
L,1,1,1,3,85614,659010053
L,2,1,0,3,20495,659010053
L,1,1,0,2,20153,659032749
L,2,1,1,2,85167,659072579
Q,659078040,2,0.26970,-1.35156,1.53932
L,0,0,0,0,48325,659110142
L,3,1,1,2,85577,659110142
L,0,1,0,3,20893,659134436
L,3,1,0,3,21340,659144725
Q,659178133,2,0.26399,-1.37690,1.57987
L,3,0,0,0,48686,659210342
L,1,0,0,0,48411,659219458
L,2,0,0,0,48592,659230238
L,1,1,1,2,84605,659261865
Q,659278144,2,0.26185,-1.39280,1.57563
L,0,1,1,2,84921,659310358
L,1,1,0,2,21263,659310358
L,2,1,0,2,21630,659310358
L,2,1,1,2,84157,659328790
L,0,0,0,1,48883,659361073
Q,659378233,2,0.25857,-1.40954,1.57067
L,3,1,0,2,22429,659410433
L,3,1,1,2,84342,659410433
L,3,0,0,0,49197,659471817
L,1,0,0,0,48874,659476358
Q,659478313,2,0.25922,-1.43154,1.60529
L,0,1,0,2,22406,659510383
L,2,0,0,0,49015,659510383
L,1,1,0,2,22072,659571044
Q,659578349,0,0.25249,-1.48301,1.41821
Q,659578349,2,0.25872,-1.44108,1.60340
Q,659578349,3,0.22199,-1.31303,1.68115
L,0,0,0,1,49153,659611790
L,2,1,0,2,22278,659611790
L,2,1,1,2,82920,659611790
L,0,1,1,2,83388,659661071
Q,659678492,0,0.25249,-1.48301,1.41821
Q,659678492,2,0.26608,-1.46255,1.63696
Q,659678492,3,0.22547,-1.31609,1.68461
L,3,1,0,2,22668,659712391
L,3,0,0,0,49059,659730931
L,1,0,0,0,48733,659738838
L,3,1,1,3,82607,659754079
L,0,1,0,3,22171,659774876
Q,659778701,0,0.25780,-1.48315,1.42392
Q,659778701,2,0.27947,-1.46912,1.64631
Q,659778701,3,0.23062,-1.44603,1.68678
L,1,1,1,2,82734,659822751
L,1,1,0,2,21328,659850820
Q,659878830,0,0.28100,-1.47645,1.44838
Q,659878830,1,0.36000,-1.69669,1.49499
Q,659878830,2,0.30461,-1.48090,1.67807
Q,659878830,3,0.24875,-1.47070,1.69869
L,0,1,1,2,82939,659912702
L,2,0,0,0,48408,659912702
L,2,1,0,2,21193,659912702
Q,659978903,0,0.30701,-1.46240,1.47530
Q,659978903,1,0.37814,-1.67762,1.51444
Q,659978903,2,0.33203,-1.46379,1.70216
Q,659978903,3,0.26766,-1.48531,1.71169
L,1,0,0,0,48252,660013372
L,2,1,1,3,82424,660013372
L,3,0,0,0,48442,660013372
L,3,1,0,3,21315,660013372
L,0,0,0,1,48457,660025628
L,0,1,0,2,21208,660032983
Q,660078907,1,0.38926,-1.65667,1.52931
Q,660078907,2,0.34569,-1.44673,1.71572
Q,660078907,3,0.29129,-1.46540,1.73267
L,1,1,0,2,20458,660112762
L,3,1,1,3,82636,660112762
L,1,1,1,2,83200,660116387
L,2,0,0,0,47764,660167942
L,2,1,0,2,20034,660178456
Q,660179021,1,0.39973,-1.64763,1.58733
Q,660179021,2,0.35467,-1.42955,1.72582
Q,660179021,3,0.32292,-1.42510,1.76371
L,3,1,0,2,20220,660267647
L,3,0,0,0,47719,660274729
L,0,1,1,2,83586,660278869
Q,660279484,0,0.33388,-1.42214,1.54854
Q,660279484,1,0.41750,-1.60139,1.61691
Q,660279484,2,0.36719,-1.41526,1.75187
Q,660279484,3,0.33905,-1.42203,1.76817
L,0,0,0,1,47744,660313424
L,0,1,0,3,20019,660313424
L,2,1,1,2,83108,660313424
L,1,0,0,1,47418,660337949
L,3,1,1,2,83287,660370357
L,1,1,1,2,84010,660371492
Q,660379830,0,0.33146,-1.42936,1.57478
Q,660379830,1,0.41896,-1.59933,1.62890
Q,660379830,2,0.37478,-1.41105,1.74847
Q,660379830,3,0.35997,-1.37879,1.79376
L,1,1,0,2,19172,660414846
L,2,0,0,0,47074,660430125
L,2,1,0,3,18848,660457408
Q,660480035,0,0.34585,-1.37830,1.59405
Q,660480035,1,0.41888,-1.59486,1.63919
Q,660480035,2,0.37518,-1.41328,1.74172
Q,660480035,3,0.36763,-1.38605,1.76153
L,3,1,0,2,19165,660520977
L,3,0,0,1,47060,660556946
L,0,1,0,3,19154,660567932
Q,660580075,0,0.34702,-1.36875,1.63150
Q,660580075,1,0.42440,-1.56021,1.65146
Q,660580075,2,0.38405,-1.37143,1.73132
Q,660580075,3,0.37850,-1.34933,1.77986
L,0,0,0,0,47175,660615054
L,2,1,1,3,84282,660615054
L,0,1,1,2,84772,660618112
L,1,1,0,2,18451,660665754
Q,660680148,0,0.34738,-1.35161,1.64727
Q,660680148,1,0.42565,-1.52532,1.66038
Q,660680148,2,0.39130,-1.33922,1.74617
Q,660680148,3,0.38253,-1.32763,1.78971
L,3,1,1,2,84518,660734046
L,1,0,0,0,46887,660737811
Q,660780302,0,0.34856,-1.34040,1.65097
Q,660780302,1,0.42844,-1.49821,1.66999
Q,660780302,2,0.38705,-1.31360,1.72038
Q,660780302,3,0.38197,-1.31214,1.75804
L,3,0,0,0,46804,660814854
L,3,1,0,2,18582,660814854
L,1,1,1,2,85610,660834298
L,2,1,0,2,17996,660835826
L,2,1,1,3,85085,660866871
L,0,1,1,3,85403,660876936
Q,660880648,0,0.34865,-1.32204,1.66491
Q,660880648,1,0.42522,-1.49472,1.66508
Q,660880648,2,0.38821,-1.28538,1.72230
Q,660880648,3,0.38277,-1.29311,1.75159
L,0,0,0,0,46950,660914758
L,2,0,0,0,46570,660914758
L,0,1,0,3,18478,660926873
Q,660980801,0,0.34865,-1.32204,1.66491
Q,660980801,1,0.43075,-1.42533,1.69316
Q,660980801,2,0.39234,-1.25344,1.73620
Q,660980801,3,0.38052,-1.29113,1.73812
L,1,1,0,2,18001,661015981
L,3,1,1,3,85111,661015981
L,1,0,0,0,46859,661077387
Q,661081007,0,0.34853,-1.31076,1.66802
Q,661081007,1,0.43523,-1.39311,1.71245
Q,661081007,2,0.39163,-1.24216,1.74004
Q,661081007,3,0.37800,-1.26818,1.72688
L,1,1,1,2,86126,661115290
L,2,1,0,2,17898,661115290
L,3,0,0,0,46732,661115290
L,2,1,1,2,85645,661123726
L,3,1,0,2,18347,661157487
Q,661181207,0,0.34221,-1.27833,1.68037
Q,661181207,1,0.43285,-1.37843,1.71952
Q,661181207,2,0.38450,-1.23216,1.73279
Q,661181207,3,0.37461,-1.25789,1.71825
L,0,0,0,0,47076,661215359
L,0,1,0,2,18659,661215359
L,2,0,0,1,46726,661228699
L,3,1,1,2,85522,661271091
Q,661281527,0,0.33221,-1.25479,1.70086
Q,661281527,1,0.43011,-1.37795,1.71852
Q,661281527,2,0.38450,-1.23216,1.73279
Q,661281527,3,0.37005,-1.25228,1.71496
L,1,1,0,2,18574,661315795
L,0,1,1,3,85993,661337581
L,3,0,0,0,46928,661370528
Q,661381700,0,0.32822,-1.24999,1.70402
Q,661381700,1,0.41904,-1.37126,1.71666
Q,661381700,2,0.37427,-1.22620,1.72680
Q,661381700,3,0.35769,-1.24384,1.70924
L,1,1,1,3,86489,661416037
L,2,1,0,3,18502,661416037
L,2,1,1,2,86007,661416037
L,1,0,0,1,47207,661457677
Q,661481855,0,0.32458,-1.24965,1.70167
Q,661481855,1,0.41211,-1.35962,1.72318
Q,661481855,2,0.36868,-1.22778,1.72259
Q,661481855,3,0.34410,-1.24715,1.69893
L,2,0,0,0,46966,661515769
L,0,0,0,0,47362,661521785
L,3,1,1,2,85843,661546004
L,0,1,0,2,19384,661547077
Q,661582077,0,0.31573,-1.24147,1.71163
Q,661582077,1,0.40440,-1.36450,1.71682
Q,661582077,2,0.36033,-1.23237,1.71547
Q,661582077,3,0.33922,-1.24367,1.69819
L,3,1,0,2,19162,661634623
L,1,1,0,3,19231,661665237
L,0,1,1,3,86540,661674815
Q,661682225,0,0.30116,-1.24377,1.70734
Q,661682225,1,0.38268,-1.37003,1.70753
Q,661682225,2,0.34015,-1.24375,1.69815
Q,661682225,3,0.33638,-1.23450,1.70984
L,1,0,0,0,47438,661716724
L,1,1,1,3,87029,661716724
L,2,1,0,3,18891,661716724
L,2,1,1,3,86583,661716724
L,3,0,0,1,47288,661732594
L,2,0,0,0,47227,661767818
Q,661782435,0,0.29368,-1.24781,1.70104
Q,661782435,1,0.36457,-1.37144,1.70333
Q,661782435,2,0.32115,-1.23116,1.70177
Q,661782435,3,0.32693,-1.23148,1.71465
L,0,0,0,1,47605,661816847
L,0,1,0,2,19729,661816847
L,3,1,1,3,86565,661869228
Q,661882519,0,0.28033,-1.25577,1.68954
Q,661882519,1,0.35451,-1.35855,1.71487
Q,661882519,2,0.30931,-1.23640,1.69218
Q,661882519,3,0.31052,-1.23082,1.71352
L,3,1,0,3,19459,661934839
L,0,1,1,3,87235,661936006
L,1,1,0,2,19495,661943426
L,1,1,1,2,87790,661971790
L,2,1,0,2,19131,661973690
L,2,1,1,2,87343,661981423
Q,661982796,0,0.27049,-1.24776,1.69489
Q,661982796,1,0.34582,-1.35361,1.71744
Q,661982796,2,0.30931,-1.23640,1.69218
Q,661982796,3,0.30066,-1.22437,1.71761
L,1,0,0,0,47604,662016810
L,3,0,0,0,47435,662016810
Q,662082874,0,0.25503,-1.25247,1.68321
Q,662082874,1,0.34245,-1.34642,1.72346
Q,662082874,2,0.29647,-1.22387,1.69766
Q,662082874,3,0.28928,-1.21738,1.72126
L,0,0,0,0,47762,662116802
L,2,0,0,0,47401,662116802
L,0,1,0,3,19995,662124801
L,3,1,1,2,87373,662165863
Q,662183152,0,0.24410,-1.24331,1.69194
Q,662183152,1,0.33093,-1.34182,1.72478
Q,662183152,2,0.28082,-1.22860,1.68589
Q,662183152,3,0.27128,-1.21589,1.71587
L,0,1,1,2,87976,662216876
L,1,1,0,2,19695,662216876
L,1,1,1,2,88445,662251978
L,2,1,0,2,19380,662254597
L,2,1,1,2,87969,662260909
L,1,0,0,0,47784,662277941
Q,662283289,0,0.24123,-1.23161,1.70655
Q,662283289,1,0.31731,-1.34609,1.71619
Q,662283289,2,0.28082,-1.22860,1.68589
Q,662283289,3,0.25557,-1.21518,1.71244
L,3,1,0,2,19803,662318098
L,3,0,0,1,47682,662335706
L,0,0,0,1,47961,662379873
Q,662383637,0,0.23249,-1.23506,1.69978
Q,662383637,1,0.30327,-1.34317,1.71638
Q,662383637,2,0.25994,-1.22022,1.68723
Q,662383637,3,0.24703,-1.21295,1.71424
L,0,1,0,2,20228,662417809
L,2,0,0,1,47604,662417809
L,3,1,1,2,87701,662417809
L,1,1,0,2,19887,662477850
Q,662483880,0,0.21973,-1.21873,1.72148
Q,662483880,1,0.30327,-1.34317,1.71638
Q,662483880,2,0.24961,-1.21033,1.69582
Q,662483880,3,0.24551,-1.20704,1.72153
L,0,1,1,3,88333,662518538
L,2,1,1,2,88235,662518538
L,2,1,0,2,19546,662529063
L,1,0,0,1,47922,662576040
Q,662583978,0,0.21690,-1.20436,1.74258
Q,662583978,1,0.28479,-1.34194,1.71575
Q,662583978,2,0.24005,-1.20254,1.70314
Q,662583978,3,0.23515,-1.19749,1.73612
L,1,1,1,3,88793,662618755
L,3,1,0,2,19935,662618755
L,3,0,0,1,47810,662651007
L,0,0,0,0,48052,662656398
L,0,1,0,3,20327,662682694
Q,662684129,0,0.20883,-1.20774,1.73642
Q,662684129,1,0.28092,-1.34401,1.71286
Q,662684129,2,0.22911,-1.20810,1.69423
Q,662684129,3,0.21923,-1.20570,1.72330
L,2,0,0,1,47686,662718861
L,3,1,1,2,87906,662726499
L,0,1,1,2,88390,662772851
L,1,1,0,3,19979,662781155
L,2,1,1,2,88306,662782667
Q,662784407,0,0.19480,-1.20884,1.73393
Q,662784407,1,0.27868,-1.33652,1.72188
Q,662784407,2,0.21926,-1.20198,1.69964
Q,662784407,3,0.21518,-1.20420,1.72535
L,2,1,0,3,19630,662818727
L,1,0,0,0,47935,662855800
L,3,1,0,3,19961,662872319
Q,662884674,0,0.18340,-1.21438,1.72502
Q,662884674,1,0.27868,-1.33652,1.72188
Q,662884674,2,0.21303,-1.18949,1.71383
Q,662884674,3,0.21190,-1.20311,1.72708
L,0,0,0,0,48051,662918536
L,3,0,0,0,47804,662918536
L,0,1,0,3,20273,662961332
L,1,1,1,3,88805,662970052
Q,662984694,0,0.18213,-1.20641,1.73702
Q,662984694,1,0.27094,-1.34064,1.71612
Q,662984694,2,0.20699,-1.18687,1.71617
Q,662984694,3,0.21093,-1.19776,1.73546
L,2,0,0,0,47690,663019305
L,3,1,1,2,87911,663019305
L,1,1,0,2,19929,663041260
L,0,1,1,2,88361,663051075
L,2,1,1,2,88277,663060526
L,0,0,1,1,101048,663064291
L,2,1,0,2,19577,663069927
Q,663084846,0,0.18010,-1.20781,1.73531
Q,663084846,1,0.26756,-1.33561,1.72305
Q,663084846,2,0.20605,-1.18818,1.71512
Q,663084846,3,0.20477,-1.20056,1.73452
L,1,0,0,1,47960,663119408
L,3,1,0,3,19947,663133456
L,0,0,0,0,48084,663180117
Q,663185167,0,0.17592,-1.20998,1.73665
Q,663185167,1,0.26507,-1.33924,1.71989
Q,663185167,2,0.20549,-1.18945,1.71433
Q,663185167,3,0.20419,-1.20077,1.73763
L,3,0,0,1,47835,663219256
L,1,1,1,2,88715,663229464
L,2,0,0,0,47704,663284728
Q,663285418,0,0.17581,-1.20632,1.74453
Q,663285418,1,0.26280,-1.33180,1.73201
Q,663285418,2,0.20508,-1.19048,1.71372
Q,663285418,3,0.20362,-1.20228,1.73784
L,0,1,1,3,88405,663319371
L,0,1,0,2,20165,663320959
L,3,1,1,3,87926,663325049
L,1,1,0,3,19803,663337217
L,2,1,1,3,88407,663359117
L,1,0,0,0,47938,663373936
Q,663385421,0,0.17475,-1.20732,1.74355
Q,663385421,1,0.26199,-1.32806,1.73713
Q,663385421,2,0.20429,-1.18647,1.72002
Q,663385421,3,0.20347,-1.20240,1.73898
L,3,1,0,3,19708,663420495
L,0,0,0,1,48053,663439194
L,2,1,0,2,19379,663449304
Q,663485661,0,0.17413,-1.20517,1.74664
Q,663485661,1,0.25975,-1.32215,1.74431
Q,663485661,2,0.20321,-1.18221,1.72555
Q,663485661,3,0.20401,-1.20135,1.73966
L,1,1,1,3,88888,663548761
L,2,0,0,0,47689,663561927
L,0,1,1,3,88478,663572029
L,3,1,1,3,88001,663582060
L,0,1,0,3,20081,663584285
Q,663585744,0,0.17358,-1.20203,1.75218
Q,663585744,1,0.25962,-1.32225,1.74420
Q,663585744,2,0.20275,-1.17924,1.73022
Q,663585744,3,0.20373,-1.20019,1.74104
L,2,1,1,3,88402,663619609
L,1,1,0,3,19751,663638093
L,3,0,0,0,47817,663649542
L,1,0,0,0,47941,663676754
Q,663686106,0,0.17354,-1.20114,1.75402
Q,663686106,1,0.25908,-1.31880,1.74945
Q,663686106,2,0.20276,-1.17751,1.73393
Q,663686106,3,0.20380,-1.19917,1.74385
L,0,0,0,1,48062,663721004
L,3,1,0,3,19751,663721004
L,2,1,0,3,19410,663766825
Q,663786222,0,0.17372,-1.20071,1.75647
Q,663786222,1,0.25910,-1.31965,1.74899
Q,663786222,2,0.20255,-1.17592,1.73688
Q,663786222,3,0.20411,-1.19948,1.74474
L,1,1,1,3,88780,663821271
L,2,0,0,1,47696,663821271
L,0,1,1,3,88365,663832109
L,0,1,0,3,20134,663836982
L,3,1,1,3,87880,663864907
L,2,1,1,3,88276,663879462
Q,663886552,0,0.17383,-1.20103,1.75643
Q,663886552,1,0.25921,-1.31847,1.75167
Q,663886552,2,0.20309,-1.17560,1.73906
Q,663886552,3,0.20466,-1.20037,1.74543
L,3,0,0,1,47816,663920454
L,1,1,0,2,19789,663935764
L,1,0,0,0,47935,663954225
L,0,0,0,1,48058,663977049
Q,663986764,0,0.17420,-1.20136,1.75654
Q,663986764,1,0.25934,-1.31876,1.75156
Q,663986764,2,0.20329,-1.17478,1.74164
Q,663986764,3,0.20541,-1.20098,1.74585
L,3,1,0,3,19781,664021919
Q,664086822,0,0.17456,-1.20150,1.75671
Q,664086822,1,0.25946,-1.31863,1.75219
Q,664086822,2,0.20343,-1.17438,1.74259
Q,664086822,3,0.20579,-1.20121,1.74606
L,0,1,1,2,88368,664121331
L,2,1,1,2,88299,664135809
L,1,1,1,2,88783,664165780
Q,664186871,0,0.17460,-1.20152,1.75706
Q,664186871,1,0.25943,-1.31817,1.75300
Q,664186871,2,0.20354,-1.17445,1.74263
Q,664186871,3,0.20586,-1.20119,1.74631
L,1,1,0,3,19779,664221374
L,2,0,0,0,47692,664221374
L,3,0,0,1,47814,664221374
L,3,1,1,3,87907,664221374
L,1,0,0,0,47938,664251301
L,0,0,0,0,48060,664255817
L,2,1,0,3,19406,664263957
Q,664286944,0,0.17462,-1.20140,1.75746
Q,664286944,1,0.25940,-1.31834,1.75289
Q,664286944,2,0.20355,-1.17454,1.74261
Q,664286944,3,0.20577,-1.20082,1.74674
L,3,1,0,2,19758,664327666
L,0,1,0,3,20136,664358052
Q,664387117,0,0.17455,-1.20105,1.75852
Q,664387117,1,0.25907,-1.31822,1.75324
Q,664387117,2,0.20345,-1.17384,1.74404
Q,664387117,3,0.20555,-1.20100,1.74654
L,0,1,1,2,88409,664421894
L,1,1,1,2,88823,664421894
L,2,1,1,2,88358,664437561
Q,664487423,0,0.17460,-1.20061,1.75978
Q,664487423,1,0.25874,-1.31814,1.75392
Q,664487423,2,0.20339,-1.17265,1.74682
Q,664487423,3,0.20523,-1.20121,1.74716
L,0,0,0,0,48084,664522269
L,1,1,0,2,19806,664522269
L,3,1,1,2,87933,664522269
L,3,0,0,0,47849,664548778
Q,664587652,0,0.17369,-1.20148,1.75959
Q,664587652,1,0.25795,-1.31820,1.75596
Q,664587652,2,0.20266,-1.17350,1.74711
Q,664587652,3,0.20488,-1.20145,1.74781
L,1,0,0,0,47967,664621980
L,2,1,0,2,19441,664624665
L,0,1,0,3,20187,664654075
L,2,0,0,0,47734,664670067
L,1,1,1,2,88802,664685777
Q,664688019,0,0.17324,-1.20183,1.75983
Q,664688019,1,0.25764,-1.31837,1.75626
Q,664688019,2,0.20165,-1.17497,1.74599
Q,664688019,3,0.20409,-1.20253,1.74696
L,0,1,1,2,88396,664722469
L,2,1,1,2,88327,664722469
L,1,1,0,2,19860,664773403
L,0,0,0,0,48100,664776856
L,3,1,1,2,87915,664780708
Q,664788282,0,0.17195,-1.20334,1.75895
Q,664788282,1,0.25638,-1.32019,1.75471
Q,664788282,2,0.20098,-1.17595,1.74524
Q,664788282,3,0.20349,-1.20334,1.74719
L,3,0,0,1,47866,664823321
L,3,1,0,2,19833,664864630
L,2,1,0,2,19478,664881977
Q,664888406,0,0.17164,-1.20371,1.75864
Q,664888406,1,0.25602,-1.32072,1.75425
Q,664888406,2,0.20033,-1.17699,1.74450
Q,664888406,3,0.20372,-1.20296,1.74949
L,0,1,0,2,20220,664922212
L,1,0,0,0,47988,664955874
L,2,1,1,2,88328,664973866
L,1,1,1,3,88798,664984374
Q,664988477,0,0.17109,-1.20446,1.75806
Q,664988477,1,0.25587,-1.32097,1.75405
Q,664988477,2,0.20020,-1.17710,1.74572
Q,664988477,3,0.20274,-1.20428,1.74891
L,0,1,1,2,88408,665023360
L,1,1,0,2,19849,665033537
L,3,1,1,2,87943,665037340
L,0,0,0,1,48115,665077703
L,3,0,0,1,47878,665085875
Q,665088505,0,0.17052,-1.20519,1.75834
Q,665088505,1,0.25584,-1.32094,1.75498
Q,665088505,2,0.20020,-1.17710,1.74572
Q,665088505,3,0.20225,-1.20506,1.74911
L,2,1,0,3,19451,665138378
Q,665188852,0,0.17075,-1.20487,1.76068
Q,665188852,1,0.25599,-1.32055,1.75608
Q,665188852,2,0.20024,-1.17658,1.74844
Q,665188852,3,0.20470,-1.22951,1.74474
L,0,1,0,3,20183,665223268
L,2,0,0,0,47751,665223268
L,1,1,1,2,88862,665284511
Q,665288949,0,0.17086,-1.20478,1.76145
Q,665288949,1,0.25595,-1.32041,1.75716
Q,665288949,2,0.20027,-1.17617,1.74965
Q,665288949,3,-1.21297,-1.48379,-1.85643
L,0,1,1,2,88398,665323034
L,1,1,0,2,19780,665323034
L,3,1,0,2,19705,665323034
L,3,1,1,2,87980,665323034
L,0,0,0,0,48087,665338387
L,3,0,0,1,47831,665348295
L,1,0,0,1,47996,665353488
Q,665389262,0,0.17158,-1.20439,1.76201
Q,665389262,1,0.25562,-1.32127,1.75654
Q,665389262,2,0.19999,-1.17399,1.75370
Q,665389262,3,-1.91761,-2.03954,-2.67945
L,2,1,0,2,19241,665424351
L,2,1,1,2,88610,665433980
Q,665489535,0,0.17410,-1.20219,1.76426
Q,665489535,1,0.25526,-1.32136,1.75634
Q,665489535,2,0.19957,-1.17205,1.75410
Q,665489535,3,0.35149,-0.59863,1.95170
L,2,0,0,0,47739,665527370
L,1,1,1,2,89327,665543367
L,0,1,0,2,19574,665553272
L,3,1,0,2,18879,665584026
L,0,1,1,3,88845,665585816
Q,665589673,0,0.17706,-1.19754,1.76745
Q,665589673,1,0.25281,-1.32196,1.75493
Q,665589673,2,0.19784,-1.17074,1.75348
Q,665589673,3,-0.00513,-0.95153,1.22918
L,3,0,0,1,47733,665624199
L,3,1,1,2,88869,665624199
L,1,0,0,1,48084,665633315
L,2,1,0,3,18754,665683377
Q,665689689,0,0.17839,-1.19026,1.77239
Q,665689689,1,0.25033,-1.32318,1.75318
Q,665689689,2,0.19023,-1.17158,1.74855
Q,665689689,3,0.00915,-1.18577,1.00936
L,0,0,0,0,48005,665724342
L,1,1,0,3,19345,665724342
L,2,1,1,2,89926,665724342
L,2,0,0,0,47949,665785183
Q,665789782,0,0.17793,-1.18457,1.77775
Q,665789782,2,0.18477,-1.17400,1.74438
Q,665789782,3,0.09280,-1.24833,1.05975
L,1,1,1,3,89936,665825003
L,3,1,0,2,18564,665841658
L,0,1,0,2,19121,665849891
Q,665889853,0,0.17597,-1.18074,1.78277
Q,665889853,3,0.12592,-1.23851,1.23882
L,1,0,0,0,48261,665922970
L,3,0,0,0,47885,665922970
L,2,1,0,3,18838,665939377
L,0,0,0,1,48099,665976665
Q,665989886,0,0.17277,-1.17522,1.79231
Q,665989886,1,0.23472,-1.32947,1.75399
Q,665989886,3,0.15076,-1.26603,1.25672
L,2,1,1,2,90600,666053094
L,2,0,0,0,48177,666065182
Q,666090131,0,0.16895,-1.16785,1.80466
Q,666090131,1,0.22821,-1.31249,1.78728
Q,666090131,3,0.15344,-1.21990,1.47257
L,3,1,0,3,18691,666142966
L,0,1,0,3,19175,666169830
L,1,1,0,3,19571,666170941
L,3,0,0,1,48069,666185859
Q,666190430,0,0.16538,-1.16313,1.81179
Q,666190430,1,0.22725,-1.29758,1.81203
Q,666190430,2,0.14821,-1.17912,1.74269
Q,666190430,3,0.15429,-1.19789,1.54855
L,1,0,0,0,48431,666224614
L,1,1,1,3,90493,666224614
L,2,1,0,3,19132,666224614
L,0,0,0,1,48210,666233137
L,3,1,1,2,90475,666276707
Q,666290530,0,0.16164,-1.16122,1.81415
Q,666290530,1,0.22640,-1.29074,1.82248
Q,666290530,2,0.14291,-1.18225,1.73843
Q,666290530,3,0.14787,-1.20617,1.54158
L,0,1,1,2,90078,666325408
L,2,1,1,3,90983,666325408
Q,666390841,0,0.16082,-1.15583,1.82225
Q,666390841,1,0.21662,-1.29509,1.81941
Q,666390841,2,0.13311,-1.17353,1.75410
Q,666390841,3,0.14510,-1.20975,1.53858
L,1,1,0,3,19611,666425402
L,3,0,0,1,48109,666447026
L,3,1,0,3,18771,666459810
L,2,0,0,1,48335,666466043
L,1,0,0,1,48476,666476012
L,2,1,0,3,19194,666481256
Q,666490902,0,0.15184,-1.15652,1.82191
Q,666490902,1,0.20968,-1.29777,1.81770
Q,666490902,2,0.13033,-1.17509,1.75192
Q,666490902,3,0.14051,-1.21487,1.53383
L,0,0,0,0,48263,666525683
L,0,1,0,3,19200,666525683
L,1,1,1,2,90679,666563634
Q,666591078,0,0.14962,-1.15762,1.82027
Q,666591078,1,0.20264,-1.30011,1.81619
Q,666591078,2,0.12156,-1.16708,1.76540
Q,666591078,3,0.13826,-1.21714,1.53156
L,2,1,1,2,91114,666649634
Q,666691114,0,0.14750,-1.15663,1.82205
Q,666691114,1,0.19977,-1.30223,1.81387
Q,666691114,2,0.11724,-1.16960,1.76200
Q,666691114,3,0.13614,-1.18551,1.64056
L,1,1,0,3,19648,666725555
L,2,0,0,0,48360,666725555
L,3,0,0,1,48140,666726810
L,1,0,0,1,48503,666735051
L,0,1,1,2,90200,666740008
L,3,1,0,3,18808,666761796
L,2,1,0,3,19224,666781806
L,0,1,0,2,19262,666791365
Q,666791365,0,0.14573,-1.15609,1.82349
Q,666791365,1,0.19854,-1.30328,1.81280
Q,666791365,2,0.11460,-1.17147,1.75982
Q,666791365,3,0.13351,-1.18833,1.63795
L,0,0,0,1,48283,666838547
L,1,1,1,2,90643,666861455
Q,666891577,0,0.14311,-1.15661,1.82352
Q,666891577,1,0.19736,-1.30210,1.81549
Q,666891577,2,0.11410,-1.17182,1.75941
Q,666891577,3,0.13293,-1.18910,1.63734
L,2,1,1,2,91060,666971049
L,2,0,0,1,48370,666984295
L,3,0,0,0,48150,666988877
Q,666991596,0,0.14319,-1.15518,1.82694
Q,666991596,1,0.19635,-1.30143,1.81755
Q,666991596,2,0.11311,-1.17295,1.75845
Q,666991596,3,0.13202,-1.19053,1.63632
L,3,1,0,3,18851,667025415
L,0,1,1,3,90129,667037853
L,2,1,0,2,19258,667080212
Q,667091712,0,0.14327,-1.15457,1.82862
Q,667091712,1,0.19437,-1.30098,1.82062
Q,667091712,3,0.13158,-1.19150,1.63575
L,0,0,0,1,48317,667125998
L,1,0,0,1,48532,667125998
L,3,1,1,2,90583,667133905
L,1,1,0,2,19745,667169485
Q,667191981,0,0.14052,-1.15693,1.82628
Q,667191981,1,0.19359,-1.30042,1.82209
Q,667191981,3,0.13248,-1.17934,1.67553
L,0,1,0,3,19329,667231194
L,2,0,0,1,48423,667244109
L,3,0,0,1,48224,667245896
L,1,1,1,2,90786,667262561
L,2,1,1,2,91258,667270212
Q,667292213,0,0.13907,-1.15834,1.82500
Q,667292213,1,0.19391,-1.29885,1.82547
Q,667292213,3,0.13059,-1.18093,1.67382
L,0,1,1,2,90322,667325476
L,3,1,0,2,18829,667341009
Q,667392317,0,0.13908,-1.15738,1.82703
Q,667392317,1,0.19136,-1.30082,1.82338
Q,667392317,3,0.12966,-1.18182,1.67295
L,1,0,0,0,48534,667425357
L,1,1,0,3,19671,667429847
L,2,1,0,3,19142,667437931
L,0,0,0,1,48326,667452947
L,3,1,1,2,90689,667491608
Q,667492325,0,0.13710,-1.15844,1.82666
Q,667492325,1,0.19108,-1.29891,1.82603
Q,667492325,2,0.10893,-1.16589,1.77262
Q,667492325,3,0.13101,-1.17125,1.70541
L,0,1,0,3,19318,667525989
L,2,0,0,1,48429,667525989
L,2,1,1,2,91232,667525989
L,3,0,0,1,48274,667567361
L,0,1,1,2,90464,667577128
Q,667592416,0,0.13304,-1.16056,1.82604
Q,667592416,1,0.18600,-1.30322,1.82168
Q,667592416,2,0.10418,-1.17008,1.76844
Q,667592416,3,0.12938,-1.17372,1.70362
L,1,1,1,3,90938,667626199
L,3,1,0,2,18887,667626199
Q,667692702,0,0.13139,-1.15917,1.82896
Q,667692702,1,0.18461,-1.30412,1.82063
Q,667692702,2,0.10216,-1.17136,1.76684
Q,667692702,3,0.12466,-1.17639,1.69978
L,0,0,0,1,48405,667726496
L,1,0,0,1,48632,667726496
L,1,1,0,2,19826,667726496
L,3,1,1,2,91013,667750418
L,2,1,0,2,19407,667758791
L,2,0,0,1,48510,667784496
L,0,1,0,2,19365,667786798
Q,667792837,0,0.12985,-1.15776,1.83119
Q,667792837,1,0.18443,-1.29946,1.82811
Q,667792837,2,0.10013,-1.17241,1.76530
Q,667792837,3,0.11972,-1.17776,1.69618
L,0,1,1,3,90466,667836163
L,3,1,0,2,19047,667877331
L,3,0,0,1,48255,667886944
Q,667893072,0,0.12882,-1.15766,1.83063
Q,667893072,1,0.18317,-1.29876,1.82928
Q,667893072,2,0.09749,-1.17316,1.76351
Q,667893072,3,0.11905,-1.15726,1.74621
L,2,1,1,2,91402,667929110
L,1,1,1,2,90979,667961808
L,0,0,0,0,48388,667991881
Q,667993291,0,0.12791,-1.15756,1.83014
Q,667993291,1,0.18223,-1.29929,1.82862
Q,667993291,3,0.11857,-1.15701,1.74599
L,1,1,0,3,19816,668026443
L,2,1,0,3,19467,668026443
L,2,0,0,0,48493,668043257
L,3,1,1,3,90922,668051076
Q,668093567,0,0.12716,-1.15755,1.82972
Q,668093567,1,0.18049,-1.29661,1.83292
Q,668093567,2,0.09587,-1.16284,1.77949
Q,668093567,3,0.11964,-1.14469,1.77753
L,1,0,0,1,48643,668128470
L,3,1,0,3,19024,668128470
L,0,1,1,2,90522,668175852
L,2,1,1,2,91455,668188118
Q,668193731,0,0.12705,-1.15593,1.83252
Q,668193731,1,0.17967,-1.29799,1.83187
Q,668193731,2,0.09517,-1.16339,1.77890
Q,668193731,3,0.11847,-1.14589,1.77645
L,0,1,0,2,19302,668227970
L,3,0,0,0,48290,668227970
L,0,0,0,0,48421,668271025
L,1,1,0,2,19685,668287693
Q,668293928,0,0.12708,-1.15463,1.83527
Q,668293928,1,0.17967,-1.29799,1.83187
Q,668293928,2,0.09517,-1.16339,1.77890
Q,668293928,3,0.11972,-1.14312,1.78934
L,2,0,0,0,48517,668327673
L,2,1,0,2,19258,668327673
L,3,1,1,2,90764,668367747
L,1,1,1,2,90879,668374903
L,3,1,0,2,18787,668379353
Q,668394049,0,0.12779,-1.15490,1.83954
Q,668394049,1,0.18163,-1.29911,1.83658
Q,668394049,2,0.09621,-1.15797,1.79411
Q,668394049,3,0.12198,-1.14009,1.80106
L,0,1,1,2,90334,668427587
L,1,0,0,1,48616,668473151
L,3,0,0,1,48241,668486182
L,0,1,0,2,19213,668488005
Q,668494298,0,0.12922,-1.15623,1.84103
Q,668494298,1,0.18297,-1.29986,1.83786
Q,668494298,2,0.09895,-1.15812,1.79564
Q,668494298,3,0.12558,-1.14025,1.80314
L,0,0,0,0,48402,668528051
L,2,0,0,0,48469,668584669
Q,668594479,0,0.12977,-1.15654,1.84281
Q,668594479,1,0.18347,-1.29985,1.83895
Q,668594479,2,0.10042,-1.15820,1.79646
Q,668594479,3,0.12923,-1.13968,1.81274
L,2,1,1,3,91288,668647719
L,3,1,1,2,90755,668650009
L,1,1,1,2,90855,668660618
L,3,1,0,2,18661,668676806
L,2,1,0,2,19048,668694509
Q,668694509,0,0.13024,-1.15642,1.84508
Q,668694509,1,0.18535,-1.29873,1.84479
Q,668694509,2,0.10272,-1.15979,1.79729
Q,668694509,3,0.13013,-1.13800,1.82077
L,1,0,0,0,48638,668733899
L,0,1,0,2,19118,668745054
L,0,1,1,2,90362,668775209
L,3,0,0,0,48260,668786658
L,0,0,0,0,48410,668792595
Q,668794729,0,0.13099,-1.15599,1.84922
Q,668794729,1,0.18643,-1.29729,1.84946
Q,668794729,2,0.10312,-1.15371,1.81079
Q,668794729,3,0.13136,-1.13724,1.82710
L,2,0,0,0,48486,668842277
L,1,1,0,2,19463,668886405
Q,668895029,0,0.13316,-1.15737,1.85077
Q,668895029,1,0.18711,-1.29815,1.85007
Q,668895029,2,0.10436,-1.14941,1.82165
Q,668895029,3,0.13358,-1.13638,1.83305
L,3,1,0,2,18573,668929351
L,3,1,1,2,90803,668929351
L,1,1,1,2,90843,668994355
Q,668995132,0,0.13613,-1.15767,1.85163
Q,668995132,1,0.18845,-1.29809,1.85064
Q,668995132,2,0.10482,-1.14919,1.82198
Q,668995132,3,0.13488,-1.13450,1.83676
L,0,1,1,2,90313,669029284
L,2,1,1,2,91285,669029284
L,3,0,0,1,48168,669043713
L,0,0,0,1,48315,669050791
Q,669095275,0,0.13684,-1.15861,1.84754
Q,669095275,1,0.19118,-1.29748,1.85074
Q,669095275,2,0.10482,-1.14919,1.82198
Q,669095275,3,0.13696,-1.13248,1.83961
L,2,0,0,0,48373,669129245
L,0,1,0,3,18908,669142222
L,1,0,0,1,48507,669151824
L,2,1,0,2,18811,669192190
Q,669195503,0,0.13659,-1.15909,1.84544
Q,669195503,1,0.19063,-1.29868,1.84754
Q,669195503,2,0.10702,-1.14696,1.82395
Q,669195503,3,0.13696,-1.13248,1.83961
L,1,1,0,2,19229,669229948
L,3,1,0,2,18382,669229948
L,1,1,1,3,90846,669274780
Q,669295555,0,0.13820,-1.15801,1.84476
Q,669295555,1,0.19242,-1.29765,1.84656
Q,669295555,2,0.10702,-1.14696,1.82395
Q,669295555,3,0.13887,-1.13054,1.84131
L,0,0,0,0,48230,669329701
L,3,0,0,0,48090,669329701
L,3,1,1,2,90803,669329701
L,0,1,1,2,90333,669354530
Q,669395785,0,0.14029,-1.15622,1.84345
Q,669395785,1,0.19121,-1.29986,1.84022
Q,669395785,2,0.11286,-1.13470,1.83799
Q,669395785,3,0.14084,-1.12820,1.84215
L,0,1,0,3,18681,669429932
L,1,0,0,1,48442,669429932
L,2,1,1,3,91360,669443759
L,2,1,0,3,18474,669493558
Q,669496098,0,0.13967,-1.15705,1.83882
Q,669496098,1,0.19394,-1.29742,1.84108
Q,669496098,2,0.11513,-1.13266,1.83993
Q,669496098,3,0.14346,-1.12571,1.84445
L,3,1,0,2,18018,669574122
L,1,1,1,3,90949,669577594
Q,669596402,0,0.14739,-1.14890,1.84444
Q,669596402,1,0.19544,-1.29569,1.83810
Q,669596402,2,0.12095,-1.12660,1.84516
Q,669596402,3,0.14833,-1.12086,1.84878
L,0,0,0,0,48147,669630756
L,2,0,0,0,48250,669630756
L,3,0,0,0,48013,669630756
L,3,1,1,3,90972,669648778
L,1,1,0,2,18824,669665625
L,0,1,1,2,90484,669669889
L,1,0,0,1,48358,669689528
Q,669696562,0,0.14946,-1.14434,1.84396
Q,669696562,1,0.19783,-1.29233,1.83985
Q,669696562,2,0.12204,-1.12529,1.84621
Q,669696562,3,0.15012,-1.11855,1.85055
L,2,1,0,2,18222,669751863
L,0,1,0,3,18313,669781135
Q,669796880,0,0.14879,-1.14369,1.84207
Q,669796880,1,0.19991,-1.28869,1.84097
Q,669796880,2,0.12388,-1.11884,1.85024
Q,669796880,3,0.15325,-1.11100,1.85108
L,2,1,1,2,91610,669831749
L,3,1,0,2,17741,669831749
L,1,1,1,2,91151,669860700
L,3,0,0,1,47921,669883804
Q,669896892,0,0.15319,-1.13544,1.84595
Q,669896892,1,0.20366,-1.28116,1.84264
Q,669896892,2,0.12439,-1.11412,1.85271
Q,669896892,3,0.15466,-1.10861,1.85266
L,0,1,1,2,90612,669933389
L,3,1,1,2,91095,669947198
L,1,0,0,1,48277,669954364
Q,669997231,0,0.15269,-1.13251,1.84071
Q,669997231,1,0.20784,-1.27451,1.84781
Q,669997231,2,0.12468,-1.10995,1.85365
Q,669997231,3,0.15466,-1.10861,1.85266
L,0,1,0,2,18334,670077203
L,1,1,0,2,18690,670079080
L,2,0,0,1,48124,670080463
Q,670097424,0,0.15392,-1.13048,1.84206
Q,670097424,1,0.21117,-1.26925,1.85193
Q,670097424,2,0.12634,-1.10462,1.85561
Q,670097424,3,0.15376,-1.10853,1.84833
L,1,1,1,2,90991,670131793
L,2,1,0,2,18176,670131793
L,2,1,1,2,91452,670131793
L,3,0,0,1,47858,670163237
L,3,1,0,2,17837,670169866
Q,670197464,0,0.15560,-1.12978,1.84082
Q,670197464,1,0.21026,-1.27052,1.84761
Q,670197464,2,0.12700,-1.10341,1.85444
Q,670197464,3,0.15343,-1.10981,1.84368
L,0,0,0,1,47962,670232378
L,3,1,1,3,90475,670242352
L,1,0,0,1,48180,670250513
Q,670297610,0,0.15870,-1.13362,1.83354
Q,670297610,1,0.21313,-1.27241,1.84363
Q,670297610,2,0.12655,-1.10604,1.84674
Q,670297610,3,0.15620,-1.10990,1.84029
L,1,1,0,3,18606,670332510
L,2,0,0,0,47973,670341558
L,0,1,1,2,89628,670348554
Q,670397908,0,0.17315,-1.13030,1.83960
Q,670397908,1,0.21704,-1.26964,1.84671
Q,670397908,2,0.78703,-0.34131,2.52921
Q,670397908,3,0.16112,-1.10850,1.84359
L,0,1,0,2,18107,670431616
L,1,1,1,2,89868,670431616
L,3,1,0,2,17494,670450204
L,3,0,0,0,47559,670462000
L,2,1,0,2,17783,670466419
L,2,1,1,2,90131,670478187
Q,670498266,0,0.19299,-1.13191,1.83971
Q,670498266,1,0.22659,-1.27114,1.84491
Q,670498266,2,0.70480,-0.43976,2.43314
Q,670498266,3,0.17911,-1.10890,1.84286
L,1,0,0,1,47885,670532971
L,3,1,1,3,89213,670532971
Q,670598619,0,0.21002,-1.14277,1.83101
Q,670598619,1,0.23691,-1.27397,1.84106
Q,670598619,2,0.44206,-0.76094,2.14088
Q,670598619,3,0.18111,-1.11853,1.82959
L,0,0,0,0,47424,670633194
L,2,0,0,0,47580,670633194
L,1,1,0,2,17849,670641201
L,0,1,0,2,17321,670696271
Q,670698888,0,0.23551,-1.16243,1.81445
Q,670698888,1,0.26094,-1.29812,1.81753
Q,670698888,2,0.36662,-0.86662,2.05413
Q,670698888,3,0.19861,-1.11193,1.84205
L,2,1,0,2,17098,670732584
L,2,1,1,2,88499,670732584
L,3,0,0,1,47085,670732584
L,3,1,0,3,16719,670732584
Q,670799178,0,0.26400,-1.17211,1.81439
Q,670799178,1,0.29386,-1.30006,1.82365
Q,670799178,2,0.33885,-0.95863,1.98010
Q,670799178,3,0.23988,-1.12758,1.83272
L,1,0,0,0,47338,670833514
L,0,1,1,2,86489,670865148
L,0,0,0,0,46963,670888845
Q,670899436,0,0.28149,-1.18712,1.80413
Q,670899436,1,0.33548,-1.30127,1.83450
Q,670899436,2,0.33975,-1.01364,1.93245
Q,670899436,3,0.30069,-1.13508,1.84345
L,1,1,1,2,86794,670933580
L,3,1,1,3,86374,670937132
L,1,1,0,2,16883,670977207
L,2,0,0,0,46976,670982603
L,0,1,0,3,16589,670995077
Q,670999590,0,0.30421,-1.20646,1.79225
Q,670999590,1,0.33548,-1.30127,1.83450
Q,670999590,2,0.35104,-1.03590,1.91075
Q,670999590,3,0.32545,-1.14411,1.84337
L,2,1,0,3,16381,671033746
L,3,1,0,2,16122,671033746
L,2,1,1,2,86500,671038157
Q,671099693,0,0.32273,-1.21310,1.79436
Q,671099693,1,0.35342,-1.31610,1.82681
Q,671099693,2,0.35461,-1.04262,1.90474
Q,671099693,3,0.33994,-1.15437,1.83815
L,0,1,1,3,85069,671133418
L,3,0,0,0,46599,671133418
L,0,0,0,0,46720,671148275
L,1,0,0,1,46961,671170543
Q,671199802,0,0.34065,-1.21940,1.79531
Q,671199802,1,0.39583,-1.32633,1.83259
Q,671199802,2,0.35981,-1.05232,1.89596
Q,671199802,3,0.36456,-1.16769,1.83508
L,2,0,0,1,46773,671238112
L,3,1,1,2,84676,671256875
L,1,1,1,2,84759,671284645
Q,671300030,0,0.36570,-1.24579,1.77662
Q,671300030,1,0.42221,-1.36521,1.80151
Q,671300030,2,0.37004,-1.11644,1.85971
Q,671300030,3,0.38408,-1.19183,1.81639
L,0,1,0,2,16777,671333702
L,1,1,0,2,17016,671333702
L,2,1,1,2,85019,671333702
L,3,1,0,3,16314,671333702
Q,671400301,0,0.38625,-1.26273,1.76255
Q,671400301,1,0.43167,-1.38791,1.77834
Q,671400301,2,0.38058,-1.14104,1.85644
Q,671400301,3,0.40738,-1.21888,1.78946
L,0,0,0,1,46386,671434178
L,0,1,1,2,83489,671434178
L,1,0,0,1,46641,671434178
L,2,1,0,2,16500,671434178
L,0,0,1,1,97876,671438682
L,3,0,0,1,46118,671460184
Q,671500589,0,0.41580,-1.25063,1.78604
Q,671500589,1,0.44928,-1.39474,1.77315
Q,671500589,2,0.39838,-1.16717,1.84450
Q,671500589,3,0.43057,-1.22166,1.79287
L,1,0,1,1,97867,671559989
L,2,0,0,1,46216,671561464
L,3,1,0,2,16096,671588085
Q,671600657,0,0.43239,-1.25691,1.77981
Q,671600657,1,0.47155,-1.40840,1.75970
Q,671600657,2,0.41282,-1.18538,1.82655
Q,671600657,3,0.45269,-1.24892,1.75741
L,2,1,1,2,83475,671634395
L,3,0,1,0,97671,671634395
L,1,1,0,3,16642,671636482
L,0,1,0,2,16408,671657214
L,3,1,1,3,82411,671676336
L,0,1,1,3,82136,671684762
L,0,0,0,0,45750,671691712
L,1,0,0,0,46010,671693505
Q,671700806,0,0.44110,-1.28109,1.74425
Q,671700806,1,0.48937,-1.39406,1.77586
Q,671700806,2,0.43847,-1.21170,1.79351
Q,671700806,3,0.47603,-1.26684,1.72846
L,1,1,1,3,82557,671734724
Q,671800809,0,0.44638,-1.29536,1.72660
Q,671800809,1,0.53992,-1.40396,1.76413
Q,671800809,2,0.46180,-1.22076,1.78849
Q,671800809,3,0.51113,-1.24685,1.76015
L,3,0,0,0,45178,671834696
L,2,0,0,0,45380,671839155
L,1,0,1,0,97362,671861210
L,2,1,0,3,15201,671862330
L,3,1,0,2,14838,671884799
L,3,0,1,0,97231,671892211
L,1,1,0,2,15436,671894109
Q,671901127,0,0.51811,-1.30735,1.71464
Q,671901127,1,0.57621,-1.40105,1.76998
Q,671901127,2,0.48660,-1.22750,1.78091
Q,671901127,3,0.55050,-1.24151,1.77108
L,2,1,1,3,81491,671935138
L,3,1,1,3,80807,671935138
L,0,1,1,3,80557,671941342
L,0,0,0,1,44876,671946584
L,0,0,1,0,96975,671981609
Q,672001163,0,0.54834,-1.30600,1.71740
Q,672001163,1,0.61355,-1.43303,1.73039
Q,672001163,2,0.53251,-1.27204,1.72164
Q,672001163,3,0.58588,-1.27323,1.72623
L,1,1,1,2,80629,672034912
L,0,1,0,3,14497,672070384
L,2,0,1,0,97199,672087514
L,2,0,0,1,44499,672097889
Q,672101232,0,0.57837,-1.31188,1.71333
Q,672101232,1,0.64200,-1.43028,1.73419
Q,672101232,2,0.53690,-1.28200,1.70683
Q,672101232,3,0.61348,-1.26901,1.73194
L,1,0,0,1,44637,672135675
L,1,0,1,1,97015,672135675
L,3,1,0,3,13862,672135675
L,3,0,1,0,96876,672150203
L,1,1,0,2,14366,672152566
L,0,1,1,3,79197,672200953
Q,672201612,0,0.58586,-1.32815,1.69071
Q,672201612,1,0.64991,-1.44695,1.71333
Q,672201612,2,0.60405,-1.27348,1.72690
Q,672201612,3,0.64897,-1.27991,1.71917
L,0,0,0,0,44089,672235881
L,0,0,1,0,96641,672235881
L,3,1,1,2,78873,672298152
Q,672301929,0,0.62449,-1.32710,1.69529
Q,672301929,1,0.65878,-1.46569,1.69009
Q,672301929,2,0.61983,-1.30520,1.68174
Q,672301929,3,0.66127,-1.30326,1.68684
L,0,1,0,3,13925,672336082
L,1,1,1,3,79114,672336082
L,2,1,0,3,13619,672336082
L,2,1,1,3,79320,672336082
L,2,0,1,0,96790,672345773
L,2,0,0,0,43875,672356692
L,3,0,0,0,43549,672358237
L,1,0,0,1,43980,672390389
Q,672401964,0,0.62449,-1.32710,1.69529
Q,672401964,1,0.74448,-1.43960,1.72408
Q,672401964,2,0.65378,-1.29947,1.69346
Q,672401964,3,0.75006,-1.27269,1.73577
L,3,1,0,2,13391,672436265
L,3,0,1,0,96328,672436265
L,1,0,1,0,96441,672438569
L,1,1,0,2,13884,672454654
Q,672502273,0,0.67987,-1.34632,1.67457
Q,672502273,1,0.78795,-1.43083,1.73939
Q,672502273,2,0.70620,-1.28427,1.72309
Q,672502273,3,0.76396,-1.26369,1.75052
L,0,1,1,3,77332,672543204
L,0,0,1,1,95861,672557702
L,0,1,0,3,13658,672590569
L,2,1,1,3,77776,672594343
L,3,1,1,3,77136,672595064
L,2,1,0,3,13350,672600624
Q,672602429,0,0.73459,-1.30514,1.73352
Q,672602429,1,0.83541,-1.44202,1.72735
Q,672602429,2,0.72630,-1.31976,1.67516
Q,672602429,3,0.79827,-1.28140,1.73161
L,2,0,0,1,43153,672636790
L,0,0,0,1,43010,672644373
L,2,0,1,1,96044,672648475
L,1,0,0,1,43296,672652987
L,3,0,1,1,95642,672691276
L,3,1,0,3,13087,672701818
Q,672702474,0,0.74751,-1.32762,1.70427
Q,672702474,1,0.86770,-1.46578,1.70520
Q,672702474,2,0.75039,-1.29661,1.70341
Q,672702474,3,0.84128,-1.27475,1.74873
L,1,0,1,0,95704,672736660
L,1,1,1,3,76592,672740450
L,1,1,0,3,13503,672752772
L,0,1,1,2,75761,672800269
Q,672802519,0,0.81395,-1.31842,1.72990
Q,672802519,1,0.90184,-1.48375,1.69133
Q,672802519,2,0.81730,-1.30691,1.70966
Q,672802519,3,0.88969,-1.32014,1.69777
L,0,0,1,0,95275,672837420
L,3,0,0,0,42268,672840451
L,0,1,0,3,13132,672851543
L,3,1,1,2,75356,672892695
L,2,0,0,0,42454,672897871
Q,672902665,0,0.85383,-1.29057,1.77440
Q,672902665,1,0.92809,-1.48781,1.69184
Q,672902665,2,0.87904,-1.29211,1.74746
Q,672902665,3,0.91284,-1.31840,1.70669
L,0,0,0,1,42282,672937695
L,1,0,0,1,42542,672937695
L,2,0,1,1,95460,672937695
L,3,0,1,0,95166,672951609
L,1,1,1,2,75070,672998360
Q,673002744,0,0.89295,-1.30563,1.76788
Q,673002744,1,0.97074,-1.48354,1.71126
Q,673002744,2,0.91505,-1.31320,1.73357
Q,673002744,3,0.96231,-1.32371,1.71893
L,3,1,0,3,12328,673060834
L,1,1,0,3,12807,673071553
L,1,0,1,1,95070,673078406
L,0,0,1,0,94779,673095087
L,2,1,0,3,12435,673099804
Q,673103052,0,0.92884,-1.28475,1.80821
Q,673103052,1,1.00812,-1.48140,1.72657
Q,673103052,2,0.95479,-1.31406,1.75230
Q,673103052,3,0.97045,-1.33662,1.70644
L,0,1,0,3,12631,673136895
L,3,1,1,2,74097,673148803
L,2,1,1,2,74552,673170604
Q,673203221,0,0.97993,-1.33107,1.76856
Q,673203221,1,1.05274,-1.47404,1.75027
Q,673203221,2,0.96478,-1.32949,1.73655
Q,673203221,3,1.02545,-1.32244,1.74967
L,0,0,0,0,41594,673237662
L,0,1,1,3,73713,673237662
L,2,0,1,0,94944,673237662
L,3,0,0,1,41373,673237662
L,1,1,1,2,74008,673259307
Q,673303239,0,1.03392,-1.37926,1.72224
Q,673303239,1,1.08648,-1.49827,1.73084
Q,673303239,2,1.01291,-1.36891,1.70027
Q,673303239,3,1.03787,-1.33909,1.72996
L,1,0,0,0,41638,673338052
L,1,1,0,2,12680,673338052
L,3,1,0,3,12235,673338052
L,0,0,1,0,94155,673354043
L,1,0,1,0,94414,673356161
L,2,1,0,2,12336,673357128
L,0,1,0,3,12553,673387286
Q,673403286,0,1.05480,-1.40703,1.68784
Q,673403286,1,1.10658,-1.50362,1.72881
Q,673403286,2,1.04795,-1.35871,1.72087
Q,673403286,3,1.08272,-1.36500,1.70323
L,2,1,1,2,73630,673437537
L,3,0,1,0,94049,673445216
L,3,1,1,2,73086,673449869
Q,673503299,0,1.08550,-1.44657,1.63614
Q,673503299,1,1.11589,-1.49443,1.74099
Q,673503299,2,1.07272,-1.38941,1.67955
Q,673503299,3,1.09554,-1.35337,1.72117
L,0,0,0,0,40843,673537629
L,0,1,1,2,72715,673537629
L,2,0,0,0,40943,673537629
L,3,0,0,0,40489,673555808
L,2,0,1,0,94050,673585963
L,1,1,0,2,12543,673591855
L,3,1,0,2,12099,673601837
Q,673603569,0,1.10377,-1.42511,1.66381
Q,673603569,1,1.14443,-1.53148,1.69723
Q,673603569,2,1.08004,-1.39839,1.66725
Q,673603569,3,1.11867,-1.37859,1.68290
L,0,0,1,0,93485,673637320
L,1,0,1,0,93799,673637320
L,2,1,0,2,12185,673637320
L,0,1,0,3,12342,673650038
Q,673703864,0,1.15162,-1.39978,1.69366
Q,673703864,1,1.18237,-1.57940,1.63538
Q,673703864,2,1.11265,-1.43569,1.61034
Q,673703864,3,1.14165,-1.40493,1.64572
L,1,1,1,2,72480,673738217
L,3,0,1,0,93540,673738217
L,2,1,1,2,72579,673745394
L,3,1,1,2,72017,673767082
L,1,0,0,1,40297,673785914
L,0,1,1,2,71774,673796879
Q,673803864,0,1.20978,-1.36082,1.74579
Q,673803864,1,1.19297,-1.59281,1.61808
Q,673803864,2,1.16143,-1.39623,1.66368
Q,673803864,3,1.18023,-1.39946,1.64605
L,2,0,1,0,93771,673838579
L,0,0,0,0,39715,673843898
L,1,1,0,3,11788,673850547
L,3,1,0,2,11309,673860706
L,2,1,0,3,11336,673895937
L,3,0,0,1,39292,673897053
Q,673903981,0,1.23654,-1.38820,1.70708
Q,673903981,1,1.24867,-1.56218,1.65089
Q,673903981,2,1.16883,-1.40524,1.65246
Q,673903981,3,1.22605,-1.36583,1.69168
L,0,1,0,2,11488,673938168
L,2,0,0,1,39508,673953987
L,0,0,1,0,93087,673973296
L,1,1,1,3,71557,673996859
Q,674004274,0,1.26630,-1.41702,1.66327
Q,674004274,1,1.30961,-1.52832,1.68548
Q,674004274,2,1.20065,-1.43765,1.60046
Q,674004274,3,1.28843,-1.34215,1.72088
L,1,0,1,0,93318,674039172
L,2,1,1,3,71662,674039172
L,3,1,1,2,71221,674039172
L,1,0,0,0,39395,674044755
L,0,1,1,2,70934,674099469
L,3,0,1,0,93034,674103981
Q,674104620,0,1.29249,-1.38009,1.70996
Q,674104620,1,1.33757,-1.50935,1.70450
Q,674104620,2,1.22630,-1.46317,1.55831
Q,674104620,3,1.32332,-1.32069,1.74818
L,1,1,0,2,11280,674138612
L,3,1,0,2,10879,674157501
L,2,0,1,1,93258,674163730
L,3,0,0,0,38499,674175911
L,2,1,0,2,10926,674192995
L,0,1,0,3,11196,674202601
Q,674204822,0,1.33300,-1.41480,1.65235
Q,674204822,1,1.34541,-1.49573,1.71937
Q,674204822,2,1.24340,-1.48027,1.53030
Q,674204822,3,1.33447,-1.30454,1.76841
L,0,0,1,1,92542,674253815
L,1,1,1,2,70973,674256387
L,0,0,0,0,38541,674269631
L,1,0,1,1,92801,674298262
L,2,0,0,1,38608,674300234
Q,674304980,0,1.35531,-1.43387,1.62071
Q,674304980,1,1.35981,-1.50968,1.69889
Q,674304980,3,1.34983,-1.31607,1.74790
L,1,0,0,1,38763,674339218
L,2,1,1,2,71007,674339218
L,3,1,1,2,70604,674339218
L,0,1,1,2,70445,674357037
L,3,0,1,0,92542,674367437
Q,674405019,0,1.36226,-1.43925,1.61069
Q,674405019,1,1.38631,-1.53572,1.66157
Q,674405019,3,1.37730,-1.33735,1.71152
L,1,1,0,2,11124,674438865
L,3,0,0,1,37987,674438865
L,3,1,0,3,10711,674474050
L,2,1,0,3,10745,674491309
Q,674505222,0,1.38316,-1.45700,1.58110
Q,674505222,1,1.41658,-1.56491,1.61835
Q,674505222,3,1.40843,-1.36066,1.67018
L,0,0,0,0,38045,674538935
L,1,1,1,2,70553,674538935
L,1,0,1,1,92560,674554421
L,2,0,0,1,38129,674556207
L,0,1,0,2,10806,674603668
Q,674605392,1,1.43225,-1.57961,1.59556
Q,674605392,3,1.41816,-1.34216,1.69116
L,0,0,1,0,92249,674638616
L,1,0,0,0,38216,674638616
L,2,0,1,1,92733,674638616
L,3,0,1,0,92433,674638616
L,3,1,1,3,70231,674645675
L,0,1,1,3,70080,674652625
L,2,1,1,3,70585,674661051
Q,674705487,3,1.46082,-1.33061,1.68820
L,3,0,0,0,37499,674738300
L,3,1,0,2,10243,674738300
L,1,1,0,2,10608,674750377
L,0,0,0,0,37659,674801981
Q,674805491,2,1.36647,-1.44005,1.54880
Q,674805491,3,1.46480,-1.33310,1.68310
L,1,0,1,1,92657,674838687
L,1,1,1,3,70300,674838687
L,2,1,0,3,10184,674888535
L,3,1,1,3,70037,674902292
L,1,0,0,0,37965,674905733
Q,674905733,0,1.43503,-1.44852,1.58021
Q,674905733,1,1.47506,-1.57388,1.58974
Q,674905733,2,1.39327,-1.41336,1.58399
Q,674905733,3,1.47559,-1.32291,1.69556
L,0,1,0,2,10380,674939974
L,0,1,1,2,69847,674939974
L,2,0,0,0,37791,674939974
L,2,1,1,3,70389,674939974
L,3,0,1,1,92567,674967798
L,2,0,1,1,92863,674983161
L,3,0,0,1,37424,674998915
Q,675005832,0,1.43686,-1.45098,1.57799
Q,675005832,1,1.47862,-1.57858,1.58614
Q,675005832,2,1.39621,-1.41764,1.58050
Q,675005832,3,1.49164,-1.31038,1.71581
L,0,0,1,0,92353,675040226
L,1,1,0,3,10458,675040226
L,3,1,0,3,10060,675054643
L,0,0,0,0,37605,675066367
L,1,0,1,1,92639,675097718
Q,675106137,0,1.43880,-1.45528,1.57614
Q,675106137,1,1.47862,-1.57858,1.58614
Q,675106137,2,1.39690,-1.42043,1.58029
Q,675106137,3,1.49593,-1.30432,1.72516
L,1,1,1,3,70090,675140848
L,1,0,0,0,38006,675163228
L,2,0,0,1,37842,675194440
Q,675206193,0,1.44058,-1.46004,1.57472
Q,675206193,1,1.48027,-1.58286,1.58650
Q,675206193,2,1.39727,-1.42477,1.58124
Q,675206193,3,1.50286,-1.30721,1.73002
L,0,1,1,3,69722,675240962
L,2,0,1,0,92827,675240962
L,3,1,1,2,69890,675240962
L,0,1,0,3,10454,675242024
L,2,1,1,3,70218,675280480
L,2,1,0,2,10261,675290839
L,3,0,0,1,37498,675297462
L,1,1,0,3,10583,675304452
Q,675306607,0,1.44139,-1.46206,1.57404
Q,675306607,1,1.48170,-1.58639,1.58670
Q,675306607,2,1.39755,-1.42664,1.58146
Q,675306607,3,1.50647,-1.30595,1.73541
L,0,0,0,1,37681,675341165
L,0,0,1,1,92229,675341165
L,3,1,0,2,10221,675341165
L,3,0,1,1,92444,675341165
L,1,0,1,0,92507,675378467
Q,675406683,3,1.50742,-1.30795,1.73463
L,1,0,0,1,38075,675438852
L,1,1,1,3,69976,675438852
L,2,0,0,1,37901,675453462
L,0,1,1,3,69616,675491454
Q,675506737,2,1.41719,-1.40856,1.61647
Q,675506737,3,1.50917,-1.31227,1.73335
L,2,1,1,2,70121,675539574
L,3,1,1,3,69769,675539574
Q,675606990,1,1.49716,-1.57420,1.61554
Q,675606990,2,1.41768,-1.41161,1.61680
Q,675606990,3,1.51051,-1.31726,1.73288
L,0,0,0,0,37784,675641454
L,0,1,0,3,10672,675641454
L,0,0,1,0,92148,675641454
L,1,1,0,2,10739,675641454
L,1,0,1,0,92450,675641454
L,2,1,0,2,10431,675641454
L,3,0,0,0,37604,675641454
L,3,0,1,1,92347,675684565
L,3,1,0,3,10390,675689793
L,1,0,0,0,38176,675706664
Q,675707319,0,1.45883,-1.44620,1.60944
Q,675707319,1,1.49719,-1.57492,1.61618
Q,675707319,2,1.41782,-1.41329,1.61720
Q,675707319,3,1.51101,-1.32030,1.73305
L,1,1,1,3,69943,675741808
L,0,1,1,2,69603,675752425
L,2,0,1,0,92620,675803853
Q,675807548,0,1.47137,-1.42972,1.63752
Q,675807548,1,1.49702,-1.57545,1.61708
Q,675807548,2,1.41759,-1.41450,1.61805
L,2,1,1,2,70099,675841124
L,3,1,1,3,69748,675842107
L,0,0,1,0,92074,675893113
L,2,0,0,0,38046,675895757
L,0,1,0,2,10807,675898849
L,0,0,0,0,37879,675903444
L,2,1,0,2,10581,675906335
Q,675907704,0,1.47170,-1.43258,1.63790
Q,675907704,1,1.50656,-1.56236,1.63808
Q,675907704,2,1.41752,-1.41610,1.61882
L,1,0,1,0,92368,675941523
L,3,0,1,0,92269,675941523
L,3,0,0,1,37706,675957228
L,1,0,0,0,38254,675987270
L,3,1,0,2,10550,675990983
L,1,1,0,2,10928,676000082
Q,676007928,0,1.47170,-1.43258,1.63790
Q,676007928,1,1.51407,-1.55295,1.65398
Q,676007928,3,1.51274,-1.32593,1.73608
L,0,1,1,3,69562,676041793
L,1,1,1,3,69901,676041793
L,2,0,1,1,92531,676082521
L,2,1,1,2,70054,676100403
Q,676108024,0,1.47228,-1.43546,1.63792
Q,676108024,1,1.51438,-1.55425,1.65451
Q,676108024,3,1.51295,-1.32678,1.73604
L,2,0,0,1,38084,676151667
L,0,0,1,1,92008,676154544
L,3,1,1,2,69699,676160113
L,0,0,0,1,37913,676161817
L,1,0,1,1,92309,676197045
Q,676208073,0,1.47241,-1.43616,1.63795
Q,676208073,1,1.51462,-1.55526,1.65494
Q,676208073,3,1.51359,-1.32892,1.73578
L,0,1,0,2,10889,676241628
L,2,1,0,2,10658,676241628
L,3,0,0,0,37718,676241628
L,1,1,0,3,10968,676263272
L,3,0,1,0,92193,676284944
L,1,1,1,2,69876,676292784
L,1,0,0,1,38248,676303015
L,0,1,1,2,69535,676308259
Q,676308259,1,1.51516,-1.55625,1.65473
Q,676308259,3,1.51454,-1.33030,1.73488
L,3,1,0,2,10579,676341169
L,2,1,1,3,70032,676356491
L,2,0,1,0,92499,676362746
Q,676408406,1,1.51550,-1.55669,1.65442
Q,676408406,3,1.51508,-1.33081,1.73428
L,0,0,0,1,37872,676441350
L,0,0,1,1,91998,676441350
L,1,0,1,1,92305,676491840
L,3,0,0,1,37677,676494628
L,3,1,1,3,69660,676501245
L,0,1,0,2,10833,676539831
L,2,1,0,2,10605,676539831
L,1,1,0,2,10912,676541454
L,1,0,0,1,38208,676566067
L,2,0,0,1,38025,676572118
L,3,0,1,0,92231,676605654
L,0,1,1,3,69486,676607951
Q,676608530,3,1.51749,-1.33376,1.73690
L,1,1,1,2,69827,676641006
L,2,1,1,2,69987,676641006
L,3,1,0,3,10481,676669393
L,2,0,1,1,92553,676684471
L,0,0,1,0,92040,676692932
Q,676708582,1,1.52335,-1.55001,1.66628
Q,676708582,3,1.51732,-1.33388,1.73716
L,0,0,0,0,37844,676742045
L,1,0,1,0,92346,676742045
L,3,0,0,0,37657,676773842
L,3,1,1,2,69635,676778766
L,0,1,0,3,10761,676797562
L,1,1,0,3,10848,676798877
L,2,1,0,3,10537,676803586
Q,676808717,1,1.52838,-1.54326,1.67736
Q,676808717,3,1.51692,-1.33407,1.73777
L,2,0,0,0,38020,676841484
Q,676908763,1,1.52814,-1.54346,1.67802
Q,676908763,3,1.51857,-1.33566,1.74125
L,1,1,1,2,69798,676941561
L,2,0,1,0,92566,676941561
L,3,1,0,3,10451,676941561
L,0,0,1,1,92051,676953806
L,3,0,1,1,92255,676965158
L,2,1,1,2,69947,676975756
L,1,0,1,0,92359,676992450
L,1,0,0,0,38203,677001850
Q,677008910,1,1.52802,-1.54356,1.67835
Q,677008910,3,1.52015,-1.33709,1.74398
L,0,0,0,1,37853,677041819
L,0,1,1,2,69446,677041819
L,3,0,0,1,37662,677041819
L,3,1,1,2,69604,677041819
L,1,1,0,2,10832,677059561
L,0,1,0,2,10749,677075317
L,2,0,0,0,38034,677091819
Q,677109072,1,1.52713,-1.54341,1.68001
Q,677109072,3,1.51952,-1.33728,1.74489
L,2,1,0,2,10535,677166195
Q,677209239,1,1.53041,-1.53816,1.69003
Q,677209239,3,1.51982,-1.33838,1.74799
L,0,0,1,1,92081,677242061
L,1,1,1,2,69813,677242061
L,2,1,1,2,69968,677242061
L,3,1,0,2,10474,677249405
L,1,0,1,0,92387,677252248
L,1,0,0,1,38255,677262848
L,3,0,1,1,92275,677284176
L,0,1,1,3,69466,677305497
Q,677309391,1,1.53354,-1.53434,1.69703
Q,677309391,2,1.43183,-1.40885,1.64934
Q,677309391,3,1.51925,-1.33837,1.74875
L,0,1,0,2,10784,677342933
L,1,1,0,2,10866,677342933
L,2,0,0,1,38067,677342933
L,3,0,0,1,37711,677342933
L,3,1,1,3,69615,677356485
L,2,0,1,1,92591,677361744
L,0,0,0,1,37923,677401073
Q,677409589,1,1.53282,-1.53386,1.69804
Q,677409589,2,1.43094,-1.40854,1.65069
Q,677409589,3,1.52007,-1.34070,1.75134
L,2,1,0,2,10543,677442800
L,2,1,1,2,70008,677496449
L,3,1,0,2,10452,677509771
Q,677509771,1,1.53113,-1.53275,1.70043
Q,677509771,2,1.42934,-1.40747,1.65290
Q,677509771,3,1.51871,-1.33993,1.75297
L,0,0,1,1,92168,677543205
L,1,0,1,1,92473,677543205
L,1,1,1,2,69864,677543205
L,3,0,1,1,92388,677566532
L,0,1,1,2,69539,677584881
L,0,1,0,2,10750,677595144
Q,677609985,1,1.53113,-1.53275,1.70043
Q,677609985,2,1.42934,-1.40747,1.65290
Q,677609985,3,1.51614,-1.33965,1.75689
L,1,1,0,3,10842,677644299
L,2,0,0,0,38166,677644299
L,3,1,1,3,69720,677644299
L,3,0,0,0,37810,677652656
L,0,0,0,0,37997,677660165
L,1,0,0,0,38359,677661611
Q,677710260,0,1.47754,-1.42772,1.66728
Q,677710260,1,1.52953,-1.53142,1.70247
Q,677710260,2,1.43828,-1.39467,1.67580
Q,677710260,3,1.51404,-1.33783,1.75924
L,2,0,1,1,92664,677744810
L,3,1,0,2,10528,677768558
L,2,1,1,2,70076,677772733
L,2,1,0,2,10597,677783180
L,1,0,1,0,92454,677793235
Q,677810436,0,1.48347,-1.41659,1.68530
Q,677810436,2,1.43618,-1.39266,1.67840
Q,677810436,3,1.51367,-1.33907,1.75854
L,0,0,1,0,92152,677843857
L,0,1,1,2,69570,677843857
L,3,0,1,0,92359,677883671
L,1,1,1,2,69926,677890674
L,1,1,0,3,10930,677895406
Q,677910465,0,1.48183,-1.41565,1.68744
Q,677910465,1,1.52823,-1.52801,1.70902
Q,677910465,2,1.43456,-1.39169,1.68061
Q,677910465,3,1.51235,-1.33851,1.76017
L,3,0,0,0,37871,677944601
L,3,1,1,2,69723,677959198
L,0,0,0,0,38073,677960315
L,0,1,0,3,10854,677971517
L,2,0,1,1,92691,678001110
Q,678010475,0,1.48085,-1.41526,1.68878
Q,678010475,1,1.52734,-1.52645,1.71425
Q,678010475,2,1.43311,-1.39124,1.68275
Q,678010475,3,1.51115,-1.34009,1.76050
L,2,1,1,2,70081,678044897
L,1,0,1,1,92496,678071201
L,2,0,0,0,38267,678090877
L,3,1,0,3,10546,678107746
L,0,0,1,1,92198,678109910
Q,678110489,0,1.47817,-1.41427,1.69247
Q,678110489,1,1.52637,-1.52594,1.71571
Q,678110489,2,1.43841,-1.38304,1.70178
Q,678110489,3,1.51115,-1.34009,1.76050
L,0,1,1,3,69582,678144247
L,1,1,1,3,69929,678144247
L,2,1,0,3,10623,678144247
L,1,1,0,2,10944,678178978
L,3,0,1,0,92411,678182279
L,1,0,0,0,38479,678185509
Q,678210585,0,1.47679,-1.41369,1.69434
Q,678210585,1,1.52466,-1.52497,1.71823
Q,678210585,2,1.43746,-1.38281,1.70317
Q,678210585,3,1.50864,-1.33967,1.76376
L,0,0,0,1,38138,678244678
L,0,1,0,2,10869,678244678
L,2,0,1,1,92720,678260624
L,3,0,0,0,37957,678276695
L,3,1,1,2,69744,678298102
Q,678310799,1,1.52476,-1.52587,1.72012
Q,678310799,2,1.43670,-1.38249,1.70425
Q,678310799,3,1.50685,-1.34477,1.76148
L,1,0,1,0,92494,678345134
L,3,1,0,2,10599,678366384
L,2,1,1,3,70056,678376621
L,0,1,1,3,69545,678401537
L,2,1,0,3,10692,678404646
Q,678410930,1,1.52336,-1.52573,1.72270
Q,678410930,2,1.43490,-1.38265,1.70712
Q,678410930,3,1.50570,-1.34531,1.76317
L,1,0,0,0,38546,678444852
L,1,1,0,2,11055,678444852
L,3,0,1,0,92389,678444852
L,2,0,0,0,38376,678469397
L,0,0,1,1,92113,678489965
L,0,0,0,0,38198,678499582
Q,678511037,1,1.52321,-1.52633,1.72349
Q,678511037,2,1.43387,-1.38481,1.70957
Q,678511037,3,1.50461,-1.34673,1.76501
L,3,0,0,1,38055,678545128
L,1,1,1,2,69800,678562410
L,0,1,0,2,11027,678570848
L,3,1,1,2,69584,678576749
Q,678611081,1,1.52301,-1.52944,1.72650
Q,678611081,3,1.50303,-1.34823,1.76758
L,2,0,1,0,92641,678644395
L,2,1,1,3,69856,678644395
L,2,1,0,3,10769,678660034
L,3,1,0,2,10676,678668398
L,1,0,1,1,92330,678670859
Q,678711112,1,1.52304,-1.53021,1.72710
Q,678711112,3,1.50214,-1.35104,1.76959
L,3,0,1,0,92313,678743685
L,0,0,0,1,38231,678798416
L,1,0,0,1,38604,678799940
L,2,0,0,1,38443,678808165
L,0,0,1,1,91972,678842491
L,1,1,0,2,11198,678842491
L,1,1,1,2,69660,678842491
L,3,1,1,2,69396,678842491
L,0,1,0,2,11116,678851464
L,3,0,0,1,38051,678854977
L,1,0,1,1,92246,678942515
L,2,1,0,2,10802,678942515
L,3,0,1,0,92196,679005228
L,2,1,1,3,69690,679009222
L,0,1,1,2,69327,679042558
L,1,0,0,0,38570,679059915
L,2,0,0,1,38377,679093096
L,0,0,0,1,38215,679103412
L,3,1,0,2,10689,679107497
L,0,1,0,2,11084,679108959
L,0,0,1,0,91979,679142534
L,1,1,1,3,69679,679142534
L,3,0,0,1,37990,679154948
L,2,0,1,1,92548,679160636
L,1,1,0,2,11130,679192691
L,2,1,0,2,10727,679201389
L,3,0,1,1,92247,679264648
L,2,1,1,2,69763,679267634
L,1,0,1,0,92344,679290445
L,0,1,1,3,69376,679342557
L,1,0,0,0,38517,679342557
L,3,1,1,3,69444,679342557
L,2,0,0,0,38291,679348715
L,0,0,0,1,38157,679361297
L,3,1,0,3,10599,679364897
L,1,1,1,3,69762,679400457
Q,679411170,1,1.52829,-1.53746,1.72616
L,1,1,0,2,10981,679443882
L,2,0,1,1,92620,679443882
L,3,0,0,1,37895,679443882
L,0,0,1,1,92117,679449488
L,2,1,0,2,10562,679495092
Q,679511279,1,1.52924,-1.53746,1.72721
L,2,1,1,3,69965,679543510
L,3,0,1,0,92424,679545147
L,0,1,0,3,10775,679547099
L,1,0,1,0,92548,679548961
L,1,0,0,0,38404,679601788
L,3,1,1,2,69722,679609059
Q,679611287,1,1.52720,-1.53235,1.72696
L,0,0,0,0,38037,679643629
L,2,0,0,0,38192,679643629
L,3,1,0,3,10388,679643629
L,0,1,1,3,69593,679677762
Q,679711360,1,1.52747,-1.52916,1.72862
Q,679711360,2,1.44340,-1.37853,1.71840
Q,679711360,3,1.50772,-1.35269,1.76465
L,1,1,0,2,10720,679745610
L,1,1,1,2,69966,679745610
L,2,1,0,2,10438,679745610
L,3,0,0,0,37781,679745610
L,0,1,0,2,10618,679801454
L,3,0,1,0,92489,679804668
Q,679811360,1,1.52742,-1.52309,1.72966
Q,679811360,2,1.44916,-1.36903,1.72758
Q,679811360,3,1.50795,-1.34611,1.76359
L,0,0,1,0,92345,679845507
L,1,0,1,0,92656,679845507
L,2,0,1,0,92803,679845507
L,2,1,1,3,70122,679847399
L,3,1,1,2,69753,679875064
L,3,1,0,2,10336,679899054
L,0,0,0,0,37958,679899908
L,1,0,0,0,38302,679901318
Q,679911379,1,1.52742,-1.52309,1.72966
Q,679911379,2,1.45408,-1.36100,1.73495
Q,679911379,3,1.50877,-1.34282,1.76463
L,0,1,1,2,69651,679976911
L,2,1,0,3,10396,679996267
L,2,0,0,0,38072,680007948
Q,680011543,0,1.48050,-1.39917,1.71027
Q,680011543,1,1.52805,-1.51863,1.73114
Q,680011543,2,1.45487,-1.35805,1.73290
Q,680011543,3,1.50900,-1.34046,1.76385
L,3,0,0,1,37730,680046428
L,1,1,0,2,10624,680051833
L,1,1,1,2,70060,680056866
L,2,0,1,1,92832,680097720
L,3,0,1,1,92520,680105309
L,0,1,0,2,10561,680107043
Q,680111665,0,1.48538,-1.38996,1.72069
Q,680111665,1,1.52774,-1.51627,1.72993
Q,680111665,2,1.45504,-1.35695,1.73234
Q,680111665,3,1.50880,-1.33450,1.76181
L,0,0,1,1,92401,680145689
L,2,1,1,2,70234,680145689
L,1,0,1,0,92714,680152276
L,3,1,0,2,10333,680180210
L,3,1,1,2,69858,680211758
Q,680211758,0,1.49515,-1.37541,1.74162
Q,680211758,1,1.52799,-1.51232,1.73149
Q,680211758,2,1.46242,-1.34321,1.74832
Q,680211758,3,1.50858,-1.33196,1.76114
L,0,0,0,0,37946,680245607
L,1,0,0,0,38287,680245607
L,0,1,1,2,69697,680255669
L,2,0,0,1,38091,680268817
Q,680312039,0,1.49972,-1.36838,1.75148
Q,680312039,1,1.52791,-1.50875,1.73244
Q,680312039,2,1.46384,-1.33946,1.75140
Q,680312039,3,1.50815,-1.33008,1.76055
L,1,1,0,3,10663,680346573
L,1,1,1,3,70076,680346573
L,2,1,0,3,10422,680346573
L,3,0,0,1,37757,680346573
L,3,0,1,0,92492,680362195
L,2,1,1,3,70225,680405026
Q,680412170,0,1.50118,-1.36478,1.75421
Q,680412170,1,1.52782,-1.50491,1.73409
Q,680412170,2,1.46489,-1.33581,1.75311
Q,680412170,3,1.50783,-1.32911,1.75970
L,0,1,0,3,10668,680447080
L,1,0,1,1,92614,680447080
L,3,1,0,3,10400,680447080
L,1,0,0,0,38241,680498188
L,2,0,1,0,92711,680500338
L,0,0,1,0,92212,680509829
Q,680512200,0,1.50310,-1.36284,1.75575
Q,680512200,1,1.53039,-1.50463,1.73186
Q,680512200,2,1.46775,-1.33480,1.75319
Q,680512200,3,1.51064,-1.33105,1.75590
L,0,0,0,0,37866,680546731
L,0,1,1,2,69620,680555265
L,2,0,0,0,37981,680568533
L,3,1,1,3,69772,680570686
L,1,1,0,2,10735,680606458
Q,680612526,0,1.50785,-1.36425,1.74970
Q,680612526,1,1.53049,-1.50229,1.73308
Q,680612526,2,1.47196,-1.33398,1.75127
Q,680612526,3,1.51212,-1.33171,1.75410
L,2,1,0,2,10457,680647448
L,3,0,1,0,92292,680647448
L,3,0,0,0,37549,680652935
L,1,1,1,2,69977,680656185
L,2,1,1,3,70129,680682704
L,1,0,1,0,92422,680712149
Q,680712792,0,1.51423,-1.36547,1.74147
Q,680712792,1,1.53049,-1.50229,1.73308
Q,680712792,2,1.47598,-1.33480,1.74591
Q,680712792,3,1.51495,-1.32795,1.75202
L,0,1,0,2,10650,680747131
L,3,1,0,3,10365,680747131
L,2,0,1,0,92566,680759918
L,0,0,1,0,92065,680769824
L,1,0,0,1,37946,680801036
Q,680813092,0,1.51423,-1.36547,1.74147
Q,680813092,1,1.53464,-1.50423,1.72687
Q,680813092,2,1.48096,-1.33533,1.73921
Q,680813092,3,1.52148,-1.32519,1.74459
L,0,0,0,0,37578,680848173
L,2,0,0,0,37718,680848173
L,3,1,1,2,69817,680848173
L,0,1,1,2,69694,680874549
L,1,1,0,2,10645,680887010
Q,680913173,0,1.52039,-1.36476,1.73321
Q,680913173,1,1.54212,-1.49989,1.71847
Q,680913173,2,1.48791,-1.33421,1.72954
Q,680913173,3,1.52887,-1.32043,1.73517
L,1,1,1,2,70037,680947427
L,2,1,0,3,10348,680947427
L,3,0,0,1,37288,680947427
L,2,1,1,2,70172,680963795
L,1,0,1,1,92337,680972070
L,3,0,1,0,92158,680983332
L,3,1,0,3,10281,680998646
Q,681013429,1,1.54924,-1.50224,1.70730
Q,681013429,2,1.48965,-1.33375,1.72712
Q,681013429,3,1.53288,-1.31967,1.72982
L,0,1,0,3,10557,681047836
L,0,0,1,0,91981,681047836
L,2,0,1,0,92481,681047836
Q,681113512,1,1.55838,-1.49596,1.69869
Q,681113512,3,1.53853,-1.31414,1.72600
L,0,1,1,2,69685,681146818
L,2,0,0,0,37461,681146818
L,3,1,1,2,69807,681146818
L,0,0,0,1,37334,681155880
L,1,0,0,1,37659,681160785
L,1,1,0,3,10515,681166445
Q,681213686,1,1.56425,-1.49716,1.68919
Q,681213686,3,1.54545,-1.31308,1.71699
L,1,1,1,3,70054,681246890
L,2,1,0,3,10180,681246890
L,2,1,1,3,70178,681246890
L,3,0,0,1,37064,681246890
L,3,0,1,1,92157,681246890
L,1,0,1,1,92340,681248773
L,3,1,0,2,10136,681278464
L,0,0,1,0,92019,681305667
Q,681313811,1,1.56717,-1.49717,1.68414
Q,681313811,3,1.54832,-1.30499,1.71712
L,0,1,0,2,10411,681346758
L,2,0,0,1,37324,681408509
L,0,1,1,3,69752,681412956
Q,681413950,1,1.56972,-1.49656,1.67941
Q,681413950,3,1.54995,-1.29815,1.71843
L,0,0,0,0,37238,681446760
L,1,0,0,0,37554,681446760
L,1,1,0,3,10398,681446760
L,2,0,1,1,92531,681446760
L,3,1,1,3,69866,681446760
L,3,0,0,0,36971,681511441
Q,681513958,1,1.57074,-1.48498,1.68361
Q,681513958,3,1.55232,-1.29140,1.71791
L,1,0,1,0,92337,681547185
L,1,1,1,3,70104,681547185
L,2,1,0,3,10110,681547185
L,2,1,1,3,70218,681547185
L,3,1,0,3,10130,681547185
L,3,0,1,0,92130,681547185
L,0,1,0,2,10434,681601241
L,0,0,1,1,91915,681605773
Q,681614111,1,1.57217,-1.47595,1.68632
Q,681614111,3,1.55718,-1.29180,1.71183
L,2,0,1,1,92305,681697316
L,2,0,0,0,37160,681705117
Q,681714214,1,1.57914,-1.48057,1.67731
Q,681714214,3,1.55889,-1.29252,1.70980
L,0,0,0,0,37063,681747522
L,1,1,0,2,10447,681747522
L,3,1,1,2,69626,681747522
L,0,1,1,3,69489,681753196
L,3,0,0,1,36788,681770430
L,1,0,0,0,37310,681796402
L,3,0,1,0,91767,681799469
L,2,1,1,2,69859,681804363
L,1,0,1,0,91983,681809036
Q,681814289,1,1.58286,-1.47337,1.68077
Q,681814289,3,1.56806,-1.30043,1.69964
L,1,1,1,2,69703,681846882
L,2,1,0,2,10198,681846882
L,3,1,0,2,10223,681846882
L,0,1,0,3,10518,681863546
L,0,0,1,1,91406,681887481
Q,681914391,1,1.58831,-1.46785,1.68391
Q,681914391,3,1.57632,-1.30906,1.69074
L,2,0,1,1,91759,681947707
L,2,0,0,0,36753,681965514
L,0,1,1,2,68694,682009172
L,0,0,0,1,36527,682014326
Q,682014711,1,1.61477,-1.49535,1.65682
L,1,0,0,1,36828,682046937
L,1,1,0,3,10577,682046937
L,3,0,0,0,36155,682046937
L,3,0,1,0,90877,682057374
L,2,1,1,3,68935,682062115
L,1,0,1,0,91100,682065956
L,3,1,1,2,68452,682085741
L,2,1,0,3,10279,682110225
Q,682114785,1,1.62288,-1.50334,1.64823
L,0,1,0,3,10550,682146872
L,0,0,1,0,90425,682150980
L,1,1,1,3,68401,682153427
Q,682214788,1,1.64482,-1.50534,1.65390
L,2,0,0,0,35941,682246944
L,2,0,1,0,90680,682246944
L,3,1,0,2,10269,682246944
L,1,0,0,0,35942,682297373
L,1,1,0,2,10572,682303426
Q,682314847,1,1.67845,-1.53974,1.62001
L,0,0,0,0,35548,682347068
L,0,1,1,3,67191,682347068
L,2,1,1,3,67545,682347068
L,3,0,0,0,35280,682347068
L,3,0,1,0,89722,682347068
L,3,1,1,2,67142,682347068
L,2,1,0,3,10341,682388913
L,0,1,0,3,10654,682398024
Q,682414895,1,1.72573,-1.59237,1.57568
L,0,0,1,0,89083,682447211
L,1,1,1,2,66974,682449381
L,1,0,1,0,89397,682466748
Q,682514922,1,1.74022,-1.60939,1.56292
L,2,0,1,1,89274,682547269
L,1,0,0,1,35579,682556618
L,1,1,0,2,10874,682582157
L,2,1,1,2,66559,682599014
L,3,0,1,0,88519,682601300
L,2,0,0,0,35237,682605543
L,3,1,0,2,10767,682614667
Q,682615005,1,1.74022,-1.60939,1.56292
L,0,0,0,0,35330,682647103
L,0,1,0,2,11085,682658604
L,3,1,1,2,66056,682665059
L,0,1,1,2,66079,682667746
L,0,0,1,0,88125,682746417
L,3,0,0,1,35049,682746417
L,1,1,1,2,66187,682750633
L,2,1,0,2,10912,682753188
L,1,0,0,0,35609,682846405
L,1,0,1,1,88159,682846405
L,2,0,1,0,88177,682846405
L,3,0,1,0,87621,682856125
L,1,1,0,3,11453,682901326
L,0,1,0,2,11640,682946425
L,3,1,0,2,11460,682955553
L,3,1,1,2,65451,682963262
L,0,1,1,2,65496,682991136
L,0,0,1,1,87321,683002989
L,2,1,0,2,11368,683007560
L,0,0,0,0,35491,683046444
L,2,1,1,2,65605,683046444
L,2,0,0,0,35206,683051822
L,3,0,0,0,35092,683071138
L,1,1,1,2,65518,683092308
L,2,0,1,1,87269,683113044
Q,683115059,1,1.85624,-1.72990,1.52582
L,1,0,0,0,35508,683147377
L,3,0,1,0,86820,683147377
L,1,1,0,2,11692,683159266
Q,683215064,1,1.90774,-1.77000,1.53199
L,0,1,0,3,11867,683247564
L,0,1,1,3,64951,683247564
L,1,0,1,0,87074,683247564
L,3,1,0,3,11690,683247564
L,2,1,0,2,11514,683266217
L,0,0,1,1,86568,683303537
Q,683315109,1,1.91446,-1.77887,1.52736
L,0,0,0,1,35299,683347476
L,3,1,1,3,64598,683347476
L,2,1,1,3,64768,683356939
L,3,0,0,0,34918,683367879
L,2,0,1,0,86564,683372285
L,2,0,0,0,34876,683384336
Q,683415204,1,1.92981,-1.79999,1.51775
L,1,1,1,2,64822,683448356
L,1,1,0,3,11759,683460755
L,1,0,0,1,35426,683496475
Q,683515233,1,1.93950,-1.81522,1.51360
L,3,1,0,2,12019,683547955
L,3,0,1,0,86240,683547955
L,0,0,1,0,86604,683563985
L,1,0,1,0,86838,683565617
L,0,1,1,2,64917,683585370
L,3,1,1,3,64768,683601932
Q,683615235,1,1.93950,-1.81522,1.51360
L,2,0,0,0,35710,683647980
L,0,0,0,0,36416,683651979
L,3,0,0,0,36509,683684732
L,0,1,0,2,12704,683693475
L,2,1,0,2,12471,683709864
L,1,0,0,0,36763,683746705
L,1,1,0,3,12624,683746705
L,1,1,1,3,65676,683746705
L,2,1,1,3,65400,683746705
L,3,0,1,1,87828,683799695
L,0,1,1,3,67094,683846642
L,3,1,0,3,13621,683846642
L,1,0,1,1,88179,683847033
L,3,1,1,3,67335,683863570
L,0,0,1,1,88660,683865692
L,0,0,0,0,38592,683946671
L,2,0,0,1,38684,683946671
L,3,0,0,1,38920,683946671
L,0,1,0,3,13579,683952632
L,2,0,1,0,89465,683992596
L,1,1,0,2,13560,683998512
L,1,0,0,1,38817,684046714
L,2,1,1,3,69763,684094286
L,3,0,1,1,90800,684096616
L,3,1,0,2,13266,684104134
Q,684115485,0,1.69713,-1.62434,1.52335
Q,684115485,2,1.71818,-1.67721,1.46760
Q,684115485,3,1.80687,-1.74185,1.39878
L,0,1,1,3,70079,684148563
L,1,0,1,0,90608,684148563
L,2,1,0,2,13489,684148563
L,3,1,1,2,70305,684148563
L,1,1,1,3,69991,684166853
L,3,0,0,0,38658,684210880
L,0,1,0,2,12506,684212686
Q,684215517,0,1.65070,-1.58866,1.51920
Q,684215517,1,1.71849,-1.56759,1.68642
Q,684215517,2,1.62327,-1.60024,1.50275
Q,684215517,3,1.73835,-1.65841,1.46337
L,0,0,0,0,38289,684249283
L,1,0,0,1,38353,684298644
Q,684315653,0,1.58575,-1.47647,1.56052
Q,684315653,1,1.70276,-1.59062,1.64990
Q,684315653,2,1.54560,-1.49447,1.54048
Q,684315653,3,1.68883,-1.58937,1.50579
L,2,0,0,0,38382,684349441
L,2,1,1,2,70984,684352483
L,1,1,0,3,12359,684376056
L,3,1,0,3,12045,684405205
Q,684415712,0,1.56852,-1.43954,1.55985
Q,684415712,1,1.66212,-1.58352,1.60893
Q,684415712,2,1.51991,-1.44444,1.55048
Q,684415712,3,1.62018,-1.50509,1.51862
L,1,1,1,3,70695,684449754
L,3,0,1,1,91352,684449754
L,3,1,1,3,70974,684449754
L,0,0,1,0,91098,684464139
L,2,0,1,0,91484,684474334
L,0,1,0,3,12175,684479075
L,1,0,1,0,91156,684491083
L,0,1,1,3,70658,684502696
L,2,1,0,3,12361,684509668
Q,684515876,0,1.56555,-1.43377,1.55618
Q,684515876,1,1.65303,-1.58905,1.59340
Q,684515876,2,1.51639,-1.43612,1.54610
Q,684515876,3,1.61388,-1.49974,1.50791
L,0,0,0,1,38017,684549537
L,3,0,0,1,38140,684549537
L,1,0,0,0,38402,684561379
Q,684616088,0,1.56555,-1.43377,1.55618
Q,684616088,1,1.65303,-1.58905,1.59340
Q,684616088,2,1.51639,-1.43612,1.54610
Q,684616088,3,1.61388,-1.49974,1.50791
L,2,1,1,3,71230,684649951
L,1,1,0,2,12977,684659107
L,3,1,0,3,12566,684667474
L,3,0,1,0,91669,684703023
L,1,1,1,3,71221,684711061
Q,684716438,0,1.56555,-1.43377,1.55618
Q,684716438,1,1.65303,-1.58905,1.59340
Q,684716438,2,1.51639,-1.43612,1.54610
Q,684716438,3,1.61388,-1.49974,1.50791
L,0,1,0,2,12909,684750176
L,0,0,1,0,91426,684750176
L,2,0,1,0,91695,684750176
L,2,0,0,0,39353,684752205
L,1,0,1,0,91408,684755204
L,3,1,1,3,71513,684757365
L,0,1,1,3,71269,684764535
L,2,1,0,3,13169,684773991
L,0,0,0,1,39187,684807953
L,3,0,0,1,39537,684812702
Q,684816635,0,1.56555,-1.43377,1.55618
Q,684816635,1,1.65303,-1.58905,1.59340
Q,684816635,2,1.51639,-1.43612,1.54610
Q,684816635,3,1.61388,-1.49974,1.50791
L,1,0,0,1,39540,684850788
L,1,1,0,2,13942,684948044
L,3,1,0,2,13764,684948044
L,3,0,1,1,91896,684965312
L,2,0,0,1,40374,685007237
L,2,0,1,1,91611,685012335
L,0,0,1,1,91757,685015671
L,0,1,0,2,13972,685035428
L,1,0,1,1,91472,685035428
L,0,0,0,1,40269,685065071
L,3,0,0,1,40663,685074419
L,2,1,0,2,14738,685099315
L,1,0,0,0,40442,685109070
L,3,1,0,2,14985,685208640
L,1,1,0,2,15097,685235429
L,3,0,1,1,92083,685235429
L,0,0,1,0,92049,685272915
L,2,0,1,0,91855,685275045
L,2,0,0,0,41445,685282304
L,1,0,1,1,91830,685301563
L,0,0,0,1,41412,685335433
L,0,1,0,3,15206,685335433
L,3,0,0,1,41828,685335433
L,2,1,0,3,15844,685357589
L,1,0,0,1,41653,685391084
L,3,1,0,3,15913,685470681
L,3,0,1,0,92643,685504516
L,1,1,0,3,16082,685535463
L,2,0,0,1,42481,685547167
L,0,0,1,0,92609,685551391
L,2,0,1,1,92428,685553262
L,1,0,1,0,92356,685558358
L,3,0,0,1,42729,685590768
L,0,1,0,2,15935,685592694
L,0,0,0,1,42400,685596361
L,2,1,0,2,16531,685615864
L,1,0,0,0,42501,685647899
L,2,1,1,3,74097,685664740
L,3,1,1,3,74432,685696085
L,3,1,0,2,16470,685735474
L,3,0,1,0,93331,685781315
L,1,1,0,3,16572,685786563
