{
  "description": "Ultra-fast guided LH2 geometry calibration.",
  "input_layout": ".\\config\\sensors_layout.json",
  "input_poses": ".\\config\\calibration_poses_2d.json",
  "lighthouse_z_m": 1.2,
  "drone_z_m": 0.0,
  "basestations": [
    {
      "basestation": 4,
      "model": "lh2_ultrafast_fixed_hypothesis",
      "rmse_deg": 3.8733842249111867,
      "num_residuals": 72,
      "lighthouse_z_m": 1.2,
      "drone_z_m": 0.0,
      "sweep_tilts": {
        "sweep_0_deg": 30.0,
        "sweep_1_deg": -30.0,
        "sweep_0_rad": 0.5235987755982988,
        "sweep_1_rad": -0.5235987755982988
      },
      "angle_correction": {
        "sign_sweep_0": 1.0,
        "sign_sweep_1": 1.0,
        "offset_sweep_0_rad": -0.3599099894619289,
        "offset_sweep_1_rad": -0.42032342174925713,
        "offset_sweep_0_deg": -20.62132340076646,
        "offset_sweep_1_deg": -24.082758096729748
      },
      "world_to_lighthouse": {
        "rotation_vector": [
          -0.9077341621490344,
          1.115387625554144,
          0.03357929683196314
        ],
        "rotation_matrix": [
          [
            0.4776123822539355,
            -0.4478885964916863,
            0.7558321357619217
          ],
          [
            -0.40160926038447037,
            0.6538542131574065,
            0.641236828254388
          ],
          [
            -0.7814066894333317,
            -0.609811834149696,
            0.13241266042121685
          ]
        ],
        "translation_m": [
          -1.4999989496554804,
          2.199999568008793,
          1.2
        ]
      }
    },
    {
      "basestation": 10,
      "model": "lh2_ultrafast_fixed_hypothesis",
      "rmse_deg": 3.7359952079820284,
      "num_residuals": 72,
      "lighthouse_z_m": 1.2,
      "drone_z_m": 0.0,
      "sweep_tilts": {
        "sweep_0_deg": 30.0,
        "sweep_1_deg": -30.0,
        "sweep_0_rad": 0.5235987755982988,
        "sweep_1_rad": -0.5235987755982988
      },
      "angle_correction": {
        "sign_sweep_0": 1.0,
        "sign_sweep_1": 1.0,
        "offset_sweep_0_rad": -0.18640410728590553,
        "offset_sweep_1_rad": -0.23912563362356043,
        "offset_sweep_0_deg": -10.680168631386186,
        "offset_sweep_1_deg": -13.700889580021624
      },
      "world_to_lighthouse": {
        "rotation_vector": [
          -0.4712465992371277,
          -1.2389968117259957,
          0.6220956600309134
        ],
        "rotation_matrix": [
          [
            0.19885144695549367,
            -0.1790720515834927,
            -0.9635306442378392
          ],
          [
            0.6657950273540632,
            0.7461336242529113,
            -0.001263451549307737
          ],
          [
            0.7191488605249324,
            -0.6412626724680722,
            0.26759503228721776
          ]
        ],
        "translation_m": [
          1.499999991144151,
          2.199999914093952,
          1.2
        ]
      }
    }
  ]
}