{
  "description": "Constrained Lighthouse geometry with fixed lighthouse height.",
  "input_layout": ".\\config\\sensors_layout.json",
  "input_poses": ".\\config\\calibration_poses_2d.json",
  "lighthouse_z_m": 1.2,
  "drone_z_m": 0.0,
  "basestations": [
    {
      "basestation": 4,
      "model": "constrained_height_world_to_lighthouse",
      "lighthouse_z_m": 1.2,
      "drone_z_m": 0.0,
      "rmse_deg": 1.2742233462153856,
      "rmse_rad": 0.022239392797238106,
      "cost": 0.006348522939413174,
      "success": true,
      "num_residuals": 40,
      "sweep_map": {
        "sweep_0": "v",
        "sweep_1": "h"
      },
      "world_to_lighthouse": {
        "rotation_vector": [
          2.7267385608914694,
          0.03629998482343126,
          -0.10260928416884389
        ],
        "rotation_matrix": [
          [
            0.9969520157161997,
            0.04054750972622888,
            -0.06665266547113574
          ],
          [
            0.010386510036620793,
            -0.9157091423980626,
            -0.40170746437907257
          ],
          [
            -0.07732269245612786,
            0.3997907777620765,
            -0.9133392224402326
          ]
        ],
        "translation_m": [
          4.999999999999999,
          -4.999999999999999,
          1.2
        ]
      }
    },
    {
      "basestation": 10,
      "model": "constrained_height_world_to_lighthouse",
      "lighthouse_z_m": 1.2,
      "drone_z_m": 0.0,
      "rmse_deg": 1.962376685632454,
      "rmse_rad": 0.034249934328660026,
      "cost": 0.012448065749695623,
      "success": true,
      "num_residuals": 40,
      "sweep_map": {
        "sweep_0": "h",
        "sweep_1": "v"
      },
      "world_to_lighthouse": {
        "rotation_vector": [
          2.8690313891904937,
          -0.2186434111970247,
          -0.26349869264301257
        ],
        "rotation_matrix": [
          [
            0.9723588533629165,
            -0.12514229216450395,
            -0.19712348160117404
          ],
          [
            -0.1706554753140449,
            -0.9570941659783493,
            -0.23419535903929778
          ],
          [
            -0.15935799017335744,
            0.26136213222657584,
            -0.9519952031422668
          ]
        ],
        "translation_m": [
          3.7245731153980786,
          -4.999999999999999,
          1.2
        ]
      }
    }
  ]
}