Q,243382305,0,1.26107,0.42149,1.59358
Q,243382305,1,1.35452,0.63902,1.78089
Q,243382305,2,1.24903,0.59107,1.54988
Q,243382305,3,1.23324,0.54791,1.52454
Q,243482577,0,1.25435,0.35313,1.59407
Q,243482577,1,1.28027,0.58942,1.58499
Q,243482577,2,1.24047,0.51821,1.54423
Q,243482577,3,1.22074,0.47353,1.53478
Q,243582801,0,1.24578,0.29954,1.60178
Q,243582801,1,1.25594,0.55689,1.52663
Q,243582801,2,1.23637,0.47569,1.54068
Q,243582801,3,1.23710,0.30784,1.57607
Q,243683102,0,1.23479,0.22372,1.62215
Q,243683102,1,1.24478,0.52633,1.50241
Q,243683102,2,1.22768,0.40507,1.56124
Q,243683102,3,1.23969,0.22703,1.60430
Q,243783123,0,1.22423,0.16855,1.59409
Q,243783123,1,1.23524,0.49232,1.48716
Q,243783123,2,1.62616,0.70426,1.49720
Q,243783123,3,1.23286,0.13530,1.61914
Q,243883133,0,1.20616,0.10610,1.59323
Q,243883133,1,1.19874,0.37100,1.49685
Q,243883133,2,1.36083,0.38946,1.57326
Q,243883133,3,1.21463,0.07078,1.64805
Q,243983166,0,1.16209,0.00982,1.62938
Q,243983166,1,1.45576,0.53901,1.09893
Q,243983166,2,1.24074,0.24071,1.57284
Q,243983166,3,1.18141,-0.00058,1.67177
Q,244083205,0,1.08539,-0.11776,1.62220
Q,244083205,1,1.42798,0.47722,1.11264
Q,244083205,2,1.20658,0.19627,1.56918
Q,244083205,3,1.14162,-0.07124,1.75781
L,1,0,0,0,36728,244144107
Q,244183223,0,1.03656,-0.18905,1.65479
Q,244183223,1,1.16658,0.14507,1.23265
Q,244183223,2,1.08317,0.03782,1.56516
Q,244183223,3,1.06326,-0.16945,1.60916
L,2,0,0,0,37399,244217529
L,3,0,0,1,38258,244273169
L,0,0,0,1,37936,244275246
Q,244283384,0,0.99279,-0.24447,1.59092
Q,244283384,1,1.03237,-0.02094,1.39390
Q,244283384,2,1.02475,-0.02262,1.45328
Q,244283384,3,1.03610,-0.20416,1.72222
Q,244383690,0,0.93141,-0.32899,1.62497
Q,244383690,1,0.98425,-0.07892,1.40494
Q,244383690,2,0.92988,-0.13101,1.39067
Q,244383690,3,1.00989,-0.23786,1.83818
Q,244484049,0,0.88666,-0.40465,1.63608
Q,244484049,1,0.94985,-0.12789,1.34720
Q,244484049,2,0.85933,-0.22844,1.49609
Q,244484049,3,0.97119,-0.28975,1.85197
L,1,0,0,0,39150,244518913
L,3,0,0,1,39750,244529248
L,2,0,0,1,39667,244540368
L,0,0,0,0,39529,244555437
Q,244584202,0,0.87949,-0.42415,1.64578
Q,244584202,1,0.92805,-0.17216,1.31797
Q,244584202,2,0.80892,-0.31954,1.54119
Q,244584202,3,0.90141,-0.39413,1.73044
Q,244684446,0,0.84335,-0.51486,1.63897
Q,244684446,1,0.88622,-0.24646,1.35313
Q,244684446,2,0.79274,-0.36465,1.57946
Q,244684446,3,0.86526,-0.46175,1.68091
Q,244784500,0,0.81631,-0.59626,1.63430
Q,244784500,1,0.81810,-0.38315,1.52227
Q,244784500,2,0.76353,-0.43650,1.55852
Q,244784500,3,0.82463,-0.56521,1.67393
L,1,0,0,0,40771,244819293
L,3,0,0,0,41214,244819293
L,2,0,0,0,41070,244822606
L,0,0,0,1,41114,244854770
Q,244884552,0,0.80946,-0.63302,1.67405
Q,244884552,1,0.80609,-0.41785,1.59617
Q,244884552,2,0.74340,-0.49044,1.55306
Q,244884552,3,0.81302,-0.61138,1.70617
Q,244984809,0,0.79515,-0.69270,1.68909
Q,244984809,1,0.76318,-0.53180,1.58662
Q,244984809,2,0.72631,-0.54972,1.55937
Q,244984809,3,0.76774,-0.72969,1.65089
L,2,1,0,3,86092,245064211
L,1,0,0,0,41897,245072899
Q,245085000,0,0.78290,-0.75028,1.68720
Q,245085000,1,0.72682,-0.64114,1.57750
Q,245085000,2,0.70708,-0.63785,1.61089
Q,245085000,3,0.74346,-0.81532,1.63474
L,1,1,0,3,85248,245134244
L,3,1,0,3,85660,245172233
L,0,1,0,3,85551,245174165
Q,245185038,0,0.77943,-0.79169,1.69957
Q,245185038,1,0.71615,-0.70181,1.56809
Q,245185038,2,0.70324,-0.70269,1.66180
Q,245185038,3,0.73651,-0.85537,1.63374
L,0,1,1,2,11016,245223815
L,2,1,1,3,11747,245247516
L,2,0,0,1,42810,245254969
Q,245285355,0,0.77279,-0.83044,1.69254
Q,245285355,1,0.71598,-0.72005,1.58655
Q,245285355,2,0.69689,-0.75081,1.66336
Q,245285355,3,0.73212,-0.91531,1.64175
L,1,1,1,3,12258,245337786
L,3,1,1,2,12780,245361476
L,1,0,0,1,42910,245385133
Q,245385764,0,0.78509,-0.84388,1.73936
Q,245385764,1,0.71570,-0.73643,1.60959
Q,245385764,2,0.68365,-0.81317,1.63858
Q,245385764,3,0.74691,-0.93253,1.70074
L,3,0,0,1,43422,245425067
L,0,0,0,1,43123,245427592
L,1,1,0,3,83000,245429350
L,3,1,0,3,83720,245431534
L,0,1,1,3,13153,245482823
Q,245486097,0,0.79677,-0.85355,1.78403
Q,245486097,1,0.71570,-0.73643,1.60959
Q,245486097,2,0.69088,-0.83807,1.66517
Q,245486097,3,0.74983,-0.97090,1.71475
L,0,1,0,3,83245,245520540
L,2,1,1,3,13618,245520540
L,2,1,0,3,82731,245537973
Q,245586404,0,0.84185,-0.90200,1.17566
Q,245586404,1,0.69669,-0.86791,1.60184
Q,245586404,2,0.67307,-0.95017,1.64441
Q,245586404,3,0.74652,-1.01420,1.71843
L,1,1,1,2,14053,245620861
L,3,1,1,2,14387,245620861
L,1,0,0,0,43765,245665710
Q,245686697,0,0.80430,-1.01143,1.23970
Q,245686697,1,0.68865,-0.94858,1.60621
Q,245686697,2,0.67655,-0.96348,1.66660
Q,245686697,3,0.71534,-1.11162,1.63354
L,0,0,0,0,43881,245721967
L,1,1,0,3,81909,245721967
L,3,1,0,2,82418,245771066
Q,245786792,0,0.75447,-1.16348,1.33256
Q,245786792,1,0.67725,-0.98948,1.58350
Q,245786792,2,0.66533,-1.03004,1.65793
Q,245786792,3,0.70183,-1.18910,1.61630
L,0,1,0,2,82127,245820705
L,2,0,0,1,44483,245820705
L,2,1,1,3,15963,245847227
L,2,1,0,3,81577,245861257
L,3,0,0,0,44698,245868941
L,0,1,1,2,15810,245881417
Q,245887045,0,0.74270,-1.19886,1.38110
Q,245887045,1,0.68360,-1.03393,1.63112
Q,245887045,2,0.66893,-1.04150,1.67937
Q,245887045,3,0.69695,-1.23835,1.62091
L,1,0,0,1,44491,245920954
L,1,1,1,2,16503,245958786
Q,245987316,0,0.74134,-1.20598,1.44014
Q,245987316,1,0.68652,-1.04434,1.64423
Q,245987316,2,0.66155,-1.07871,1.66815
Q,245987316,3,0.70072,-1.24157,1.63822
L,1,1,0,2,80720,246021793
L,3,1,0,2,81500,246021793
L,0,0,0,0,44969,246028906
L,3,1,1,3,17593,246058241
Q,246087679,0,0.75004,-1.21310,1.63786
Q,246087679,1,0.68806,-1.05291,1.66832
Q,246087679,2,0.65420,-1.13163,1.67475
Q,246087679,3,0.71759,-1.24961,1.71324
L,2,1,0,3,80561,246122785
L,2,1,1,2,17892,246122785
L,3,0,0,0,45590,246122785
L,0,1,0,2,80555,246149553
Q,246187870,0,0.73888,-1.25822,1.67470
Q,246187870,1,0.69452,-1.06992,1.71414
Q,246187870,2,0.65420,-1.13163,1.67475
Q,246187870,3,0.71759,-1.24961,1.71324
L,0,1,1,2,18073,246221627
L,1,1,1,2,18171,246221627
L,2,0,0,0,45949,246221627
L,1,0,0,0,45721,246226010
Q,246288039,0,0.74825,-1.25358,1.74433
Q,246288039,1,0.67921,-1.13193,1.70220
Q,246288039,2,0.63359,-1.24286,1.68149
Q,246288039,3,0.68961,-1.35860,1.65240
L,1,1,0,2,79246,246322429
L,3,1,0,2,79880,246322429
L,3,1,1,3,19099,246322429
L,0,0,0,0,46158,246351730
L,2,1,0,3,79015,246373620
Q,246388078,0,0.75807,-1.24716,1.80598
Q,246388078,1,0.67142,-1.20762,1.71371
Q,246388078,2,0.61050,-1.37860,1.62919
Q,246388078,3,0.67023,-1.45373,1.61643
L,0,1,0,3,79032,246422718
L,3,0,0,1,46619,246446256
L,1,1,1,3,19271,246474835
L,0,1,1,3,19327,246480507
Q,246488093,0,0.76459,-1.24547,1.83178
Q,246488093,1,0.64778,-1.33553,1.64614
Q,246488093,2,0.61410,-1.48198,1.64246
Q,246488093,3,0.65387,-1.55595,1.55630
L,1,0,0,0,46296,246522359
L,2,0,0,0,46605,246554367
L,3,1,0,2,77854,246585355
L,1,1,0,2,77282,246588057
Q,246588732,0,0.73885,-1.40777,1.72833
Q,246588732,1,0.65029,-1.40892,1.63820
Q,246588732,2,0.62919,-1.52498,1.65751
Q,246588732,3,0.65387,-1.55595,1.55630
L,2,1,1,2,19988,246623301
L,3,1,1,3,20101,246623301
Q,246688889,0,0.71713,-1.55691,1.63203
Q,246688889,1,0.65840,-1.43471,1.64077
Q,246688889,2,0.64718,-1.56533,1.65331
Q,246688889,3,0.65617,-1.58242,1.54742
L,0,1,0,3,76972,246723648
L,3,0,0,1,46630,246728189
L,2,1,0,2,76532,246732731
L,1,1,1,3,19824,246735400
L,0,0,0,0,46323,246750732
L,0,1,1,2,19880,246779890
L,1,0,0,0,46208,246788155
Q,246789209,0,0.71480,-1.61179,1.60494
Q,246789209,1,0.67326,-1.48575,1.63634
Q,246789209,2,0.66359,-1.61193,1.63769
Q,246789209,3,0.67501,-1.63957,1.54820
L,2,0,0,0,46477,246823431
L,1,0,1,1,93761,246837700
L,1,1,0,3,75551,246844478
L,3,1,0,3,76107,246846806
L,3,1,1,3,20207,246877600
L,2,1,1,3,20166,246882169
Q,246889242,0,0.73829,-1.67577,1.59374
Q,246889242,1,0.69295,-1.53196,1.63324
Q,246889242,2,0.67627,-1.63645,1.63271
Q,246889242,3,0.69880,-1.68643,1.55391
L,3,0,0,1,46134,246984249
L,0,1,0,3,74762,246985820
Q,246989388,0,0.78657,-1.77483,1.57020
Q,246989388,1,0.70460,-1.54532,1.63981
Q,246989388,2,0.68406,-1.65424,1.62145
Q,246989388,3,0.72807,-1.74585,1.55205
L,0,0,0,1,45763,247023513
L,0,0,1,1,93224,247023513
L,1,1,1,2,19488,247023513
L,2,0,1,1,93065,247023513
L,2,0,0,1,45768,247073735
Q,247089626,0,0.82503,-1.84516,1.54281
Q,247089626,1,0.73464,-1.62319,1.59934
Q,247089626,2,0.74791,-1.68573,1.64198
Q,247089626,3,0.74344,-1.77463,1.54749
L,0,1,1,3,19332,247123889
L,1,0,0,0,45307,247123889
L,1,0,1,0,92334,247123889
L,2,1,0,2,73541,247123889
L,3,1,0,3,73588,247123889
L,1,1,0,2,72899,247144174
L,2,1,1,3,19487,247163823
Q,247189910,0,0.86230,-1.92254,1.49572
Q,247189910,1,0.76334,-1.62083,1.62526
Q,247189910,2,0.81681,-1.80425,1.56424
Q,247189910,3,0.81135,-1.78595,1.59067
L,3,0,0,0,45169,247243483
L,0,1,0,3,72122,247280482
Q,247290106,0,0.87415,-1.94749,1.47846
Q,247290106,1,0.84460,-1.74936,1.55596
Q,247290106,2,0.88607,-1.80106,1.60662
Q,247290106,3,0.89407,-1.92257,1.52215
L,0,0,1,0,91411,247323948
L,1,1,1,3,18847,247323948
L,2,0,0,0,44846,247323948
L,3,0,1,1,91552,247323948
L,3,1,1,2,19229,247323948
L,0,0,0,1,44604,247328980
L,0,1,1,3,18823,247375583
L,1,0,0,0,44296,247384392
Q,247390262,0,0.92214,-1.97162,1.48143
Q,247390262,1,0.87587,-1.73676,1.58946
Q,247390262,2,0.96137,-1.83428,1.60744
Q,247390262,3,0.93780,-1.96084,1.51355
L,2,1,0,3,70874,247424512
L,3,1,0,2,71097,247424512
L,2,0,1,1,90202,247480363
Q,247490551,0,0.95513,-1.95710,1.51290
Q,247490551,1,0.94595,-1.70131,1.67013
Q,247490551,2,1.00473,-1.92389,1.53328
Q,247490551,3,1.00083,-1.97662,1.53440
L,3,0,0,0,44424,247524597
L,1,1,0,2,69751,247539584
L,2,1,1,3,18991,247563364
L,2,0,0,0,44138,247575936
L,3,0,1,0,89812,247577654
L,0,0,1,0,89808,247579997
L,0,1,0,3,69802,247585254
Q,247590773,0,1.03688,-1.98106,1.53572
Q,247590773,1,1.03677,-1.72968,1.69729
Q,247590773,2,1.05401,-1.97020,1.51251
Q,247590773,3,1.03833,-1.95503,1.57670
L,1,0,1,0,89252,247624961
L,1,1,1,3,18667,247624961
L,3,1,1,2,19071,247624961
L,0,1,1,2,18744,247638863
L,1,0,0,0,43648,247645938
L,0,0,0,1,43748,247668391
Q,247690864,0,1.10532,-1.99891,1.55175
Q,247690864,1,1.05151,-1.72199,1.71637
Q,247690864,2,1.10589,-2.02576,1.48852
Q,247690864,3,1.09524,-1.98400,1.58035
L,3,1,0,2,68421,247764471
L,2,1,0,2,68082,247768395
Q,247791000,0,1.10532,-1.99891,1.55175
Q,247791000,1,1.05151,-1.72199,1.71637
Q,247791000,2,1.12429,-2.06440,1.46135
Q,247791000,3,1.14236,-2.04146,1.55439
L,2,1,1,2,18915,247825328
L,2,0,1,0,87754,247826396
L,3,0,0,0,43631,247827753
L,2,0,0,0,43463,247831894
L,3,0,1,0,87905,247838900
L,1,1,0,2,67353,247843084
Q,247891341,0,1.19824,-2.05572,1.55406
Q,247891341,1,1.12220,-1.80649,1.67911
Q,247891341,2,1.14101,-2.09928,1.43667
Q,247891341,3,1.19780,-2.09842,1.52952
L,0,1,0,3,67166,247925617
L,1,0,0,0,42934,247925617
L,3,1,1,3,18825,247925617
L,0,0,0,1,43077,247926930
L,1,1,1,2,18317,247934545
L,0,1,1,2,18399,247952817
L,0,0,1,0,87123,247958120
Q,247991581,0,1.23663,-2.13044,1.50586
Q,247991581,1,1.16933,-1.90279,1.61199
Q,247991581,2,1.19458,-2.11205,1.46141
Q,247991581,3,1.19780,-2.09842,1.52952
L,1,0,1,1,86424,248025382
L,2,1,0,2,66016,248025382
L,3,1,0,2,66169,248025382
L,2,0,1,1,86016,248078515
L,2,0,0,0,42616,248090862
Q,248091895,0,1.23663,-2.13044,1.50586
Q,248091895,1,1.24881,-2.06814,1.50708
Q,248091895,2,1.19458,-2.11205,1.46141
Q,248091895,3,1.19780,-2.09842,1.52952
L,1,1,0,3,65115,248125591
L,3,0,0,0,42743,248125591
L,3,0,1,0,86034,248136167
L,2,1,1,2,17852,248157853
L,0,1,0,2,65037,248185723
L,0,0,0,1,42346,248188277
L,1,1,1,3,17491,248189308
Q,248192088,0,1.23663,-2.13044,1.50586
Q,248192088,1,1.24881,-2.06814,1.50708
Q,248192088,2,1.19458,-2.11205,1.46141
Q,248192088,3,1.19780,-2.09842,1.52952
L,0,0,1,1,85920,248226890
L,0,1,1,3,17598,248226890
L,1,0,0,1,41960,248226890
L,1,0,1,1,85277,248291778
Q,248292499,0,1.23663,-2.13044,1.50586
Q,248292499,1,1.29248,-2.03419,1.57639
Q,248292499,2,1.19458,-2.11205,1.46141
Q,248292499,3,1.19780,-2.09842,1.52952
L,3,1,0,2,64199,248326120
L,3,1,1,2,17537,248326120
L,2,1,0,2,63911,248326960
L,2,0,1,1,85090,248339901
L,2,0,0,0,41992,248372123
L,3,0,0,0,42266,248384748
Q,248392613,1,1.29446,-1.36585,2.73060
Q,248392613,2,1.19458,-2.11205,1.46141
L,3,0,1,0,85318,248425575
L,0,0,0,0,41921,248441252
L,2,1,1,3,16897,248456952
L,1,1,1,2,16628,248469290
L,0,1,0,2,63523,248477850
L,1,0,0,0,41572,248485181
Q,248492697,1,1.29446,-1.36585,2.73060
L,0,1,1,3,16655,248524984
L,1,1,0,3,63160,248524984
L,1,0,1,0,85026,248574750
Q,248592810,0,1.46315,-2.37553,1.49116
Q,248592810,1,1.32155,-1.52436,2.65525
Q,248592810,3,1.39891,-2.39310,1.44103
L,0,0,1,0,85418,248626671
L,2,0,0,0,41862,248626671
L,2,1,0,2,62751,248626671
L,2,0,1,0,85012,248626671
L,3,1,0,2,62991,248626671
L,3,1,1,2,16588,248626671
L,3,0,0,0,42175,248646562
Q,248692957,0,1.50064,-2.33707,1.55765
Q,248692957,1,1.24250,-0.09914,3.43674
Q,248692957,3,1.44513,-2.35747,1.51148
L,0,0,0,0,41890,248726679
L,1,1,1,3,16084,248726679
L,1,0,0,1,41658,248762713
L,2,1,1,2,16248,248776976
Q,248793124,0,1.55510,-2.36302,1.59990
Q,248793124,1,1.24509,0.08144,3.42008
Q,248793124,3,1.53317,-2.44644,1.54562
L,0,1,0,2,62884,248826718
L,0,1,1,2,16187,248826718
L,1,1,0,3,62554,248826718
L,1,0,1,0,85313,248834463
L,3,0,1,1,85788,248853788
L,2,0,1,1,85449,248877691
L,3,1,0,2,62982,248879620
L,2,1,0,2,62668,248885316
Q,248893241,0,1.57868,-2.33442,1.64748
Q,248893241,1,1.24741,0.09052,3.41602
Q,248893241,3,1.53317,-2.44644,1.54562
L,0,0,1,0,85841,248926782
L,3,0,0,0,42631,248926782
L,0,0,0,0,42528,248984948
L,3,1,1,2,16833,248991315
Q,248993246,0,1.57868,-2.33442,1.64748
Q,248993246,1,1.26236,0.09036,3.34265
Q,248993246,3,1.53317,-2.44644,1.54562
L,1,0,0,0,42510,249026823
L,2,1,1,2,16913,249036026
L,1,1,0,2,63700,249079059
L,1,1,1,2,16901,249089124
Q,249093273,0,1.59806,-2.38401,1.63257
Q,249093273,1,1.26236,0.09036,3.34265
Q,249093273,3,1.53317,-2.44644,1.54562
L,0,1,0,2,64128,249126326
L,0,1,1,2,16971,249126326
L,2,0,0,0,43263,249126326
L,3,0,1,0,86908,249126326
L,1,0,1,0,86513,249128815
L,2,0,1,0,86676,249137982
L,2,1,0,2,64165,249144488
L,3,0,0,0,43634,249185806
Q,249193452,0,1.60643,-2.37828,1.64853
Q,249193452,1,1.26416,0.09046,3.34052
Q,249193452,3,1.53490,-2.45943,1.55308
L,3,1,0,2,64879,249227656
L,0,0,0,0,43375,249242571
L,3,1,1,3,17464,249247169
L,0,0,1,0,87705,249273506
Q,249293613,0,1.60075,-2.38461,1.65961
Q,249293613,1,1.27484,0.06654,3.28590
L,1,0,0,0,43565,249326590
L,2,1,1,2,17637,249354305
L,1,1,1,2,17415,249367150
L,2,0,0,1,44149,249391590
Q,249393690,0,1.59554,-2.39867,1.64682
Q,249393690,1,1.28745,0.01957,3.20823
L,1,0,1,1,88395,249426164
L,2,1,0,2,66234,249426164
L,2,0,1,1,88488,249426164
L,0,1,1,2,17328,249446810
L,0,1,0,2,66589,249457170
Q,249493968,0,1.54606,-2.35211,1.67666
Q,249493968,1,1.24083,0.01621,3.44955
Q,249493968,3,1.48201,-2.38750,1.63168
L,3,1,0,3,67244,249527730
L,3,1,1,2,17505,249530304
L,0,0,0,0,44044,249541767
L,3,0,1,0,89942,249552791
L,1,1,0,2,67044,249557114
L,3,0,0,0,44457,249563078
Q,249594210,0,1.50362,-2.31632,1.69554
Q,249594210,1,1.24777,-0.22497,3.40806
Q,249594210,3,1.43036,-2.29692,1.68888
L,2,1,1,3,17584,249627781
L,1,1,1,2,17323,249628972
L,0,0,1,0,90187,249633250
Q,249694347,0,1.49082,-2.33141,1.67312
Q,249694347,1,1.27251,-0.68483,3.22573
Q,249694347,3,1.40818,-2.34579,1.64643
L,0,1,1,2,17141,249728901
L,1,0,1,0,90423,249728901
L,2,0,0,0,44787,249728901
L,2,1,0,2,68305,249728901
L,2,0,1,0,90704,249728901
Q,249794486,0,1.41985,-2.29873,1.66267
Q,249794486,1,1.34907,-2.01956,2.28679
Q,249794486,3,1.40076,-2.35582,1.63461
L,0,0,0,1,44563,249828986
L,0,1,0,2,68951,249828986
L,1,0,0,1,44696,249828986
L,3,0,0,1,44920,249828986
L,3,1,0,2,69240,249828986
L,3,1,1,2,17532,249867787
L,1,1,1,2,17574,249884762
L,1,1,0,2,69231,249893967
Q,249894515,0,1.37345,-2.27877,1.65490
Q,249894515,1,1.30188,-2.11125,2.11630
Q,249894515,3,1.35887,-2.33022,1.63459
L,3,0,1,1,91869,249953630
L,0,0,1,1,91576,249954870
L,2,1,1,3,18030,249994071
Q,249994723,0,1.33666,-2.20863,1.69523
Q,249994723,1,1.27318,-2.14132,2.00341
Q,249994723,2,1.10979,-2.00613,1.84562
Q,249994723,3,1.28355,-2.21474,1.68944
L,1,0,1,0,91539,250029165
L,2,0,0,0,45430,250029165
L,2,1,0,2,70231,250029165
L,2,0,1,1,91792,250029165
L,0,1,1,2,17876,250065884
L,1,0,0,0,45282,250081879
Q,250094822,0,1.27771,-2.17086,1.69141
Q,250094822,1,1.25915,-2.12824,1.94033
Q,250094822,2,1.08265,-1.96595,1.79285
Q,250094822,3,1.23153,-2.18208,1.68639
L,3,1,0,3,70818,250129108
L,3,0,0,0,45568,250143043
L,3,1,1,3,18408,250164444
L,1,1,1,2,18523,250188861
Q,250194870,0,1.25162,-2.15851,1.68824
Q,250194870,1,1.21528,-2.00127,1.87523
Q,250194870,2,1.07419,-2.00908,1.76298
Q,250194870,3,1.17912,-2.10747,1.71956
L,0,1,0,3,70733,250229176
L,1,1,0,3,70546,250229176
L,3,0,1,0,92143,250229176
L,0,0,0,0,45524,250243506
L,2,1,1,3,18982,250251760
L,0,0,1,0,91893,250271989
L,2,1,0,2,71035,250280847
L,2,0,0,0,46138,250289056
Q,250295065,0,1.21544,-2.13461,1.69252
Q,250295065,1,1.19002,-2.02856,1.84347
Q,250295065,2,1.05855,-2.06309,1.73108
Q,250295065,3,1.15646,-2.10009,1.71637
L,0,1,1,3,18922,250329383
L,2,0,1,0,92021,250329383
L,1,0,0,0,46138,250359208
L,3,1,0,3,71487,250393526
Q,250395330,0,1.19831,-2.16115,1.66669
Q,250395330,1,1.12111,-2.06722,1.77255
Q,250395330,2,1.04363,-2.05678,1.72382
Q,250395330,3,1.13478,-2.11527,1.69954
L,3,1,1,2,19566,250429540
L,3,0,0,1,46780,250460166
L,1,1,1,3,19846,250468481
L,1,1,0,2,71050,250494289
Q,250495337,0,1.15428,-2.19220,1.64053
Q,250495337,1,1.07034,-2.09941,1.72688
Q,250495337,2,1.03394,-2.03480,1.73360
Q,250495337,3,1.12090,-2.09175,1.72525
L,0,0,0,0,46780,250529772
L,0,1,0,2,71258,250529772
L,2,1,1,3,20288,250529772
L,3,0,1,0,92339,250529772
L,0,0,1,0,92111,250532362
L,2,1,0,2,71389,250539684
L,2,0,0,1,47340,250550257
Q,250595586,0,1.14064,-2.22552,1.61611
Q,250595586,1,1.05759,-2.07239,1.74422
Q,250595586,2,1.01134,-1.99165,1.77379
Q,250595586,3,1.11126,-2.07675,1.74592
L,0,1,1,2,20292,250629543
L,1,0,0,0,47353,250629543
L,2,0,1,0,92290,250629543
Q,250695666,0,1.09454,-2.20660,1.65651
Q,250695666,1,1.04198,-2.04371,1.77247
Q,250695666,2,0.96154,-1.97734,1.82075
Q,250695666,3,1.08104,-2.09901,1.74430
L,1,1,1,2,21001,250730291
L,3,0,0,1,48174,250730291
L,1,0,1,1,92319,250755596
L,1,1,0,2,71405,250793563
Q,250795925,0,1.06339,-2.29675,1.59825
Q,250795925,1,1.03430,-2.06400,1.75977
Q,250795925,2,0.95407,-1.96381,1.83858
Q,250795925,3,1.06694,-2.07573,1.77860
L,2,1,0,2,71757,250830266
L,3,1,0,2,72028,250830266
L,3,1,1,2,21770,250830266
L,0,0,1,1,92670,250834160
L,0,0,0,0,48721,250863047
L,3,0,1,0,92966,250873911
L,0,1,0,2,71847,250876034
L,2,1,1,3,22258,250890523
Q,250896022,0,1.04877,-2.34119,1.57043
Q,250896022,1,0.97733,-2.05347,1.80179
Q,250896022,2,0.93647,-1.93226,1.88583
Q,250896022,3,1.02608,-2.12376,1.76650
L,0,1,1,3,22002,250930427
L,1,0,0,1,49110,250930427
L,2,0,1,1,92848,250930427
L,2,0,0,1,49604,250968501
L,3,0,0,0,49563,250983524
Q,250996217,0,0.96506,-2.24327,1.72074
Q,250996217,1,0.95468,-2.10982,1.76720
Q,250996217,2,0.92611,-1.91277,1.91353
Q,250996217,3,0.98124,-2.17018,1.75709
L,1,1,1,3,22552,251030351
L,3,1,1,2,23027,251080596
Q,251096333,0,0.94258,-2.19085,1.78142
Q,251096333,1,0.91312,-2.12454,1.78133
Q,251096333,2,0.87302,-1.93015,1.94250
Q,251096333,3,0.96679,-2.13932,1.79614
L,0,1,0,2,72503,251131105
L,0,0,1,0,93163,251131105
L,3,1,0,2,72835,251131105
L,0,0,0,0,49849,251140507
L,2,1,1,2,23450,251149425
L,2,1,0,2,72696,251158363
L,1,1,0,3,72443,251173442
L,3,0,1,0,93554,251193919
Q,251196554,0,0.92432,-2.14701,1.83026
Q,251196554,1,0.87685,-2.13892,1.79137
Q,251196554,2,0.84487,-1.99782,1.90337
Q,251196554,3,0.95315,-2.10927,1.83317
L,0,1,1,3,23318,251230907
L,2,0,0,0,54514,251230907
L,1,0,0,0,50381,251261772
L,3,0,0,0,50554,251265179
Q,251296740,0,0.89913,-2.20495,1.79396
Q,251296740,1,0.83417,-2.23367,1.73299
Q,251296740,2,0.81458,-1.92584,1.98682
Q,251296740,3,0.92989,-2.05645,1.89482
L,1,1,1,2,23894,251330440
L,3,1,1,2,24143,251340286
Q,251396917,0,0.84952,-2.21438,1.81261
Q,251396917,1,0.81568,-2.18733,1.78209
Q,251396917,2,0.77169,-1.96234,1.97953
Q,251396917,3,0.91985,-2.03317,1.92114
L,0,0,0,1,50763,251432138
L,0,0,1,1,93860,251432138
L,1,0,1,1,93755,251432138
L,2,1,0,3,73755,251432138
L,3,1,0,3,74043,251432138
L,0,1,0,2,73782,251434891
L,1,1,0,2,73681,251473173
L,0,1,1,2,24298,251483202
Q,251497185,0,0.79795,-2.32422,1.74353
Q,251497185,1,0.77115,-2.27217,1.72647
Q,251497185,2,0.75703,-1.92320,2.02060
Q,251497185,3,0.87806,-2.12160,1.86539
L,1,0,0,0,51203,251531461
L,2,0,0,0,51427,251531461
L,3,0,0,0,51387,251531461
L,3,0,1,0,94569,251550686
Q,251597399,0,0.78629,-2.28752,1.77665
Q,251597399,1,0.75095,-2.21453,1.78666
Q,251597399,2,0.70881,-1.96504,2.00974
Q,251597399,3,0.87806,-2.12160,1.86539
L,1,1,1,3,24871,251631277
L,2,1,1,2,25360,251667846
L,0,0,0,1,51696,251684106
Q,251697669,0,0.75264,-2.17653,1.88455
Q,251697669,1,0.70230,-2.22135,1.80525
Q,251697669,2,0.66925,-2.00549,1.99455
Q,251697669,3,0.84544,-2.03678,1.95152
L,1,0,1,1,94916,251731222
L,2,1,0,2,75229,251731222
L,3,1,0,2,75545,251731222
L,0,1,0,2,75294,251734193
L,0,1,1,3,25081,251740862
L,0,0,1,1,95232,251770610
L,3,0,0,0,52323,251783884
Q,251797778,0,0.75264,-2.17653,1.88455
Q,251797778,1,0.64376,-2.15799,1.88784
Q,251797778,2,0.65428,-1.95462,2.04568
Q,251797778,3,0.83095,-1.99737,1.99387
L,1,0,0,0,52266,251831426
L,1,1,0,2,75434,251831426
L,3,1,1,2,25653,251831426
Q,251897791,0,0.73969,-2.13304,1.92628
Q,251897791,1,0.77716,-2.40576,2.37118
Q,251897791,2,0.64056,-1.90675,2.09407
Q,251897791,3,0.80415,-1.92471,2.06786
L,1,1,1,2,25789,251931660
L,2,0,0,0,52742,251931660
L,2,0,1,0,95656,251931660
L,3,0,1,0,95814,251931660
Q,251997932,1,0.77716,-2.40576,2.37118
Q,251997932,2,0.68640,-2.44135,2.33824
Q,251997932,3,0.81384,-2.65690,2.20074
L,0,0,0,0,52601,252031042
L,0,0,1,1,95783,252031042
L,1,0,1,1,95628,252031042
L,0,1,0,3,76637,252035094
L,0,1,1,2,26108,252041180
L,2,1,1,2,26738,252066915
L,3,1,0,2,77217,252068043
L,1,0,0,1,52837,252084612
Q,252098160,1,1.23137,-0.14858,3.43049
Q,252098160,2,0.68640,-2.44135,2.33824
Q,252098160,3,0.77926,-2.63153,2.21827
L,1,1,0,3,76827,252131236
L,3,0,0,0,53051,252131236
L,3,1,1,3,26825,252142719
Q,252198429,0,0.78254,-2.65831,2.24847
Q,252198429,1,1.23067,-0.15395,3.42980
Q,252198429,2,1.22567,-0.19564,3.42248
Q,252198429,3,0.76507,-2.61587,2.22769
L,1,1,1,2,26909,252232069
L,2,0,0,1,53340,252270754
L,0,1,0,2,78011,252290036
L,0,0,1,1,96359,252294845
Q,252298740,0,0.78254,-2.65831,2.24847
Q,252298740,1,1.23067,-0.15395,3.42980
Q,252298740,2,1.22598,0.08172,3.42385
Q,252298740,3,1.22555,-0.22409,3.41392
L,0,0,0,1,52971,252332523
L,1,0,1,0,96297,252332523
L,2,0,1,0,96537,252332523
L,2,1,1,3,27488,252332523
L,3,1,0,3,78566,252332523
L,2,1,0,3,78441,252340565
L,0,1,1,2,26876,252342929
L,1,0,0,0,53187,252380628
L,3,0,0,0,53228,252383263
Q,252398921,0,0.61841,-2.88922,1.96812
Q,252398921,1,1.22786,0.07736,3.42596
Q,252398921,2,1.22536,0.08326,3.42335
Q,252398921,3,1.22439,-0.23155,3.41273
L,1,1,0,2,78354,252432907
L,3,1,1,3,27204,252432907
L,3,0,1,0,97077,252492949
Q,252499185,0,0.60340,-2.83715,1.99674
Q,252499185,1,1.22786,0.07736,3.42596
Q,252499185,2,1.22408,0.08648,3.42231
Q,252499185,3,1.22439,-0.23155,3.41273
L,2,0,0,0,53399,252533647
L,1,1,1,3,27093,252538200
L,0,1,0,2,79293,252572372
L,0,0,0,1,52935,252582875
L,3,1,0,2,79907,252591754
L,0,1,1,3,26539,252599006
Q,252599594,0,0.58130,-2.75222,2.04219
Q,252599594,1,1.22692,0.07991,3.42515
Q,252599594,2,1.22408,0.08648,3.42231
Q,252599594,3,1.22439,-0.23155,3.41273
L,1,0,0,0,53124,252633247
L,1,0,1,0,97104,252633247
L,3,0,0,0,52998,252642588
L,0,0,1,0,97206,252651212
Q,252699601,0,0.57360,-2.71684,2.06030
Q,252699601,1,1.17220,-0.49612,3.33270
Q,252699601,2,1.22875,0.07625,3.43148
Q,252699601,3,1.09150,-1.06469,3.12893
L,2,1,1,2,26718,252734136
L,3,0,1,0,97594,252752617
L,2,1,0,2,80464,252754466
L,3,1,1,3,25950,252755786
L,1,1,0,3,79966,252764866
Q,252799736,0,0.56859,-2.68357,2.07616
Q,252799736,1,0.89416,-1.60141,2.88097
Q,252799736,2,1.22830,0.07788,3.43111
Q,252799736,3,1.08417,-1.07391,3.12561
L,0,0,0,0,52451,252834436
L,0,1,0,3,79963,252834436
L,2,0,0,1,52686,252851757
L,0,1,1,3,25291,252855779
L,1,0,0,1,52372,252899720
Q,252900355,0,0.48038,-2.68729,1.94263
Q,252900355,1,0.38624,-2.72349,2.04498
Q,252900355,2,1.23526,-0.09132,3.44182
Q,252900355,3,0.42088,-2.93291,1.86032
L,1,0,1,1,97460,252934563
L,2,0,1,1,97711,252934563
L,3,1,0,3,80548,252934563
L,3,0,0,1,52015,252944771
L,0,0,1,1,97426,252954506
Q,253000397,0,0.39698,-2.46548,1.86624
Q,253000397,1,0.38709,-2.65748,2.07359
Q,253000397,2,1.23521,-0.09148,3.44180
Q,253000397,3,0.35446,-2.74428,1.76779
L,2,1,1,3,24495,253034413
L,3,1,1,2,23779,253038434
L,1,1,0,2,80225,253044448
L,2,1,0,2,80758,253054628
L,1,1,1,3,23963,253077801
Q,253100536,0,0.40071,-2.31679,1.89733
Q,253100536,1,0.28845,-2.47900,1.92892
Q,253100536,2,0.72769,-1.95744,2.68838
Q,253100536,3,0.37514,-2.43573,1.82765
L,0,1,0,2,79964,253135895
L,0,1,1,2,23032,253135895
L,3,0,1,0,97731,253152553
L,1,0,0,0,51065,253158273
L,0,0,0,0,50783,253161652
L,3,1,0,3,80363,253186820
Q,253200637,0,0.40071,-2.31679,1.89733
Q,253200637,1,0.28720,-2.37016,1.92509
Q,253200637,2,0.32941,-2.49766,2.07250
Q,253200637,3,0.38927,-2.35611,1.85604
L,1,0,1,1,97568,253235578
L,2,0,0,1,50678,253235578
L,3,0,0,1,50530,253235578
L,3,1,1,3,20699,253299804
Q,253300711,1,0.30053,-2.23697,1.94036
Q,253300711,2,0.32941,-2.49766,2.07250
Q,253300711,3,0.43163,-2.16467,1.91401
L,0,0,1,1,97359,253334193
L,1,1,0,3,79805,253334193
L,1,1,1,3,21189,253334193
L,2,1,0,3,80342,253334193
L,2,1,1,3,20923,253334193
L,0,1,0,3,79103,253386107
Q,253400962,0,0.40723,-2.25284,1.86467
Q,253400962,1,0.30072,-2.23017,1.91762
Q,253400962,2,0.31281,-2.23052,2.02116
Q,253400962,3,0.43580,-2.10897,1.88431
L,0,1,1,3,19352,253437255
L,1,0,0,0,49062,253439651
L,0,0,0,0,48776,253444068
L,3,1,0,3,79130,253446534
L,2,0,1,0,97511,253457517
L,1,0,1,0,97174,253489561
L,2,0,0,0,48689,253490643
Q,253501318,0,0.48025,-2.04747,1.95955
Q,253501318,1,0.30811,-2.23131,1.86842
Q,253501318,2,0.36916,-1.99663,2.02862
Q,253501318,3,0.43120,-2.12380,1.84959
L,3,1,1,3,17647,253556450
L,3,0,1,0,97059,253571252
L,3,0,0,0,47553,253578844
L,2,1,1,2,17795,253585898
L,0,0,1,0,96764,253589456
L,1,1,1,3,17999,253598201
Q,253601393,0,0.51761,-1.99524,1.94335
Q,253601393,1,0.31623,-2.24405,1.83495
Q,253601393,2,0.40197,-1.92769,2.00692
Q,253601393,3,0.51513,-1.96343,1.90311
L,0,1,0,3,77626,253636126
L,1,1,0,3,78118,253636126
L,2,1,0,3,78419,253636126
L,1,0,0,1,46967,253701742
Q,253701742,0,0.55799,-1.96301,1.91253
Q,253701742,1,0.31623,-2.24405,1.83495
Q,253701742,2,0.48606,-1.80335,1.97032
Q,253701742,3,0.58925,-1.86117,1.92514
L,2,0,1,1,96777,253735897
L,3,1,0,2,77051,253735897
L,1,0,1,0,96434,253747131
Q,253801859,0,0.59691,-1.88123,1.95977
Q,253801859,1,0.37920,-2.07332,1.88762
Q,253801859,2,0.54780,-1.67174,2.03757
Q,253801859,3,0.60538,-1.94652,1.80330
L,0,0,0,1,45989,253835868
L,0,1,1,3,16042,253835868
L,2,0,0,1,45908,253835868
L,3,0,0,1,45662,253835868
L,3,0,1,1,96174,253835868
L,3,1,1,3,15568,253835868
L,0,0,1,0,95853,253851599
L,1,1,1,2,16013,253852669
L,2,1,1,2,15527,253864213
Q,253901913,0,0.67900,-1.79422,1.96828
Q,253901913,1,0.43910,-1.93019,1.94511
Q,253901913,2,0.61150,-1.72194,1.88899
Q,253901913,3,0.66483,-1.90219,1.80093
L,0,1,0,2,75308,253937127
L,1,1,0,3,75955,253937127
L,1,0,0,0,45260,253959894
Q,254002098,0,0.72659,-1.79311,1.92226
Q,254002098,1,0.51119,-1.87564,1.90669
Q,254002098,2,0.69339,-1.66347,1.86798
Q,254002098,3,0.76520,-1.83575,1.79480
L,1,0,1,0,95528,254036236
L,2,0,1,1,95487,254059266
L,3,1,0,2,74548,254065633
L,2,1,0,2,75069,254070565
L,2,0,0,1,44332,254087902
Q,254102385,0,0.77019,-1.79479,1.87962
Q,254102385,1,0.64050,-1.76725,1.86416
Q,254102385,2,0.76668,-1.62477,1.84605
Q,254102385,3,0.83792,-1.86374,1.70822
L,0,0,0,0,44256,254137500
L,2,1,1,2,14640,254137500
L,3,0,0,1,43767,254160752
L,0,0,1,1,94763,254169687
L,1,1,1,3,14919,254171148
L,3,1,1,2,14431,254193046
L,1,1,0,2,74445,254201853
Q,254202535,0,0.84012,-1.73916,1.88320
Q,254202535,1,0.64050,-1.76725,1.86416
Q,254202535,2,0.78242,-1.65102,1.80163
Q,254202535,3,0.91548,-1.79984,1.72763
L,0,1,0,2,73959,254236311
L,0,1,1,3,14748,254236311
L,3,0,1,0,94677,254236311
Q,254302748,0,0.92704,-1.64737,1.91845
Q,254302748,1,0.76024,-1.69806,1.82396
Q,254302748,2,0.85929,-1.61137,1.78852
Q,254302748,3,0.98493,-1.67428,1.82756
L,1,0,0,1,43590,254337801
L,2,1,0,3,73680,254337801
L,1,0,1,0,94712,254345549
L,2,0,1,0,94656,254376432
L,2,0,0,0,43060,254386357
L,0,0,0,0,43308,254399355
Q,254402768,0,0.97929,-1.73463,1.79115
Q,254402768,1,0.85741,-1.58720,1.87124
Q,254402768,2,0.94078,-1.52869,1.84607
Q,254402768,3,1.04680,-1.69970,1.77774
L,0,0,1,0,94399,254437703
L,2,1,1,2,13667,254437703
L,3,0,0,0,42901,254437703
L,3,1,0,2,72761,254437703
L,1,1,1,2,13930,254451171
L,3,1,1,2,13678,254453656
L,1,1,0,2,73243,254460283
L,0,1,1,3,13966,254493517
L,0,1,0,3,72638,254503081
Q,254503081,0,1.01988,-1.67381,1.84484
Q,254503081,1,0.89320,-1.58139,1.85353
Q,254503081,2,0.96420,-1.49783,1.87523
Q,254503081,3,1.09200,-1.69911,1.77414
Q,254603177,0,1.05810,-1.67533,1.83971
Q,254603177,1,0.93726,-1.64771,1.76327
Q,254603177,2,1.02029,-1.54510,1.81819
Q,254603177,3,1.12326,-1.71647,1.76249
L,1,0,0,0,42888,254637695
L,1,0,1,0,94312,254637695
L,2,0,0,0,42522,254637695
L,2,1,0,2,72086,254637695
L,2,0,1,0,94066,254655808
L,3,0,1,1,93758,254669481
L,0,0,0,0,42863,254680790
Q,254703429,0,1.09684,-1.71073,1.80348
Q,254703429,1,1.00038,-1.62260,1.77814
Q,254703429,2,1.06675,-1.55319,1.81724
Q,254703429,3,1.15861,-1.74437,1.74610
L,0,0,1,0,93692,254737314
L,1,1,1,3,13781,254737314
L,3,0,0,0,42444,254737314
L,3,1,0,2,71279,254737314
L,0,1,1,3,14022,254751868
L,1,1,0,3,71739,254757977
L,2,1,1,3,13505,254759073
L,0,1,0,3,71442,254761867
Q,254803703,0,1.12295,-1.75103,1.76511
Q,254803703,1,1.05590,-1.61793,1.78517
Q,254803703,2,1.09791,-1.55167,1.82813
Q,254803703,3,1.19599,-1.77819,1.72628
L,3,1,1,2,13880,254838144
L,2,0,0,0,42096,254889032
Q,254904024,0,1.14874,-1.76624,1.75758
Q,254904024,1,1.06616,-1.63332,1.76894
Q,254904024,2,1.13243,-1.58365,1.80699
Q,254904024,3,1.21453,-1.78181,1.73126
L,0,0,0,0,42522,254938123
L,1,0,1,0,93127,254938123
L,2,1,0,3,70619,254938123
L,2,0,1,0,92816,254938123
L,3,0,1,0,92738,254938123
L,0,0,1,0,92603,254987653
L,3,1,0,2,69934,254997286
Q,255004079,0,1.19026,-1.80015,1.73291
Q,255004079,1,1.13120,-1.65561,1.75719
Q,255004079,2,1.19217,-1.61414,1.79360
Q,255004079,3,1.25446,-1.80129,1.72958
L,0,1,0,2,70231,255038348
L,0,1,1,2,14351,255038348
L,1,0,0,0,42016,255038348
L,1,1,1,2,14095,255038348
L,2,1,1,2,13893,255038348
L,1,1,0,2,70210,255059454
L,3,0,0,0,41740,255079167
Q,255104204,0,1.21610,-1.83974,1.69728
Q,255104204,1,1.16745,-1.64290,1.77829
Q,255104204,2,1.22942,-1.64611,1.76737
Q,255104204,3,1.28489,-1.82845,1.71413
Q,255204438,0,1.24508,-1.80273,1.73935
Q,255204438,1,1.19774,-1.60510,1.82257
Q,255204438,2,1.26868,-1.63596,1.78768
Q,255204438,3,1.30611,-1.80290,1.74581
L,0,0,0,0,41489,255239082
L,1,0,1,0,91698,255239082
L,3,1,1,3,13981,255239082
L,3,1,0,3,68720,255258163
L,2,0,1,0,91265,255273841
L,1,1,1,2,13721,255292915
Q,255304606,0,1.29718,-1.77868,1.76856
Q,255304606,1,1.26517,-1.66451,1.76290
Q,255304606,2,1.31970,-1.67707,1.75042
Q,255304606,3,1.34828,-1.79064,1.76435
L,1,1,0,3,68863,255339080
L,2,1,0,3,68571,255339080
L,2,1,1,3,13514,255339080
L,3,0,0,0,40526,255339080
L,0,1,1,3,13810,255351639
L,1,0,0,0,40514,255352724
L,3,0,1,0,90763,255364279
L,0,0,1,0,91056,255366104
Q,255404682,0,1.35407,-1.82116,1.72869
Q,255404682,1,1.29378,-1.61929,1.81057
Q,255404682,2,1.35295,-1.66084,1.76582
Q,255404682,3,1.38061,-1.79936,1.75497
L,2,0,0,0,39744,255444565
L,0,0,0,1,39983,255495031
L,0,1,0,3,68099,255500789
Q,255504738,0,1.36613,-1.79919,1.75043
Q,255504738,1,1.32407,-1.62003,1.79996
Q,255504738,2,1.36337,-1.64390,1.78461
Q,255504738,3,1.43395,-1.83329,1.72355
L,3,1,0,2,67671,255539151
L,3,1,1,3,13032,255539151
L,2,0,1,0,90453,255553456
L,1,0,1,1,90672,255585374
L,3,0,0,0,39139,255599661
Q,255605012,0,1.43633,-1.88539,1.65777
Q,255605012,1,1.39939,-1.66913,1.73997
Q,255605012,2,1.40747,-1.69086,1.72895
Q,255605012,3,1.49657,-1.90658,1.64296
L,1,0,0,0,39044,255639944
L,1,1,0,2,67883,255639944
L,1,1,1,2,12588,255639944
L,2,1,1,2,12458,255639944
L,3,0,1,0,90098,255648779
L,0,1,1,3,12804,255650219
L,2,1,0,3,67445,255667400
L,0,0,1,1,90324,255688293
Q,255705245,0,1.50091,-1.85758,1.67139
Q,255705245,1,1.43491,-1.70473,1.69482
Q,255705245,2,1.44467,-1.72653,1.68103
Q,255705245,3,1.52536,-1.88601,1.65585
L,2,0,0,0,38296,255739188
L,0,0,0,0,38660,255759361
L,0,1,0,2,67488,255775487
Q,255805386,0,1.54139,-1.82149,1.69515
Q,255805386,1,1.49480,-1.70705,1.66706
Q,255805386,2,1.49488,-1.77246,1.61628
Q,255805386,3,1.54763,-1.90909,1.62651
L,1,0,1,0,90205,255839555
L,2,0,1,0,89889,255839555
L,3,1,0,2,67057,255839555
L,3,1,1,2,12095,255850405
L,3,0,0,0,37671,255877744
L,1,1,0,3,67439,255894157
Q,255905613,0,1.59514,-1.87017,1.62447
Q,255905613,1,1.51959,-1.63273,1.72875
Q,255905613,2,1.51332,-1.71883,1.66269
Q,255905613,3,1.60289,-1.96292,1.55218
L,0,1,1,3,11923,255939458
L,2,1,1,3,11568,255939458
L,1,0,0,0,37203,255974226
L,0,0,1,0,89892,255983369
Q,256005842,0,1.62315,-1.89323,1.58693
Q,256005842,1,1.58282,-1.57266,1.74409
Q,256005842,2,1.58308,-1.76044,1.57408
Q,256005842,3,1.66064,-2.01150,1.47223
L,0,0,0,1,37204,256040100
L,0,1,0,2,67253,256040100
L,1,1,1,2,11271,256040100
L,2,0,0,1,36624,256040100
L,3,0,1,1,89550,256040100
L,3,1,0,3,66874,256096670
L,2,1,0,3,66978,256102137
Q,256106038,0,1.66046,-1.85237,1.59694
Q,256106038,1,1.61026,-1.53106,1.76101
Q,256106038,2,1.61349,-1.70247,1.60849
Q,256106038,3,1.69975,-1.96274,1.48949
L,2,0,1,0,89698,256139786
L,3,1,1,3,10926,256139786
L,1,1,0,2,67275,256151687
L,3,0,0,0,35964,256159995
L,1,0,1,1,90125,256201474
Q,256206096,0,1.67042,-1.79787,1.63779
Q,256206096,1,1.63811,-1.49278,1.77079
Q,256206096,2,1.66310,-1.55754,1.71371
Q,256206096,3,1.71274,-1.97050,1.47159
L,0,1,1,3,10436,256240579
L,1,0,0,0,35564,256240579
L,2,1,1,2,9966,256251735
L,0,1,0,3,67041,256296344
L,0,0,1,0,90067,256302790
L,1,1,1,2,9758,256304912
Q,256306258,0,1.72810,-1.71116,1.66569
Q,256306258,1,1.68070,-1.47202,1.74902
Q,256306258,2,1.69824,-1.56320,1.67273
Q,256306258,3,1.74609,-1.88566,1.52042
L,0,0,0,1,35149,256340176
L,2,0,0,1,34685,256340176
L,3,0,1,1,89787,256344934
L,3,1,0,3,66658,256358352
L,2,1,0,3,66778,256367982
Q,256406458,0,1.75241,-1.66321,1.68661
Q,256406458,1,1.68704,-1.44239,1.77091
Q,256406458,2,1.69824,-1.56320,1.67273
Q,256406458,3,1.75822,-1.81014,1.57935
L,1,1,0,3,67086,256441330
L,2,0,1,0,90022,256441330
L,3,0,0,0,34316,256441330
L,3,1,1,3,9205,256449875
L,1,0,1,0,90459,256483388
Q,256506783,0,1.80213,-1.58358,1.70743
Q,256506783,1,1.68704,-1.44239,1.77091
Q,256506783,2,1.74735,-1.50951,1.67294
Q,256506783,3,1.76959,-1.73405,1.63795
L,1,0,0,0,33823,256541340
L,2,1,1,3,8590,256541340
L,0,1,1,2,8747,256568048
L,1,1,1,2,8414,256585120
L,0,1,0,2,67039,256597420
L,2,0,0,1,33106,256604895
Q,256606931,0,1.81015,-1.51218,1.76072
Q,256606931,1,1.71511,-1.41059,1.76520
Q,256606931,2,1.77398,-1.45561,1.69314
Q,256606931,3,1.83042,-1.75133,1.55886
L,3,1,0,2,66756,256654038
L,2,1,0,2,66925,256680490
L,3,0,1,0,90340,256689721
L,2,0,1,0,90535,256694076
L,3,0,0,0,32766,256695158
L,0,0,0,0,33159,256699745
L,3,1,1,3,7955,256706494
Q,256707068,0,1.83532,-1.47469,1.76249
Q,256707068,1,1.74741,-1.35599,1.77109
Q,256707068,2,1.79193,-1.44779,1.67402
Q,256707068,3,1.84728,-1.75148,1.53680
L,1,1,0,3,67360,256741046
L,1,0,0,0,32492,256792735
L,1,0,1,0,91231,256805162
Q,256807335,0,1.85547,-1.39705,1.78820
Q,256807335,1,1.78552,-1.34079,1.73040
Q,256807335,2,1.82054,-1.42877,1.64610
Q,256807335,3,1.88045,-1.74344,1.49428
L,0,1,1,2,7423,256841599
L,1,1,1,2,7181,256841599
L,0,1,0,2,67612,256856733
L,2,1,1,2,6862,256870682
Q,256907603,0,1.85632,-1.36351,1.81051
Q,256907603,1,1.80922,-1.22938,1.76971
Q,256907603,2,1.82807,-1.41231,1.64027
Q,256907603,3,1.88045,-1.74344,1.49428
L,2,1,0,2,67727,256942635
L,3,0,1,1,91190,256942635
L,3,1,0,3,67659,256951116
L,0,0,1,0,91589,256970308
L,2,0,1,0,91634,256973994
L,2,0,0,0,31224,256980028
L,3,1,1,2,6377,256981189
Q,257007813,0,1.89169,-1.33980,1.75649
Q,257007813,1,1.83799,-1.12031,1.78069
Q,257007813,2,1.84859,-1.30874,1.67194
L,1,0,0,1,31121,257070980
L,1,0,1,1,92403,257084923
L,0,1,1,3,5709,257103003
Q,257107880,0,1.90750,-1.32800,1.73474
Q,257107880,1,1.83799,-1.12031,1.78069
Q,257107880,2,1.87675,-1.13026,1.72019
Q,257107880,3,1.36915,-0.85328,2.95927
L,0,1,0,2,68688,257142301
L,1,1,0,2,69085,257151764
Q,257208134,0,1.92161,-1.31500,1.71607
Q,257208134,1,1.85977,-1.02453,1.78041
Q,257208134,2,1.88122,-1.07366,1.74614
Q,257208134,3,1.64446,-1.82431,2.04208
L,0,0,1,1,92780,257242165
L,2,0,0,0,29945,257242165
L,3,1,0,2,68843,257242165
L,0,0,0,0,30295,257243094
L,2,1,0,2,69288,257246470
Q,257308154,0,1.93012,-1.28736,1.70214
Q,257308154,1,1.86575,-0.95000,1.79068
Q,257308154,2,1.88838,-1.04054,1.73779
Q,257308154,3,1.80690,-1.87848,1.60477
L,3,0,1,0,93634,257347412
L,2,0,1,0,93992,257359653
L,1,0,0,0,29879,257377940
L,1,0,1,0,94424,257383129
Q,257408185,0,1.93426,-1.14551,1.71480
Q,257408185,1,1.86767,-0.87682,1.79320
Q,257408185,2,1.89163,-0.93785,1.75260
Q,257408185,3,1.87232,-1.63681,1.49965
L,1,1,0,2,70962,257442499
L,0,1,0,2,70929,257458902
L,2,1,0,3,71621,257499875
Q,257508209,0,1.92763,-0.99239,1.74927
Q,257508209,1,1.86417,-0.84547,1.79611
Q,257508209,2,1.88404,-0.89345,1.75951
Q,257508209,3,1.93589,-1.32348,1.47946
L,0,0,0,0,29844,257542170
L,0,0,1,0,95050,257542170
L,2,0,0,0,29533,257542170
L,3,0,0,1,29531,257558228
L,3,1,0,3,72169,257575663
Q,257608296,0,1.88793,-0.82694,1.77192
Q,257608296,1,1.81156,-0.68430,1.83393
Q,257608296,2,1.86940,-0.79598,1.76527
Q,257608296,3,1.91322,-1.01833,1.59037
L,1,0,0,1,30353,257642714
L,3,0,1,0,96172,257646382
L,1,0,1,1,96625,257661230
Q,257708355,0,1.86576,-0.74884,1.77849
Q,257708355,1,1.78238,-0.64031,1.86511
Q,257708355,2,1.83898,-0.70531,1.77348
Q,257708355,3,1.86527,-0.87136,1.65382
L,1,1,0,2,75029,257742489
L,2,0,0,0,30927,257807173
Q,257808639,0,1.77473,-0.62660,1.80148
Q,257808639,1,1.76551,-0.58039,1.78653
Q,257808639,2,1.78106,-0.59491,1.79533
Q,257808639,3,1.82814,-0.77875,1.68874
L,3,1,0,2,75659,257843155
L,0,0,0,0,31430,257861108
L,3,0,0,0,31225,257877512
Q,257908764,0,1.67927,-0.54089,1.80490
Q,257908764,1,1.73696,-0.52408,1.70948
Q,257908764,2,1.70249,-0.49104,1.78966
Q,257908764,3,1.76814,-0.72282,1.73882
L,1,0,1,0,98696,257949477
L,1,0,0,1,32820,257998288
Q,258008826,0,1.61143,-0.50414,1.82127
Q,258008826,1,1.59018,-0.42170,1.72867
Q,258008826,2,1.60954,-0.40318,1.75181
Q,258008826,3,1.66015,-0.58229,1.76191
L,2,0,0,0,33034,258069879
Q,258108975,0,1.52171,-0.47625,1.84749
Q,258108975,1,1.47260,-0.36916,1.76934
Q,258108975,2,1.47985,-0.33677,1.82726
Q,258108975,3,1.53398,-0.49061,1.80875
L,0,0,0,0,33481,258143154
L,3,0,0,0,33372,258143154
Q,258209280,0,1.42794,-0.46129,1.84235
Q,258209280,1,1.41664,-0.35614,1.77275
Q,258209280,2,1.38838,-0.30790,1.89195
Q,258209280,3,1.46502,-0.46111,1.83080
L,1,0,0,1,34987,258253738
L,0,0,1,0,100832,258293124
Q,258309519,0,1.35961,-0.45732,1.82790
Q,258309519,1,1.29908,-0.32825,1.86992
Q,258309519,2,1.29557,-0.30144,1.84297
Q,258309519,3,1.36157,-0.43238,1.84139
L,2,0,0,0,36048,258406836
Q,258409771,0,1.26612,-0.45201,1.84627
Q,258409771,1,1.19898,-0.33340,1.83058
Q,258409771,2,1.17684,-0.29945,1.86637
Q,258409771,3,1.25606,-0.41885,1.88238
L,0,0,0,0,36001,258444561
L,3,0,0,1,36011,258444561
Q,258509814,0,1.16551,-0.45708,1.87288
Q,258509814,1,1.11952,-0.33702,1.83383
Q,258509814,2,1.07560,-0.30125,1.88070
Q,258509814,3,1.15790,-0.42337,1.87369
L,1,0,0,0,37908,258592915
Q,258609846,0,1.07782,-0.45865,1.88641
Q,258609846,1,1.01504,-0.34369,1.83862
Q,258609846,2,1.00347,-0.30891,1.85520
Q,258609846,3,1.06789,-0.43089,1.89341
L,2,0,0,1,38519,258689067
L,3,0,0,0,38302,258699528
Q,258709918,0,1.01332,-0.45947,1.91115
Q,258709918,1,0.92224,-0.35503,1.84486
Q,258709918,2,0.91646,-0.31806,1.85899
Q,258709918,3,0.98469,-0.44212,1.90361
L,0,0,0,0,38528,258744816
Q,258810181,0,0.93177,-0.47394,1.91111
Q,258810181,1,0.83097,-0.37455,1.81613
Q,258810181,2,0.82794,-0.32868,1.86354
Q,258810181,3,0.92899,-0.45209,1.89366
L,1,0,0,0,40530,258894470
Q,258910325,0,0.85201,-0.49321,1.91920
Q,258910325,1,0.78146,-0.37322,1.88036
Q,258910325,2,0.73578,-0.35321,1.85996
Q,258910325,3,0.86354,-0.47048,1.85824
L,2,0,0,0,41319,258991322
L,0,0,0,0,41073,259001427
Q,259010399,0,0.81488,-0.50091,1.92890
Q,259010399,1,0.75273,-0.37107,1.94519
Q,259010399,2,0.67429,-0.36829,1.89769
Q,259010399,3,0.78039,-0.49963,1.81952
L,3,0,0,0,42077,259102337
Q,259110507,0,0.71024,-0.54322,1.88815
Q,259110507,1,0.68564,-0.38795,1.97970
Q,259110507,2,0.60795,-0.39137,1.92287
Q,259110507,3,0.69476,-0.50790,1.91309
Q,259210646,0,0.66642,-0.54824,1.94617
Q,259210646,1,0.60030,-0.42192,1.95455
Q,259210646,2,0.52542,-0.42350,1.95114
Q,259210646,3,0.60616,-0.55369,1.86175
L,2,0,0,0,43590,259252040
Q,259310768,0,0.61809,-0.57656,1.89791
Q,259310768,1,0.53986,-0.45396,2.00440
Q,259310768,2,0.44435,-0.46611,1.92559
Q,259310768,3,0.53781,-0.58877,1.87525
L,1,0,0,1,44035,259345563
Q,259411131,0,0.60254,-0.57815,1.99913
Q,259411131,1,0.46659,-0.50038,1.93621
Q,259411131,2,0.43923,-0.47395,1.97132
Q,259411131,3,0.50812,-0.60653,1.95672
L,3,0,0,1,44771,259445608
Q,259511413,0,0.56746,-0.60524,2.06168
Q,259511413,1,0.35967,-0.58205,1.86141
Q,259511413,2,0.43828,-0.48160,1.99739
Q,259511413,3,0.48060,-0.63039,1.95691
L,0,0,0,1,45111,259545794
Q,259611549,0,0.46994,-0.70724,2.00163
Q,259611549,1,0.35995,-0.59956,1.91688
Q,259611549,2,0.31867,-0.61045,1.94848
Q,259611549,3,0.38766,-0.73653,1.90865
L,1,0,0,1,45959,259695734
Q,259711625,0,0.43879,-0.77727,1.99893
Q,259711625,1,0.34729,-0.65522,1.95263
Q,259711625,2,0.28872,-0.67116,1.94519
Q,259711625,3,0.35878,-0.78797,1.89513
L,2,0,0,0,46463,259808982
Q,259811821,0,0.39718,-0.86895,1.94674
Q,259811821,1,0.33011,-0.67968,1.93337
Q,259811821,2,0.28866,-0.72616,1.95895
Q,259811821,3,0.34571,-0.85822,1.90081
Q,259912029,0,0.38377,-0.92281,1.92018
Q,259912029,1,0.32102,-0.77321,1.91835
Q,259912029,2,0.30091,-0.79384,1.96432
Q,259912029,3,0.36684,-0.90807,1.93420
L,0,0,0,1,46204,259946389
L,1,0,0,0,46308,259995909
Q,260012291,0,0.39557,-1.01216,1.89795
Q,260012291,1,0.32383,-0.84079,1.90786
Q,260012291,2,0.30104,-0.83456,1.95142
Q,260012291,3,0.38154,-0.95864,1.93645
L,3,1,0,3,89669,260046680
L,1,1,0,3,13114,260054993
L,2,1,0,3,13557,260065672
L,0,1,0,3,88362,260071402
L,3,0,0,1,46572,260094666
L,2,1,1,3,87688,260098213
Q,260112586,0,0.41142,-1.06939,1.88487
Q,260112586,1,0.32383,-0.84079,1.90786
Q,260112586,2,0.32735,-0.90791,1.94234
Q,260112586,3,0.39108,-1.04055,1.90873
L,3,1,1,2,13539,260147447
L,1,0,1,1,99318,260162414
Q,260212953,0,0.45605,-1.15993,1.87211
Q,260212953,1,0.34142,-0.88961,1.90795
Q,260212953,2,0.35428,-0.98815,1.92655
Q,260212953,3,0.41201,-1.09045,1.90353
L,0,1,1,2,13677,260247633
L,1,0,0,0,46137,260247633
L,1,1,1,3,84084,260247633
L,0,0,0,1,46082,260276080
L,2,0,0,0,46340,260298825
L,3,1,0,2,83891,260308427
Q,260313025,0,0.47923,-1.19615,1.86935
Q,260313025,1,0.37633,-0.96015,1.89407
Q,260313025,2,0.36945,-1.01772,1.91730
Q,260313025,3,0.41201,-1.09045,1.90353
L,0,1,0,2,83301,260347285
L,2,1,0,3,14724,260347285
L,3,0,0,0,46345,260347285
L,2,1,1,3,82218,260373515
L,3,1,1,2,14714,260397518
Q,260413082,0,0.53697,-1.27205,1.86377
Q,260413082,1,0.45655,-1.06899,1.89567
Q,260413082,2,0.40865,-1.05835,1.92780
Q,260413082,3,0.43955,-1.12225,1.90439
L,1,1,0,3,14426,260452476
Q,260513184,0,0.57978,-1.33293,1.85124
Q,260513184,1,0.54390,-1.18529,1.88518
Q,260513184,2,0.48401,-1.16534,1.90701
Q,260513184,3,0.46700,-1.14902,1.90857
L,0,1,1,2,14478,260547789
L,1,0,0,1,45463,260547789
L,1,1,1,3,79489,260547789
L,0,0,0,1,45526,260557064
L,3,1,0,2,79572,260566054
L,2,0,0,1,45646,260582106
L,3,0,0,1,45715,260598280
Q,260613505,0,0.64125,-1.40128,1.84023
Q,260613505,1,0.55890,-1.22175,1.86583
Q,260613505,2,0.53624,-1.24693,1.87990
Q,260613505,3,0.49696,-1.17463,1.91292
L,0,1,0,3,78588,260647287
L,2,1,1,3,78029,260647287
L,3,1,1,2,14921,260653760
L,0,0,1,1,96854,260666879
Q,260713600,0,0.66957,-1.44801,1.81734
Q,260713600,1,0.63101,-1.22758,1.91827
Q,260713600,2,0.62436,-1.25967,1.94004
L,3,0,1,0,96467,260748031
L,1,1,0,2,14458,260789901
L,2,1,0,2,14793,260802215
Q,260813832,0,0.72602,-1.53103,1.78078
Q,260813832,1,0.72728,-1.35984,1.85396
Q,260813832,2,0.69762,-1.38712,1.86175
Q,260813832,3,0.58995,-1.29861,1.87490
L,0,0,0,1,44583,260848793
L,1,1,1,2,75022,260848793
L,2,0,0,1,44594,260848793
L,3,1,0,2,75693,260848793
L,1,0,0,1,44262,260856026
L,1,0,1,1,95435,260865068
L,0,1,1,2,14547,260896377
L,2,1,1,2,74150,260912445
L,3,1,1,2,14841,260913903
Q,260913903,0,0.79528,-1.60639,1.75108
Q,260913903,1,0.76681,-1.35351,1.88795
Q,260913903,2,0.74071,-1.42676,1.85040
Q,260913903,3,0.65826,-1.37433,1.85415
L,3,0,0,1,44474,260948206
L,0,0,1,1,95132,260966866
L,3,0,1,0,94825,260999431
Q,261014199,0,0.86986,-1.62575,1.77456
Q,261014199,1,0.76681,-1.35351,1.88795
Q,261014199,2,0.75987,-1.46812,1.82102
Q,261014199,3,0.69511,-1.39186,1.86646
L,1,1,0,3,14150,261049499
L,2,1,0,2,14362,261060401
L,2,0,1,1,94276,261072165
Q,261114340,0,0.93675,-1.61048,1.82706
Q,261114340,1,0.80032,-1.34641,1.91829
Q,261114340,2,0.83800,-1.53969,1.79639
Q,261114340,3,0.82631,-1.55486,1.79563
L,1,0,1,1,93992,261148142
L,3,1,0,2,72035,261148142
L,1,0,0,0,43066,261150975
L,0,1,1,3,14120,261155033
L,1,1,1,3,71461,261161584
L,2,0,0,0,43232,261162618
L,2,1,1,3,71212,261173121
L,3,1,1,3,14137,261208829
L,3,0,0,0,43305,261213565
Q,261214644,0,1.01941,-1.67379,1.81186
Q,261214644,1,0.83353,-1.41577,1.86630
Q,261214644,2,0.94832,-1.59149,1.80870
Q,261214644,3,0.94977,-1.62001,1.82373
L,0,1,0,2,71073,261249128
L,3,0,1,0,93573,261262860
L,1,1,0,3,13305,261305582
Q,261314952,0,1.10921,-1.68428,1.85077
Q,261314952,1,0.93819,-1.45206,1.89328
Q,261314952,2,1.00216,-1.69585,1.73803
Q,261314952,3,1.00622,-1.67258,1.81074
L,2,1,0,2,13369,261348739
L,2,0,1,0,93113,261348739
L,0,1,1,2,13114,261412868
Q,261415072,0,1.16057,-1.65255,1.90806
Q,261415072,1,1.03107,-1.54923,1.84937
Q,261415072,2,1.11159,-1.65112,1.83329
Q,261415072,3,1.07911,-1.80042,1.73439
L,0,0,0,1,41946,261449882
L,0,0,1,1,93083,261449882
L,2,0,0,1,41600,261449882
L,2,1,1,2,68809,261449882
L,3,1,0,3,68768,261457570
L,3,1,1,3,12967,261468455
L,3,0,0,0,41742,261474122
L,1,0,1,0,92638,261477974
L,0,1,0,3,68784,261501925
L,1,0,0,0,41008,261509760
L,1,1,1,2,68370,261515090
Q,261515090,0,1.18375,-1.63460,1.93578
Q,261515090,1,1.16459,-1.64176,1.82445
Q,261515090,2,1.18952,-1.71732,1.79978
Q,261515090,3,1.15738,-1.85290,1.72636
L,3,0,1,0,92342,261549443
L,1,1,0,2,12134,261605629
L,2,0,1,0,91866,261607809
Q,261615295,0,1.24790,-1.66309,1.92927
Q,261615295,1,1.21222,-1.64681,1.83997
Q,261615295,2,1.23125,-1.72016,1.81530
Q,261615295,3,1.23365,-1.88854,1.72559
L,2,1,0,3,12081,261656111
L,0,1,1,2,12231,261673094
L,2,1,1,3,66785,261705341
L,0,0,0,1,40103,261712879
Q,261715372,0,1.29630,-1.69862,1.91226
Q,261715372,1,1.30216,-1.60023,1.91478
Q,261715372,2,1.32478,-1.66445,1.89974
Q,261715372,3,1.29993,-1.82661,1.81027
L,0,0,1,1,91620,261750181
L,3,0,0,1,39932,261750181
L,0,1,0,3,66993,261755470
L,1,0,0,1,39257,261773006
L,1,1,1,2,66578,261793836
L,3,1,1,2,11929,261809514
Q,261815578,0,1.36747,-1.80125,1.83445
Q,261815578,1,1.39981,-1.60988,1.92850
Q,261815578,2,1.43314,-1.65109,1.93594
Q,261815578,3,1.43248,-1.88169,1.79410
L,3,1,0,3,66195,261850559
L,1,1,0,2,11457,261863624
L,1,0,1,1,90729,261882505
L,2,0,1,1,90468,261890103
L,2,1,0,3,11377,261915409
Q,261916052,0,1.44913,-1.85257,1.80144
Q,261916052,1,1.41221,-1.59118,1.94961
Q,261916052,2,1.48656,-1.63488,1.95863
Q,261916052,3,1.47725,-1.88356,1.80303
L,0,1,1,2,11488,261950334
L,2,0,0,0,38177,261950334
L,0,0,0,1,38481,261973548
Q,262016337,0,1.50371,-1.75551,1.90240
Q,262016337,1,1.46101,-1.61059,1.93854
Q,262016337,2,1.52334,-1.65279,1.94610
Q,262016337,3,1.51481,-1.82208,1.87089
L,0,0,1,0,90289,262050650
L,1,0,0,1,37731,262050650
L,1,1,1,3,65416,262050650
L,2,1,1,2,64959,262050650
L,3,0,1,1,89844,262062252
L,3,1,1,3,11285,262090620
L,3,0,0,1,37791,262111611
Q,262116614,0,1.55809,-1.74407,1.92249
Q,262116614,1,1.52274,-1.60656,1.95639
Q,262116614,2,1.59051,-1.69191,1.91624
Q,262116614,3,1.60887,-1.84192,1.87193
L,0,1,0,3,65000,262150412
L,1,1,0,3,11001,262150412
L,2,0,1,1,89361,262150412
L,3,1,0,3,64578,262159120
L,2,1,0,3,11027,262176088
L,0,1,1,3,11219,262211095
Q,262216739,0,1.55809,-1.74407,1.92249
Q,262216739,1,1.59061,-1.58381,2.00177
Q,262216739,2,1.59051,-1.69191,1.91624
Q,262216739,3,1.62160,-1.81895,1.89814
L,2,0,0,0,37022,262260137
L,0,0,0,1,37526,262273932
L,1,0,1,0,88958,262300752
L,2,1,1,2,63961,262302571
Q,262317039,0,1.61150,-1.77554,1.91117
Q,262317039,1,1.67675,-1.66811,1.94489
Q,262317039,2,1.63096,-1.70239,1.91890
Q,262317039,3,1.66781,-1.84151,1.89293
L,0,0,1,0,89007,262351010
L,1,0,0,0,36999,262351010
L,3,0,1,0,88732,262351010
L,3,0,0,0,37405,262389289
L,1,1,1,3,63999,262395874
L,1,1,0,2,11285,262405897
L,2,0,1,0,88255,262407381
Q,262417329,0,1.71247,-1.87168,1.85622
Q,262417329,1,1.71980,-1.70457,1.92745
Q,262417329,2,1.63096,-1.70239,1.91890
Q,262417329,3,1.73197,-1.89193,1.86968
L,0,1,0,3,64082,262452159
L,3,1,0,3,63780,262452159
L,3,1,1,2,11602,262452159
L,0,1,1,2,11576,262468036
L,2,0,0,0,36893,262514882
Q,262517466,0,1.74527,-1.88722,1.85741
Q,262517466,1,1.75530,-1.73615,1.91450
Q,262517466,2,1.69855,-1.75475,1.89891
Q,262517466,3,1.80279,-1.98395,1.81064
L,1,0,1,0,87931,262553456
L,2,1,1,2,63384,262553456
L,2,1,0,3,11664,262577810
L,0,0,1,0,87940,262602858
Q,262617623,0,1.77983,-1.89226,1.87380
Q,262617623,1,1.77583,-1.75234,1.91357
Q,262617623,2,1.74156,-1.81113,1.86159
Q,262617623,3,1.82399,-1.98667,1.82245
L,1,0,0,1,36961,262651790
L,3,0,0,1,37418,262651790
L,1,1,1,3,63450,262654601
L,3,0,1,1,87449,262656769
L,0,1,0,3,63520,262716545
Q,262717677,0,1.77983,-1.89226,1.87380
Q,262717677,1,1.79558,-1.76401,1.92114
Q,262717677,2,1.77356,-1.85466,1.83439
Q,262717677,3,1.85517,-2.01038,1.82209
L,0,0,0,0,37495,262751770
L,0,1,1,2,12193,262751770
L,1,1,0,3,11968,262751770
L,2,0,1,1,86973,262751770
L,3,1,0,3,63184,262751770
L,3,1,1,2,12240,262751770
L,2,0,0,0,37089,262798237
Q,262817727,0,1.82632,-1.93729,1.86761
Q,262817727,1,1.81145,-1.78324,1.91808
Q,262817727,2,1.78356,-1.84167,1.86073
Q,262817727,3,1.87960,-2.03125,1.82468
L,1,0,1,1,86835,262852153
L,2,1,1,3,62830,262852153
L,2,1,0,2,12280,262855129
L,0,0,1,1,86869,262900738
L,3,0,0,1,37765,262910546
Q,262917882,0,1.84279,-1.96175,1.85520
Q,262917882,1,1.82371,-1.80224,1.90831
Q,262917882,2,1.25326,-0.18612,3.41962
Q,262917882,3,1.88477,-2.02791,1.83707
L,1,1,1,2,62824,262951699
L,0,1,0,2,62873,262976984
L,3,1,0,3,62514,263015255
Q,263018010,0,1.84279,-1.96175,1.85520
Q,263018010,1,1.57333,-1.58633,2.65510
Q,263018010,2,1.25326,-0.18612,3.41962
Q,263018010,3,1.88477,-2.02791,1.83707
L,0,1,1,2,12950,263051818
L,1,1,0,2,12792,263051818
L,3,1,1,2,12943,263051818
L,1,0,0,1,37777,263065546
L,2,0,1,0,85849,263066606
L,0,0,0,1,38300,263092216
L,3,0,1,1,86088,263097339
L,2,1,0,2,13010,263115227
Q,263118247,0,1.84705,-1.97197,1.86078
Q,263118247,1,1.59264,-1.67142,2.62042
Q,263118247,2,1.25326,-0.18612,3.41962
Q,263118247,3,1.89790,-2.05377,1.84459
L,0,0,1,1,86275,263152838
L,1,0,1,0,85926,263154368
L,2,0,0,0,38072,263155355
L,3,0,0,1,38613,263169676
L,2,1,1,3,62208,263182587
L,1,1,1,3,62463,263213791
Q,263218456,0,1.87187,-2.03454,1.85483
Q,263218456,1,1.25295,-0.18092,3.42337
Q,263218456,2,1.25221,0.10106,3.42309
Q,263218456,3,1.90357,-2.07085,1.84277
L,0,1,0,2,62629,263252630
L,3,1,0,2,62373,263275617
L,1,1,0,2,13704,263303705
L,3,1,1,2,13933,263307212
L,0,1,1,2,13860,263308916
Q,263318730,0,1.87657,-2.05142,1.85404
Q,263318730,1,1.25552,0.10906,3.41783
Q,263318730,2,1.28892,0.12231,3.33692
Q,263318730,3,1.90357,-2.07085,1.84277
L,1,0,0,0,38945,263352271
L,2,0,1,1,85391,263352271
L,3,0,1,1,85739,263352271
L,2,1,0,3,14200,263413472
Q,263418838,0,1.87657,-2.05142,1.85404
Q,263418838,1,1.25531,0.10766,3.41815
Q,263418838,2,1.35121,0.05275,3.18925
Q,263418838,3,1.90357,-2.07085,1.84277
L,0,0,0,0,39907,263452629
L,2,0,0,0,39477,263452629
L,3,0,0,0,40038,263452629
L,1,0,1,0,85508,263454008
L,0,0,1,0,85871,263460114
L,2,1,1,2,62308,263481590
L,1,1,1,3,62550,263491267
Q,263519073,0,1.87180,-2.06818,1.86524
Q,263519073,1,1.25531,0.10766,3.41815
Q,263519073,2,1.35121,0.05275,3.18925
Q,263519073,3,1.90357,-2.07085,1.84277
L,3,1,0,2,62638,263555884
L,3,1,1,3,15136,263562435
L,0,1,1,3,15018,263564525
L,0,1,0,3,62874,263575384
L,1,0,0,1,40425,263608400
L,2,0,1,1,85324,263609803
L,3,0,1,1,85739,263616179
Q,263619191,0,1.87114,-2.11728,1.84423
Q,263619191,1,1.29545,0.11869,3.32902
Q,263619191,2,1.35121,0.05275,3.18925
L,1,1,0,2,15158,263652541
L,2,1,0,2,15474,263669917
L,0,0,1,1,86114,263717877
Q,263719302,0,1.86035,-2.11611,1.85707
Q,263719302,1,1.33081,0.08180,3.24684
L,0,0,0,0,41626,263751892
L,1,1,1,3,62951,263753143
L,2,1,1,3,62793,263759529
L,3,1,0,2,63148,263814354
Q,263819388,0,1.84585,-2.10901,1.87287
Q,263819388,1,1.33081,0.08180,3.24684
L,0,1,0,2,63341,263852033
L,0,1,1,2,16151,263852033
L,3,1,1,2,16312,263852033
L,2,0,1,1,86161,263883907
L,3,0,1,0,86680,263898676
L,2,0,0,0,42849,263916768
Q,263919427,0,1.82790,-2.09734,1.89168
L,1,0,0,0,42840,263951512
L,3,0,0,0,43460,263951512
L,1,1,0,2,16508,263962738
L,1,1,1,3,63623,264010325
L,2,1,1,3,63555,264017016
Q,264019521,0,1.78369,-2.06361,1.93697
Q,264019521,3,1.82155,-2.14518,1.86462
L,0,0,1,0,87460,264052193
L,2,1,0,3,16897,264052193
L,1,0,1,1,87354,264093801
L,3,1,1,2,17207,264102389
L,0,1,1,2,16992,264107621
L,0,1,0,2,64353,264117915
Q,264119560,3,1.82155,-2.14518,1.86462
L,0,0,0,1,44145,264152120
L,2,0,1,1,87634,264152120
L,3,1,0,2,64440,264152120
L,3,0,1,1,88033,264152120
L,3,0,0,0,44886,264210499
Q,264219670,1,1.35681,-0.00344,3.14335
Q,264219670,3,1.82155,-2.14518,1.86462
L,1,0,0,0,44495,264252192
L,1,1,0,2,17437,264252192
L,2,0,0,1,44826,264252192
L,0,0,1,0,88676,264304853
Q,264319705,1,1.35681,-0.00344,3.14335
Q,264319705,3,1.77609,-2.10366,1.90916
L,1,0,1,0,88511,264352604
L,2,1,0,2,17827,264352604
L,1,1,1,3,65336,264368363
L,0,1,1,3,17553,264373394
L,0,1,0,3,65617,264378593
L,3,1,1,3,17858,264402914
L,3,1,0,3,65913,264408581
Q,264419859,1,1.36301,-0.03077,3.10576
Q,264419859,3,1.73328,-2.06151,1.95018
L,2,0,1,1,89222,264452886
L,3,0,1,1,89572,264452886
L,2,1,1,2,65952,264475319
L,3,0,0,0,45772,264488235
L,0,0,0,0,45354,264499154
L,2,0,0,0,45807,264515618
Q,264519903,1,1.36390,-0.05010,3.07909
L,1,1,0,3,17875,264552592
L,0,0,1,0,90117,264587845
L,1,0,1,0,90014,264614603
Q,264619970,1,1.36390,-0.05010,3.07909
L,2,1,0,2,18287,264669176
L,3,1,0,2,67250,264670951
L,0,1,1,2,17888,264672246
L,1,1,1,2,66911,264684676
L,0,1,0,2,67083,264689646
L,1,0,0,1,46037,264690731
L,0,0,0,0,46153,264751414
L,2,0,1,0,90897,264751414
L,2,1,1,3,18360,264751414
L,3,1,1,2,18195,264751414
L,2,0,0,0,46801,264774179
L,3,0,1,1,91397,264775263
L,1,1,0,3,18190,264819724
L,3,0,0,0,47214,264892148
L,0,0,1,0,91939,264951412
L,1,0,0,0,47123,264951412
L,1,1,1,3,67990,264951412
L,2,1,0,3,18712,264951412
L,3,1,0,3,68465,264951412
L,0,1,1,3,18352,264968465
L,1,0,1,1,91863,264974807
L,2,0,1,0,92297,265003750
L,0,1,0,3,68636,265011529
L,2,0,0,1,47931,265051448
L,3,1,1,3,18755,265051448
L,3,0,1,1,92706,265058418
L,1,1,0,2,18742,265075481
L,0,0,0,0,47738,265151494
L,2,1,1,3,19159,265151494
L,3,0,0,0,48185,265151494
L,3,1,0,2,69662,265206664
Q,265220102,3,1.35213,-1.83608,2.16269
L,0,0,1,0,92918,265252259
L,1,0,0,0,48101,265252259
L,1,0,1,0,92761,265254089
L,2,0,1,0,93060,265260732
L,0,1,1,2,18980,265263658
L,1,1,1,2,69347,265264932
L,0,1,0,2,69665,265272801
Q,265320161,3,1.33629,-1.81633,2.17881
L,2,1,0,2,69902,265352620
L,3,0,1,0,93464,265352620
L,3,1,1,2,19435,265352620
L,1,1,0,3,19380,265359626
L,3,0,0,0,48844,265411457
L,0,0,0,0,48467,265412735
Q,265420243,3,1.32007,-1.79600,2.19524
L,2,1,1,2,19951,265452475
L,2,0,0,1,49072,265453907
L,3,1,0,2,70701,265466275
L,1,0,0,0,48807,265509267
Q,265520309,3,1.32007,-1.79600,2.19524
L,0,1,0,2,70685,265553002
L,0,0,1,0,93636,265553002
L,0,1,1,3,19764,265553002
L,1,1,1,2,70369,265553002
L,1,0,1,0,93498,265572478
Q,265620395,3,1.23591,-1.90355,2.12735
L,2,1,0,2,71301,265652748
L,2,0,1,0,93945,265652748
L,3,0,1,1,94119,265652748
L,3,0,0,1,49594,265671877
L,0,0,0,1,49296,265696957
L,1,1,0,2,20543,265697942
L,2,0,0,1,49872,265712675
L,3,1,1,2,20751,265720058
Q,265720524,3,1.13226,-2.11131,1.99110
L,2,1,1,2,21094,265752683
L,3,1,0,2,72060,265752683
L,1,0,0,1,49654,265766175
L,0,1,0,2,72070,265809075
Q,265820601,1,1.11575,-1.76485,2.23851
Q,265820601,3,1.10972,-2.07063,2.02213
L,0,1,1,2,20854,265853502
L,1,1,1,2,71865,265853502
L,1,0,1,1,94319,265874849
L,2,1,0,2,72640,265911083
L,0,0,1,1,94612,265920732
Q,265920732,0,1.25645,-1.92746,2.08582
Q,265920732,1,1.10252,-1.74243,2.25012
Q,265920732,2,1.10675,-1.44569,2.31876
Q,265920732,3,1.10972,-2.07063,2.02213
L,2,0,1,1,94823,265954795
L,3,0,0,1,50435,265954795
L,3,1,1,2,21530,265977809
L,3,0,1,1,95114,265994831
Q,266020996,0,1.15995,-2.00918,2.03822
Q,266020996,1,1.03871,-1.84381,2.18387
Q,266020996,2,1.11341,-1.47460,2.32048
Q,266020996,3,1.10972,-2.07063,2.02213
L,0,0,0,1,50323,266055509
L,1,1,0,2,21740,266055509
L,3,1,0,2,73593,266055509
L,0,1,0,2,73321,266069007
L,1,0,0,0,50535,266070378
L,2,1,1,3,22045,266102301
L,1,1,1,3,73433,266120969
Q,266121615,0,1.15995,-2.00918,2.03822
Q,266121615,1,0.95273,-1.87919,2.15683
Q,266121615,2,1.03177,-1.62077,2.24253
Q,266121615,3,1.06086,-1.98300,2.09021
L,1,0,1,0,95164,266155985
L,2,0,0,0,51012,266156659
L,2,1,0,3,74175,266171316
L,0,0,1,0,95332,266179087
L,0,1,1,2,21706,266220711
Q,266221776,0,1.13268,-1.96430,2.07465
Q,266221776,1,0.95273,-1.87919,2.15683
Q,266221776,2,0.95833,-1.73486,2.18453
L,2,0,1,0,95788,266255065
L,3,0,0,0,50906,266255065
L,3,1,1,2,21903,266255065
L,0,0,0,0,50740,266312050
L,1,1,0,3,22213,266313333
L,3,0,1,0,96028,266316530
Q,266321817,0,1.13268,-1.96430,2.07465
Q,266321817,1,0.90464,-1.78471,2.21764
Q,266321817,2,0.95504,-1.73612,2.19858
L,0,1,0,3,74681,266355113
L,1,0,0,0,51057,266355113
L,3,1,0,3,75157,266355113
L,1,1,1,3,74855,266405417
L,1,0,1,1,95859,266411742
Q,266421886,0,1.05867,-1.84104,2.16962
Q,266421886,1,0.90464,-1.78471,2.21764
Q,266421886,2,0.94484,-1.72647,2.22752
L,2,0,0,0,96230,266456189
L,2,1,0,3,75559,266456189
L,2,1,1,2,22637,266461995
L,3,0,0,1,51215,266509509
L,2,0,1,0,51490,266513482
L,3,1,1,2,22287,266518293
Q,266522097,1,0.89404,-1.76418,2.23166
Q,266522097,2,0.94034,-1.72093,2.23926
L,0,0,1,0,96043,266555312
L,0,0,0,1,51093,266571246
L,1,1,0,2,22766,266577044
L,3,0,1,0,96404,266595961
L,3,1,0,2,75993,266605628
L,0,1,0,2,75485,266606732
Q,266622171,2,0.94034,-1.72093,2.23926
L,1,0,0,0,51429,266654408
L,1,1,1,2,75697,266681586
L,0,1,1,2,22500,266696849
Q,266722211,2,0.80260,-1.90133,2.12824
L,1,0,1,0,96271,266754386
L,2,1,0,2,76441,266754386
L,2,0,1,0,51814,266774581
L,2,0,0,0,96680,266781777
L,3,1,1,2,22765,266794992
L,3,0,0,0,51591,266807143
Q,266822277,2,0.75085,-1.97463,2.08054
L,0,0,0,1,51460,266854522
L,1,1,0,2,23101,266854522
L,3,0,1,1,96841,266857356
L,3,1,0,2,76892,266863255
L,0,1,0,3,76403,266885215
Q,266922299,1,0.81172,-1.81716,2.19569
Q,266922299,2,0.75085,-1.97463,2.08054
Q,266922299,3,0.87640,-1.85331,2.18658
L,0,1,1,2,22694,266956250
L,1,0,0,0,51825,266956250
L,1,1,1,3,76591,266960160
L,0,0,1,0,96881,267000132
L,2,1,0,2,77378,267008216
Q,267022420,0,0.90025,-1.80832,2.20557
Q,267022420,1,0.81172,-1.81716,2.19569
Q,267022420,2,0.69754,-2.01896,2.06135
Q,267022420,3,0.84993,-1.79938,2.22862
L,1,0,1,0,96998,267058855
L,2,0,1,0,52159,267058855
L,2,1,1,2,23291,267058855
L,3,0,0,0,51872,267058855
L,3,1,1,2,22847,267058855
L,1,1,0,2,23039,267110663
L,3,1,0,2,77942,267120102
Q,267122510,0,0.81628,-1.85530,2.18007
Q,267122510,1,0.79638,-1.78394,2.22010
Q,267122510,2,0.64262,-2.01885,2.07729
Q,267122510,3,0.84993,-1.79938,2.22862
L,0,1,0,3,77546,267162176
L,3,0,1,0,97628,267178931
Q,267222810,0,0.75055,-1.90677,2.14849
Q,267222810,1,0.79638,-1.78394,2.22010
Q,267222810,2,0.63114,-1.97767,2.11385
Q,267222810,3,0.78265,-1.88322,2.17212
L,2,0,0,0,97640,267257187
L,0,0,0,1,51699,267289274
L,0,1,1,2,22624,267296533
L,1,0,0,0,51851,267306093
L,2,1,0,2,78548,267307545
Q,267322938,0,0.69651,-1.94666,2.11995
Q,267322938,1,0.72063,-1.82158,2.19480
Q,267322938,2,0.62626,-1.96176,2.12603
Q,267322938,3,0.70232,-1.88973,2.16894
L,2,1,1,2,23343,267357779
L,3,0,0,0,51839,267357779
L,1,1,0,2,23143,267369717
L,1,0,1,1,97212,267375733
L,3,1,1,2,22974,267377140
L,0,0,1,1,97360,267379172
L,1,1,1,2,78206,267380923
L,3,1,0,2,78947,267405935
Q,267423134,0,0.69102,-1.93456,2.12147
Q,267423134,1,0.70317,-1.77760,2.20996
Q,267423134,2,0.59379,-1.99115,2.10034
Q,267423134,3,0.69368,-1.86879,2.17809
L,0,1,0,2,78635,267456700
L,2,0,1,0,51685,267456700
L,3,0,1,0,97503,267459694
Q,267523394,0,0.68650,-1.92504,2.12036
Q,267523394,1,0.69330,-1.75032,2.21341
Q,267523394,2,0.58894,-1.98607,2.08957
Q,267523394,3,0.64491,-1.90346,2.14569
L,0,0,0,0,51090,267558486
L,0,1,1,2,23057,267558486
L,2,0,0,0,97210,267558486
L,2,1,0,2,79115,267558486
L,3,0,0,0,51283,267608387
Q,267623620,0,0.61114,-1.96661,2.07254
Q,267623620,1,0.63017,-1.78895,2.16471
Q,267623620,2,0.53368,-2.00814,2.04831
Q,267623620,3,0.60520,-1.92441,2.12185
L,2,1,1,3,23755,267658215
L,3,1,0,3,79721,267658215
L,3,1,1,3,23480,267658215
L,0,0,1,1,97130,267660234
L,1,1,0,2,23390,267669254
L,1,0,0,1,51055,267682279
L,1,0,1,1,97035,267696334
L,0,1,0,3,79609,267721792
Q,267723624,0,0.60642,-1.96443,2.05861
Q,267723624,1,0.62576,-1.77366,2.15628
Q,267723624,2,0.50894,-2.01099,2.02489
Q,267723624,3,0.60520,-1.92441,2.12185
L,1,1,1,2,79403,267757783
L,2,0,1,0,51344,267771973
L,0,0,0,0,50937,267810350
Q,267823729,0,0.57296,-1.97171,2.03046
Q,267823729,1,0.56997,-1.77203,2.12601
Q,267823729,2,0.47190,-2.01395,1.99860
Q,267823729,3,0.51599,-1.94847,2.06198
L,0,1,1,2,22728,267858034
L,2,1,0,3,80492,267866003
L,3,0,0,0,51162,267911807
L,3,1,1,3,22807,267914866
L,3,1,0,3,80806,267919113
Q,267924009,0,0.57296,-1.97171,2.03046
Q,267924009,1,0.52776,-1.78182,2.10486
Q,267924009,2,0.45038,-2.00090,1.98863
Q,267924009,3,0.51599,-1.94847,2.06198
L,1,0,0,0,51149,267958719
L,1,1,0,2,22782,267958719
L,2,1,1,3,22963,267958719
L,0,1,0,3,80332,267981112
L,0,0,1,0,97878,267998890
L,1,1,1,2,80242,268018149
Q,268024107,0,0.56165,-1.94742,2.03140
Q,268024107,1,0.43546,-1.82859,2.04479
Q,268024107,2,0.42731,-1.99259,1.98240
Q,268024107,3,0.47120,-1.94427,2.03105
L,0,0,0,0,50896,268068077
L,2,0,1,0,51306,268073522
L,0,1,1,3,21660,268114877
Q,268124349,0,0.53318,-1.94485,2.02043
Q,268124349,1,0.43152,-1.81331,2.05558
Q,268124349,2,0.41871,-1.98233,1.98498
Q,268124349,3,0.44737,-1.92572,2.02137
L,3,1,1,3,21519,268173036
L,3,1,0,3,81215,268182929
L,3,0,0,0,50936,268187203
L,1,0,0,0,50974,268221523
Q,268224380,0,0.52933,-1.93489,2.02365
Q,268224380,1,0.40899,-1.80696,2.05412
Q,268224380,2,0.94731,-0.75423,2.67940
Q,268224380,3,0.44412,-1.91988,2.02092
L,1,1,0,2,21591,268259105
L,2,1,0,2,81291,268259105
L,2,1,1,2,21482,268259105
L,0,0,1,0,98289,268278491
L,1,1,1,2,80664,268279607
L,0,1,0,2,80626,268288671
Q,268324456,0,0.49643,-1.92110,2.01378
Q,268324456,1,0.39330,-1.78922,2.05736
Q,268324456,2,0.87998,-0.88703,2.59848
Q,268324456,3,0.43453,-1.90775,2.01828
L,2,0,1,1,50870,268359504
L,0,1,1,2,20339,268376861
Q,268424759,0,0.48883,-1.90960,2.01235
Q,268424759,1,0.38908,-1.76440,2.06811
Q,268424759,2,0.82121,-1.02222,2.51837
Q,268424759,3,0.43600,-1.87592,2.02199
L,3,0,0,1,50292,268459301
L,3,1,0,2,81166,268459301
L,3,1,1,2,19937,268459301
L,0,0,0,0,50154,268472068
L,1,0,0,0,50387,268482647
L,1,1,0,3,20025,268510536
L,2,1,1,2,19792,268516964
Q,268525099,0,0.48450,-1.89595,2.00763
Q,268525099,1,0.38531,-1.75677,2.06592
Q,268525099,2,0.76231,-1.15585,2.43324
Q,268525099,3,0.43992,-1.86521,2.02289
L,0,1,0,2,80357,268559164
L,1,1,1,3,80559,268559164
L,2,1,0,3,81180,268559164
L,1,0,1,0,98407,268573662
L,2,0,1,1,49973,268612175
Q,268625426,0,0.48949,-1.87820,2.01048
Q,268625426,1,0.40477,-1.71929,2.08143
Q,268625426,2,0.38413,-0.72096,2.47870
Q,268625426,3,0.43835,-1.87763,2.00094
L,0,1,1,3,18692,268659791
L,0,0,1,0,98278,268698812
L,3,1,1,2,18070,268712125
Q,268725538,0,0.49680,-1.88108,1.98489
Q,268725538,1,0.40443,-1.72214,2.07456
Q,268725538,2,0.42977,-0.92858,2.34427
Q,268725538,3,0.45554,-1.86220,1.99437
L,0,0,0,0,49261,268760306
L,3,0,0,0,49261,268760306
L,2,1,1,3,17931,268773206
L,1,0,0,1,49271,268782488
L,1,1,0,3,18192,268787230
L,3,1,0,3,80055,268802645
L,2,1,0,3,80232,268824044
Q,268825553,0,0.52181,-1.86231,1.97203
Q,268825553,1,0.41918,-1.71966,2.05121
Q,268825553,2,0.43425,-1.08990,2.28307
Q,268825553,3,0.51740,-1.77413,2.03462
L,0,1,0,3,79297,268859749
L,1,0,1,0,98224,268859749
L,3,0,1,0,98342,268859749
L,2,0,1,0,48606,268872211
Q,268925603,0,0.54696,-1.85280,1.95934
Q,268925603,1,0.42218,-1.74650,2.00564
Q,268925603,2,0.46142,-1.19747,2.21767
Q,268925603,3,0.53134,-1.75175,2.04841
L,1,1,1,2,78947,268960545
L,3,1,1,2,15165,269012851
L,0,1,1,2,15573,269013580
L,0,0,1,1,97771,269018765
Q,269025632,0,0.59560,-1.79951,1.97811
Q,269025632,1,0.45479,-1.73588,1.98481
Q,269025632,2,0.49412,-1.23094,2.23837
Q,269025632,3,0.59639,-1.68230,2.07456
L,0,0,0,0,47298,269060069
L,1,1,0,3,15747,269060069
L,3,0,0,1,47030,269060069
L,2,1,1,2,14699,269072787
L,1,0,0,0,47139,269082485
L,3,1,0,3,77458,269121166
L,0,1,0,3,77122,269121891
Q,269125803,0,0.65246,-1.77433,1.96428
Q,269125803,1,0.49181,-1.70127,1.99038
Q,269125803,2,0.59078,-1.43451,2.13330
Q,269125803,3,0.64686,-1.68284,2.03550
L,2,0,0,0,15179,269160449
L,3,0,1,1,97704,269160449
L,1,0,1,0,97577,269191939
L,1,1,1,2,77031,269216095
Q,269225917,0,0.70974,-1.72639,1.98128
Q,269225917,1,0.57302,-1.65137,1.98776
Q,269225917,2,0.65941,-1.56973,2.04940
Q,269225917,3,0.69427,-1.73285,1.95229
L,2,1,0,2,77177,269259820
L,2,0,1,0,45842,269259820
L,0,0,1,0,97162,269318761
L,1,1,0,2,13371,269324612
Q,269326010,0,0.75952,-1.68818,1.99080
Q,269326010,1,0.65214,-1.54225,2.06334
Q,269326010,2,0.68726,-1.51837,2.07645
Q,269326010,3,0.75261,-1.68461,1.97043
L,0,1,1,2,13189,269359953
L,3,0,0,0,44972,269359953
L,0,1,0,2,75726,269380711
L,3,1,1,2,12515,269389602
L,1,0,0,1,45165,269400184
L,3,1,0,2,75850,269402408
L,2,0,0,1,97296,269419221
Q,269426333,0,0.78925,-1.75517,1.89853
Q,269426333,1,0.69988,-1.51148,2.07019
Q,269426333,2,0.77383,-1.66278,1.96692
Q,269426333,3,0.80303,-1.71145,1.90756
L,0,0,0,1,44672,269460389
L,2,1,1,2,76267,269460389
L,3,0,1,1,97062,269460389
L,1,1,1,2,75922,269472001
L,2,1,0,3,12348,269513108
Q,269526339,0,0.83555,-1.76617,1.85334
Q,269526339,1,0.73071,-1.51222,2.04215
Q,269526339,2,0.79125,-1.70035,1.93406
Q,269526339,3,0.84558,-1.72711,1.86250
L,1,0,1,1,96792,269560512
L,2,0,1,1,44248,269560512
L,0,0,1,0,96515,269578140
L,1,1,0,2,12625,269603941
L,0,1,1,2,12509,269611551
Q,269626552,0,0.84368,-1.78205,1.82906
Q,269626552,1,0.74919,-1.48250,2.06195
Q,269626552,2,0.84071,-1.79844,1.83448
Q,269626552,3,0.88753,-1.70649,1.85289
L,1,0,0,1,44001,269660648
L,3,1,1,2,11987,269660648
L,3,1,0,2,74389,269719764
L,0,1,0,2,74346,269720885
L,2,1,1,2,74873,269723336
Q,269726572,0,0.90612,-1.70566,1.86579
Q,269726572,1,0.80202,-1.45931,2.04468
Q,269726572,2,0.90684,-1.82563,1.79210
Q,269726572,3,0.95452,-1.67293,1.84216
L,2,1,0,3,11789,269773262
L,1,0,1,1,96114,269813082
L,3,0,1,1,95951,269817687
Q,269826707,0,0.95032,-1.70361,1.83707
Q,269826707,1,0.85188,-1.48413,1.97071
Q,269826707,2,0.95458,-1.73617,1.84408
Q,269826707,3,0.99759,-1.58888,1.90460
L,1,1,0,3,12093,269860991
L,0,0,0,0,42784,269867592
L,2,0,1,1,96005,269877239
Q,269926785,0,1.02161,-1.59791,1.90235
Q,269926785,1,0.91947,-1.51749,1.87139
Q,269926785,2,0.97428,-1.70764,1.86856
Q,269926785,3,1.04604,-1.57520,1.89101
L,0,0,1,0,95634,269960700
L,3,1,1,3,11428,269967477
L,1,1,1,3,73940,269969328
L,1,0,0,1,42556,269981345
L,0,1,1,3,11799,269990316
L,2,1,1,2,73685,269998628
L,3,1,0,3,73227,270000086
L,0,1,0,3,73336,270001411
Q,270027044,0,1.08936,-1.57947,1.88306
Q,270027044,1,0.93711,-1.53693,1.83411
Q,270027044,2,1.03324,-1.62644,1.91611
Q,270027044,3,1.09734,-1.55565,1.88682
L,2,1,0,3,11215,270068709
L,3,0,1,0,95429,270078302
L,3,0,0,0,41732,270106322
Q,270127169,0,1.09711,-1.56618,1.89426
Q,270127169,1,0.99694,-1.46692,1.87950
Q,270127169,2,1.07710,-1.59257,1.91435
Q,270127169,3,1.12434,-1.54465,1.88794
L,0,0,0,1,41995,270162199
L,2,0,0,1,41753,270162199
L,2,0,1,0,95443,270162199
L,3,1,1,2,11263,270224537
Q,270227480,0,1.12774,-1.58120,1.86570
Q,270227480,1,1.05360,-1.46742,1.85081
Q,270227480,2,1.11847,-1.61330,1.88847
Q,270227480,3,1.14352,-1.54724,1.87846
L,0,1,0,2,72564,270261596
L,0,0,1,0,94989,270261596
L,1,0,0,1,41764,270261596
L,1,1,1,2,72973,270261596
L,0,1,1,3,11640,270266581
L,3,1,0,3,72217,270279483
L,1,1,0,3,11558,270298315
L,2,1,0,3,72532,270321815
Q,270327485,0,1.16400,-1.58282,1.85033
Q,270327485,1,1.08799,-1.43486,1.87204
Q,270327485,2,1.15055,-1.63548,1.87238
Q,270327485,3,1.19454,-1.56631,1.84439
L,1,0,1,0,94995,270362083
L,3,0,0,0,41106,270362083
L,3,0,1,0,94526,270375405
L,2,1,1,3,11363,270406631
Q,270427598,0,1.20596,-1.61395,1.80557
Q,270427598,1,1.10490,-1.43361,1.86696
Q,270427598,2,1.23259,-1.70742,1.81644
Q,270427598,3,1.23676,-1.59505,1.80356
L,0,0,0,0,41331,270462131
L,2,0,1,1,41002,270462131
L,3,1,1,2,11628,270507360
L,1,1,1,2,71995,270514297
L,0,1,0,2,71594,270517910
L,1,0,0,1,41181,270523202
Q,270527711,0,1.23984,-1.61898,1.79522
Q,270527711,1,1.12351,-1.45284,1.83794
Q,270527711,2,1.24247,-1.69238,1.83207
Q,270527711,3,1.25963,-1.60301,1.79404
L,0,0,1,1,94014,270561539
L,1,1,0,3,11839,270561539
L,2,0,0,1,94099,270561539
L,3,1,0,3,71129,270561539
L,2,1,0,3,71317,270578940
L,0,1,1,3,12032,270606038
Q,270627797,0,1.26683,-1.65326,1.75890
Q,270627797,1,1.14559,-1.47935,1.80550
Q,270627797,2,1.27354,-1.64918,1.86158
Q,270627797,3,1.29123,-1.64211,1.75218
L,1,0,1,1,93836,270662565
L,3,0,0,0,40335,270706690
L,2,1,1,3,11753,270726275
Q,270728079,0,1.30644,-1.64808,1.76612
Q,270728079,1,1.16847,-1.50722,1.77210
Q,270728079,2,1.30628,-1.62290,1.85747
Q,270728079,3,1.34238,-1.62843,1.77229
L,0,0,0,1,40673,270762359
L,2,0,1,1,40069,270762359
L,3,0,1,1,93064,270762359
L,1,0,0,0,40389,270781694
L,3,1,1,2,11963,270784915
L,1,1,1,2,70584,270786739
L,0,1,0,2,70273,270794630
L,1,1,0,3,12020,270816376
Q,270828137,0,1.33044,-1.65874,1.75205
Q,270828137,1,1.19621,-1.50613,1.77606
Q,270828137,2,1.33115,-1.62047,1.84951
Q,270828137,3,1.36861,-1.63909,1.75967
L,0,1,1,3,12193,270863030
L,2,0,0,0,92641,270863030
L,3,1,0,3,69632,270863030
L,0,0,1,1,92367,270916506
Q,270928370,0,1.36484,-1.63712,1.77685
Q,270928370,1,1.26309,-1.53545,1.73542
Q,270928370,2,1.37748,-1.61743,1.85147
Q,270928370,3,1.40535,-1.61576,1.78957
L,1,0,1,1,92487,270962359
L,3,0,0,1,39301,270962359
L,2,1,1,3,11458,271005670
L,2,0,1,0,38655,271027643
Q,271028747,0,1.41969,-1.64264,1.77257
Q,271028747,1,1.31065,-1.54239,1.72834
Q,271028747,2,1.45736,-1.67353,1.83758
Q,271028747,3,1.45508,-1.62286,1.78213
L,0,0,0,0,39144,271063298
L,1,0,0,0,39064,271063298
L,1,1,1,3,69057,271063298
L,3,1,1,3,11602,271063298
L,2,1,0,3,68387,271094967
L,0,1,0,3,68433,271113171
L,0,1,1,2,11618,271125524
Q,271128755,0,1.48147,-1.71324,1.69966
Q,271128755,1,1.38889,-1.48180,1.80513
Q,271128755,2,1.56543,-1.76135,1.79452
Q,271128755,3,1.53683,-1.65441,1.75164
L,3,1,0,2,67898,271163299
L,0,0,1,0,91174,271200799
Q,271228816,0,1.50973,-1.74543,1.66608
Q,271228816,1,1.42969,-1.46893,1.81999
Q,271228816,2,1.58791,-1.67224,1.78730
Q,271228816,3,1.58830,-1.64720,1.76564
L,1,1,0,2,11136,271263226
L,1,0,1,0,91159,271263226
L,2,0,0,0,90826,271263226
L,3,0,1,0,90676,271263226
L,2,1,1,2,10851,271284975
L,3,0,0,0,37344,271286453
L,2,0,1,0,37020,271307298
L,1,0,0,0,37431,271321299
L,0,0,0,0,37546,271324924
Q,271328849,0,1.55562,-1.79633,1.61025
Q,271328849,1,1.45695,-1.42302,1.87276
Q,271328849,2,1.64713,-1.74039,1.72628
Q,271328849,3,1.65005,-1.69050,1.72110
L,2,1,0,2,67203,271362982
L,3,1,1,3,10900,271382300
L,1,1,1,3,67391,271406153
Q,271429180,0,1.61988,-1.82342,1.58368
Q,271429180,1,1.46499,-1.40854,1.88853
Q,271429180,2,1.67983,-1.77477,1.69205
Q,271429180,3,1.70243,-1.71591,1.69025
L,0,1,0,3,67070,271463573
L,0,1,1,3,10924,271463573
L,0,0,1,0,90244,271480993
L,2,0,0,1,90042,271514599
L,3,0,1,1,89862,271516399
Q,271529451,0,1.63633,-1.77512,1.63188
Q,271529451,1,1.50799,-1.41954,1.86756
Q,271529451,2,1.71256,-1.80702,1.65742
Q,271529451,3,1.72743,-1.67685,1.72507
L,1,1,0,3,10411,271563816
L,1,0,1,1,90319,271563816
L,2,0,1,1,35715,271563816
L,3,1,0,2,66609,271563816
L,3,0,0,1,35829,271566405
L,1,0,0,0,36003,271579440
L,2,1,0,3,66645,271613115
L,2,1,1,3,10003,271622746
Q,271629767,0,1.71544,-1.72813,1.65477
Q,271629767,1,1.58679,-1.45092,1.80882
Q,271629767,2,1.77632,-1.78834,1.63201
Q,271629767,3,1.77489,-1.68670,1.69948
L,3,1,1,3,10201,271664063
L,0,0,0,1,35454,271685121
L,1,1,1,2,66811,271704970
Q,271729911,0,1.76632,-1.67342,1.68571
Q,271729911,1,1.65119,-1.45121,1.77965
Q,271729911,2,1.79391,-1.79981,1.61289
Q,271729911,3,1.79875,-1.66181,1.70865
L,0,0,1,1,89808,271764440
L,0,1,1,3,9876,271764440
L,0,1,0,2,66526,271772054
L,3,0,1,1,89519,271776674
L,1,1,0,2,9247,271818577
Q,271830160,0,1.80416,-1.64709,1.68878
Q,271830160,1,1.71347,-1.41021,1.78384
Q,271830160,2,1.82548,-1.81963,1.57874
Q,271830160,3,1.83215,-1.68084,1.67145
L,1,0,0,1,34074,271864734
L,3,1,0,2,66199,271864734
L,2,1,0,3,66390,271893795
L,1,0,1,0,90175,271907977
Q,271930300,0,1.85163,-1.57650,1.71824
Q,271930300,1,1.75955,-1.39081,1.76960
Q,271930300,2,2.42162,-0.76378,1.54088
Q,271930300,3,1.88516,-1.55880,1.73819
L,1,1,1,2,66637,271964591
L,2,0,1,1,89959,271964591
L,2,1,1,3,8238,271964591
L,0,0,0,1,33413,271965926
L,3,0,0,1,32831,271983682
L,2,0,0,1,32470,272006166
Q,272030379,0,1.91999,-1.51615,1.71382
Q,272030379,1,1.78496,-1.36582,1.77063
Q,272030379,2,2.23598,-0.81467,1.68690
Q,272030379,3,1.94061,-1.53282,1.71247
L,0,1,1,2,8142,272064136
L,3,0,1,1,89708,272064136
L,0,1,0,2,66303,272090461
L,3,1,1,2,7808,272101022
Q,272130604,0,1.96012,-1.44696,1.73725
Q,272130604,1,1.84323,-1.36632,1.71376
Q,272130604,2,2.17585,-0.82958,1.73914
Q,272130604,3,1.97276,-1.49139,1.71873
L,1,1,0,3,7468,272164326
L,1,0,1,0,90323,272164326
L,0,0,1,0,90034,272178289
L,3,1,0,2,66095,272188119
L,2,1,0,3,66359,272193725
L,2,0,1,0,90130,272217543
L,1,1,1,2,66610,272221466
L,0,0,0,0,31573,272222489
Q,272230682,0,1.98241,-1.44926,1.71335
Q,272230682,1,1.87382,-1.27115,1.76483
Q,272230682,2,2.13900,-0.87873,1.75782
Q,272230682,3,1.98941,-1.44797,1.73743
L,2,0,0,0,30857,272264935
L,3,0,0,0,31015,272264935
L,1,0,0,0,30891,272317061
Q,272330978,0,2.01419,-1.40730,1.70920
Q,272330978,1,1.88389,-1.19238,1.81956
Q,272330978,2,2.08693,-0.90688,1.79948
Q,272330978,3,2.03124,-1.44651,1.69266
L,0,1,1,3,6873,272365292
L,0,1,0,3,66516,272370325
L,1,0,1,0,90645,272429821
Q,272431321,0,2.05418,-1.39827,1.66651
Q,272431321,1,1.94721,-1.13121,1.78252
Q,272431321,2,2.07855,-0.90821,1.80636
Q,272431321,3,2.08080,-1.37643,1.68163
L,1,1,0,2,6164,272466204
L,0,0,1,1,90432,272482527
L,1,1,1,2,67071,272484594
L,0,0,0,1,29845,272488307
L,2,1,0,2,66948,272491688
L,3,1,0,2,66597,272494003
L,3,0,0,1,29179,272523579
Q,272531495,0,2.07368,-1.38604,1.64580
Q,272531495,1,1.99096,-1.06466,1.76664
Q,272531495,2,2.08580,-0.92086,1.81668
Q,272531495,3,2.08080,-1.37643,1.68163
L,2,0,1,0,90944,272566474
Q,272631721,0,2.09548,-1.22857,1.69837
Q,272631721,1,2.01304,-0.96033,1.78386
Q,272631721,2,2.10401,-0.92201,1.81202
Q,272631721,3,2.07576,-1.23776,1.76377
L,0,1,0,2,67363,272665706
L,3,0,1,0,91173,272665706
L,2,0,0,0,28284,272667829
L,1,0,0,1,28571,272697225
Q,272731737,0,2.09868,-1.09849,1.75467
Q,272731737,1,2.02043,-0.90795,1.79024
Q,272731737,2,2.10239,-0.90475,1.81930
Q,272731737,3,2.10675,-1.08527,1.78735
L,0,0,1,0,92006,272766052
L,1,0,1,0,92407,272766052
L,0,0,0,0,28123,272766825
L,3,0,0,0,27629,272784268
Q,272831810,0,2.10324,-1.03837,1.76828
Q,272831810,1,2.02867,-0.82905,1.79692
Q,272831810,2,2.10288,-0.86666,1.82666
Q,272831810,3,2.11839,-1.06373,1.76878
L,2,0,1,0,93750,272877966
L,3,1,0,3,68706,272911281
Q,272931822,0,2.10439,-0.92708,1.77207
Q,272931822,1,2.02616,-0.71630,1.82571
Q,272931822,2,2.09223,-0.79163,1.83463
Q,272931822,3,2.12029,-0.95703,1.77391
L,1,0,0,0,27483,272966186
L,2,1,0,2,69570,272966186
L,0,1,0,2,69160,272973745
L,1,1,1,3,69751,272985716
L,3,0,1,1,94575,272997118
Q,273031978,0,2.08354,-0.82537,1.79818
Q,273031978,1,2.00376,-0.58975,1.85957
Q,273031978,2,2.08367,-0.77245,1.83734
Q,273031978,3,2.10822,-0.85050,1.79593
L,3,0,0,1,26814,273085815
L,0,0,0,1,27173,273087832
L,2,0,0,0,27295,273123412
Q,273132086,0,2.04970,-0.71366,1.84260
Q,273132086,1,1.98230,-0.53033,1.87422
Q,273132086,2,2.06068,-0.71259,1.85663
Q,273132086,3,2.07808,-0.70901,1.85408
L,3,1,0,3,71371,273174964
L,1,0,0,0,28047,273217069
Q,273232214,0,2.04561,-0.68523,1.85118
Q,273232214,1,1.91564,-0.47293,1.92415
Q,273232214,2,1.96017,-0.57414,1.91293
Q,273232214,3,2.06247,-0.64562,1.87641
L,3,1,1,3,64594,273286663
Q,273332299,0,1.95751,-0.57178,1.87998
Q,273332299,1,1.84811,-0.40975,1.92446
Q,273332299,2,1.94557,-0.55094,1.88680
Q,273332299,3,1.96660,-0.54403,1.89545
L,0,0,0,0,28716,273365923
L,3,0,0,0,28502,273365923
L,2,0,0,1,29526,273382866
Q,273432392,0,1.82114,-0.49457,1.93831
Q,273432392,1,1.80055,-0.38575,1.88499
Q,273432392,2,1.81798,-0.47986,1.94438
Q,273432392,3,1.87398,-0.48696,1.91134
L,1,0,0,1,30437,273476759
Q,273532400,0,1.73495,-0.46451,1.96012
Q,273532400,1,1.73990,-0.37314,1.89088
Q,273532400,2,1.68997,-0.43550,2.00991
Q,273532400,3,1.75239,-0.44317,1.94030
Q,273632681,0,1.65505,-0.44395,1.98269
Q,273632681,1,1.63474,-0.35918,1.89519
Q,273632681,2,1.56701,-0.40902,2.02677
Q,273632681,3,1.63478,-0.40715,1.99200
L,0,0,0,0,31270,273666450
L,3,0,0,0,31207,273666450
Q,273732847,0,1.57295,-0.44029,1.97518
Q,273732847,1,1.50435,-0.33874,1.94953
Q,273732847,2,1.54346,-0.38505,2.04036
Q,273732847,3,1.57858,-0.41290,1.96138
L,1,0,0,0,32555,273766590
L,2,0,0,0,32823,273766590
Q,273833030,0,1.47849,-0.42380,2.02452
Q,273833030,1,1.39569,-0.32587,2.00624
Q,273833030,2,1.54945,-0.19093,2.24544
Q,273833030,3,1.47023,-0.39519,2.02487
L,3,0,0,0,33263,273929115
Q,273933065,0,1.38658,-0.41888,2.02816
Q,273933065,1,1.32243,-0.32203,2.01213
Q,273933065,2,1.28660,-0.24240,1.96350
Q,273933065,3,1.37977,-0.38816,2.03931
L,0,0,0,0,33393,273966993
L,1,0,0,1,34493,274020079
Q,274033091,0,1.33494,-0.41233,2.01599
Q,274033091,1,1.26392,-0.31851,1.99987
Q,274033091,2,1.25271,-0.37041,1.97170
Q,274033091,3,1.31561,-0.38558,2.03298
L,2,0,0,0,35495,274122243
Q,274133106,0,1.27344,-0.40311,2.02895
Q,274133106,1,1.21556,-0.31980,1.97205
Q,274133106,2,1.21115,-0.38689,2.00749
Q,274133106,3,1.25282,-0.37597,2.05986
L,3,0,0,0,35393,274187220
L,0,0,0,1,35608,274223198
Q,274233154,0,1.20165,-0.39791,2.04304
Q,274233154,1,1.11778,-0.31362,2.00143
Q,274233154,2,1.37380,-0.09839,2.39661
Q,274233154,3,1.17102,-0.37683,2.05231
L,1,0,0,1,36731,274293536
Q,274333289,0,1.11656,-0.40266,2.02787
Q,274333289,1,1.03490,-0.31168,2.00910
Q,274333289,2,1.19295,0.02984,2.49755
Q,274333289,3,1.08738,-0.38214,2.03604
L,2,0,0,0,37899,274402794
Q,274433437,0,1.04118,-0.40921,2.02272
Q,274433437,1,0.97974,-0.30936,2.03274
Q,274433437,2,0.96858,-0.14544,2.20872
Q,274433437,3,1.01724,-0.38889,2.03640
L,3,0,0,0,37677,274467721
L,0,0,0,1,38110,274529988
Q,274533722,0,0.98940,-0.41644,2.01481
Q,274533722,1,0.90743,-0.31993,1.99855
Q,274533722,2,0.92056,-0.26514,2.15036
Q,274533722,3,0.95159,-0.40430,2.01435
L,1,0,0,1,38618,274568241
Q,274633921,0,0.91455,-0.43240,2.00991
Q,274633921,1,0.82510,-0.33374,2.01190
Q,274633921,2,0.85923,-0.31145,2.10517
Q,274633921,3,0.88494,-0.41889,2.00024
L,2,0,0,0,40024,274667920
L,3,0,0,1,40058,274728207
Q,274734113,0,0.84384,-0.44330,2.03108
Q,274734113,1,0.76241,-0.35093,1.99247
Q,274734113,2,0.79193,-0.37299,2.09395
Q,274734113,3,0.80973,-0.43386,2.03203
Q,274834295,0,0.80658,-0.44748,2.06457
Q,274834295,1,0.72102,-0.36379,2.00350
Q,274834295,2,0.72733,-0.45228,2.06763
Q,274834295,3,0.77477,-0.43925,2.07319
L,0,0,0,1,40774,274869234
L,1,0,0,1,41008,274869234
Q,274934428,0,0.72158,-0.49605,2.02154
Q,274934428,1,0.65580,-0.39589,1.98522
Q,274934428,2,0.73828,-0.52711,2.08860
Q,274934428,3,0.73622,-0.46034,2.07840
L,2,0,0,0,42554,274987206
Q,275034494,0,0.66817,-0.53581,1.98769
Q,275034494,1,0.59215,-0.43921,1.94570
Q,275034494,2,0.66927,-0.56174,2.04262
Q,275034494,3,0.65906,-0.51542,2.01943
L,1,0,0,0,43028,275119312
Q,275134679,0,0.62836,-0.58292,2.02042
Q,275134679,1,0.54559,-0.48722,1.95130
Q,275134679,2,0.58992,-0.59635,2.04592
Q,275134679,3,0.63005,-0.55553,2.06337
L,0,0,0,0,43301,275192069
Q,275234811,0,0.58823,-0.63041,1.98871
Q,275234811,1,0.50490,-0.54128,1.93495
Q,275234811,2,0.58088,-0.60208,2.07782
Q,275234811,3,0.56635,-0.62858,2.02185
L,2,0,0,0,44322,275268542
L,3,0,0,0,44342,275309301
Q,275334903,0,0.55692,-0.66754,1.95040
Q,275334903,1,0.49021,-0.57893,1.96838
Q,275334903,2,0.51874,-0.63982,2.05978
Q,275334903,3,0.52325,-0.70148,2.01260
L,1,0,0,1,44587,275396388
Q,275434912,0,0.53325,-0.72687,1.97083
Q,275434912,1,0.45259,-0.64436,1.94724
Q,275434912,2,0.44014,-0.71648,2.02100
Q,275434912,3,0.50962,-0.73172,2.01227
Q,275535226,0,0.50296,-0.81644,1.98206
Q,275535226,1,0.43828,-0.71864,1.98259
Q,275535226,2,0.44274,-0.72883,2.04028
Q,275535226,3,0.50688,-0.77612,2.05169
L,2,0,0,0,45590,275569024
L,3,0,0,0,45490,275569024
Q,275635253,0,0.50801,-0.82189,2.00762
Q,275635253,1,0.44214,-0.73557,2.01233
Q,275635253,2,0.42651,-0.81003,2.02259
Q,275635253,3,0.51197,-0.78060,2.06840
Q,275735464,0,0.51386,-0.82722,2.03439
Q,275735464,1,0.43094,-0.76890,2.01174
Q,275735464,2,0.25102,-0.25496,2.57050
Q,275735464,3,0.49660,-0.83130,2.07131
L,1,0,0,0,46082,275801917
L,2,0,0,0,46547,275827794
Q,275835492,0,0.48154,-0.90554,2.02047
Q,275835492,1,0.38671,-0.84709,1.96213
Q,275835492,2,0.24245,-0.27061,2.56972
Q,275835492,3,0.46665,-0.91118,2.06463
L,0,0,0,0,46200,275870183
Q,275935714,0,0.42869,-1.00385,1.96667
Q,275935714,1,0.35924,-0.90740,1.94897
Q,275935714,2,0.25495,-0.46149,2.36295
Q,275935714,3,0.41164,-1.01749,2.01321
L,3,0,0,1,46842,275970091
Q,276036009,0,0.43292,-1.02931,2.00475
Q,276036009,1,0.35979,-0.94287,1.98961
Q,276036009,2,0.26496,-0.70264,2.17152
Q,276036009,3,0.40509,-1.03765,2.01308
L,1,0,0,1,46837,276070941
L,0,0,0,0,47100,276129759
Q,276136361,0,0.40016,-1.09033,1.97352
Q,276136361,1,0.34284,-0.97892,1.98407
Q,276136361,2,0.28257,-0.89831,2.07492
Q,276136361,3,0.41429,-1.04154,2.03941
L,2,0,0,0,47674,276187191
L,2,1,0,2,91457,276222755
L,3,0,0,1,47748,276231200
Q,276236594,0,0.37998,-1.14095,1.96905
Q,276236594,1,0.33622,-0.99958,1.98790
Q,276236594,2,0.27318,-0.94946,2.05452
Q,276236594,3,0.39449,-1.07250,2.01580
L,1,0,0,1,47897,276334797
Q,276336762,0,0.35000,-1.18893,1.93380
Q,276336762,1,0.31611,-1.04078,1.98014
Q,276336762,2,0.26079,-1.03021,2.03632
Q,276336762,3,0.33584,-1.17914,1.96157
L,0,1,0,3,91769,276370907
Q,276437074,0,0.33458,-1.22495,1.93691
Q,276437074,1,0.29992,-1.08843,1.99940
Q,276437074,2,0.25758,-1.09771,2.04458
Q,276437074,3,0.31547,-1.22417,1.95442
L,0,0,0,0,48449,276471071
L,1,1,0,3,90479,276471071
L,2,0,0,0,48715,276471071
L,3,0,0,1,48843,276489740
L,2,1,0,2,90389,276501925
L,3,1,0,3,91377,276503074
L,1,1,1,2,15064,276521665
Q,276537461,0,0.32884,-1.24366,1.94880
Q,276537461,1,0.27806,-1.12678,1.97713
Q,276537461,2,0.24004,-1.12882,2.02745
Q,276537461,3,0.29730,-1.26768,1.95209
L,1,0,0,0,48978,276594326
Q,276637664,0,0.32898,-1.26300,1.99854
Q,276637664,1,0.26887,-1.15588,1.99565
Q,276637664,2,0.25112,-1.14401,2.06818
Q,276637664,3,0.30857,-1.27886,2.02928
L,2,1,1,2,17384,276673682
L,0,0,0,0,49376,276723607
Q,276738003,0,0.31960,-1.29543,2.00428
Q,276738003,1,0.26269,-1.18453,2.00772
Q,276738003,2,0.26328,-1.15812,2.09692
Q,276738003,3,0.27049,-1.35955,1.99986
L,3,1,0,2,88903,276781167
L,2,0,0,0,49804,276786941
L,0,1,1,2,17933,276790231
L,1,1,0,2,87884,276791291
L,2,1,0,3,87797,276803066
L,3,0,0,0,49914,276824021
Q,276838298,0,0.31732,-1.33186,2.02317
Q,276838298,1,0.27347,-1.19496,2.05209
Q,276838298,2,0.26999,-1.16548,2.10887
Q,276838298,3,0.26675,-1.38541,2.00477
L,1,0,0,0,49644,276873133
L,1,1,1,2,18519,276873133
L,3,1,1,2,19143,276873133
L,0,1,0,3,87821,276879663
Q,276938549,0,0.28711,-1.42567,1.98613
Q,276938549,1,0.26584,-1.23427,2.05239
Q,276938549,2,0.27463,-1.22454,2.11628
Q,276938549,3,0.26323,-1.44165,2.00654
L,2,1,1,3,19992,276973266
L,0,0,0,1,49934,277021167
Q,277038784,0,0.30355,-1.43414,2.01244
Q,277038784,1,0.26282,-1.27404,2.05022
Q,277038784,2,0.26125,-1.30934,2.09077
Q,277038784,3,0.27353,-1.48119,2.01190
L,1,1,0,2,84981,277073461
L,2,0,0,0,50185,277073461
L,3,1,0,2,85738,277078287
L,2,1,0,2,84844,277081626
L,3,0,0,1,50263,277101684
L,1,0,0,1,49917,277137399
Q,277138880,0,0.28581,-1.50281,1.97841
Q,277138880,1,0.27206,-1.33095,2.04891
Q,277138880,2,0.28003,-1.33855,2.09585
Q,277138880,3,0.26992,-1.54705,1.99056
L,0,1,0,2,84662,277172887
L,0,1,1,2,20315,277172887
L,3,1,1,2,20874,277172887
Q,277239084,0,0.30784,-1.56954,1.97252
Q,277239084,1,0.28949,-1.36162,2.05279
Q,277239084,2,0.28003,-1.33855,2.09585
Q,277239084,3,0.27971,-1.57505,1.98800
L,1,1,1,2,20274,277273589
L,2,1,1,2,20771,277273589
L,0,0,0,0,49984,277282447
L,1,1,0,2,81636,277328575
L,3,1,0,2,82305,277335102
Q,277339422,0,0.32184,-1.59583,1.97259
Q,277339422,1,0.31374,-1.44016,2.04443
Q,277339422,2,0.30169,-1.41096,2.07980
Q,277339422,3,0.30215,-1.61260,1.98475
L,1,0,1,0,98297,277373416
L,2,0,0,1,50100,277373416
L,3,0,0,0,50236,277373416
L,2,1,0,3,80864,277382147
L,1,0,0,0,49787,277411094
L,3,1,1,3,20651,277425536
L,0,1,1,3,20189,277426661
Q,277439750,0,0.35295,-1.65017,1.96826
Q,277439750,1,0.35754,-1.53291,2.03299
Q,277439750,2,0.33616,-1.50580,2.06364
Q,277439750,3,0.31066,-1.63142,1.98084
L,1,1,1,2,19971,277538205
Q,277540076,0,0.38443,-1.69541,1.96958
Q,277540076,1,0.40000,-1.61148,2.02075
Q,277540076,2,0.37628,-1.54864,2.07385
Q,277540076,3,0.37669,-1.73058,1.97116
L,0,0,0,1,49771,277574056
L,0,1,0,2,79080,277574056
L,2,1,1,2,20381,277574056
L,3,1,0,2,78737,277592346
L,1,0,1,0,96951,277625925
L,2,1,0,2,77254,277634558
Q,277640205,0,0.39465,-1.71101,1.96724
Q,277640205,1,0.41976,-1.66210,1.99896
Q,277640205,2,0.41681,-1.59263,2.07471
Q,277640205,3,0.39955,-1.77556,1.95777
L,1,1,0,3,77047,277674157
L,3,0,0,0,49819,277674157
L,3,0,1,0,96881,277674157
L,0,1,1,3,20115,277705590
L,3,1,1,3,20453,277727153
Q,277740387,0,0.43266,-1.78438,1.93520
Q,277740387,1,0.47557,-1.67214,2.02391
Q,277740387,2,0.49264,-1.75321,2.00227
Q,277740387,3,0.43602,-1.82684,1.94149
L,1,0,0,1,48962,277774895
L,2,0,0,1,49195,277774895
L,2,0,1,1,95612,277798247
L,0,0,1,1,95920,277812928
L,2,1,1,2,20019,277828250
L,1,1,1,2,19725,277839782
Q,277840417,0,0.47161,-1.84312,1.91395
Q,277840417,1,0.53229,-1.74052,1.99611
Q,277840417,2,0.50559,-1.79503,1.97621
Q,277840417,3,0.46206,-1.89571,1.90289
L,0,1,0,2,75061,277874365
L,3,1,0,2,74324,277898929
L,0,0,0,1,48755,277900370
L,1,1,0,2,73609,277930238
L,3,0,0,0,48776,277937513
Q,277940682,0,0.48629,-1.88367,1.88722
Q,277940682,1,0.56974,-1.85401,1.91459
Q,277940682,2,0.58746,-1.85959,1.94924
Q,277940682,3,0.51295,-1.94603,1.88592
L,0,1,1,2,19819,277974622
L,2,1,0,3,73131,277974622
L,3,0,1,0,94747,277974622
L,3,1,1,2,20008,277986912
L,1,0,1,0,94103,278021483
Q,278040908,0,0.58059,-1.92970,1.88566
Q,278040908,1,0.65224,-1.89417,1.90596
Q,278040908,2,0.64145,-1.93123,1.90523
Q,278040908,3,0.57352,-1.98557,1.87409
L,1,0,0,0,47811,278076325
L,2,0,0,0,47850,278076325
L,2,0,1,0,93677,278076325
L,1,1,1,3,19154,278098745
L,2,1,1,3,19233,278107940
Q,278141166,0,0.68116,-2.11250,1.77358
Q,278141166,1,0.66844,-1.94003,1.87194
Q,278141166,2,0.68655,-1.95480,1.89478
Q,278141166,3,0.68467,-2.06906,1.84222
L,0,0,0,0,47749,278175898
L,0,1,0,2,71394,278175898
L,3,1,0,2,71052,278175898
L,0,0,1,0,93341,278188409
Q,278241400,0,0.74849,-2.17651,1.74699
Q,278241400,1,0.78427,-2.03466,1.82369
Q,278241400,2,0.74242,-1.98439,1.88523
Q,278241400,3,0.76144,-2.16670,1.78901
L,0,1,1,3,18993,278275886
L,3,0,0,1,47352,278275886
L,3,0,1,1,92615,278275886
L,3,1,1,3,19074,278275886
L,1,1,0,2,69771,278305515
L,1,0,0,0,46592,278331770
Q,278341657,0,0.80809,-2.20247,1.74485
Q,278341657,1,0.81315,-2.01382,1.84992
Q,278341657,2,0.84439,-2.03662,1.86694
Q,278341657,3,0.78418,-2.23004,1.74592
L,1,1,1,3,18203,278376207
L,2,0,0,1,46485,278376207
L,2,1,0,3,68873,278376207
L,2,0,1,0,91734,278376207
L,2,1,1,2,17987,278407407
L,0,1,0,2,68954,278429753
Q,278441849,0,0.88814,-2.26079,1.71944
Q,278441849,1,0.87843,-2.07833,1.81497
Q,278441849,2,0.88025,-2.12436,1.80356
Q,278441849,3,0.87401,-2.29529,1.71224
L,0,0,1,0,91757,278477156
L,1,0,1,0,91510,278477156
L,3,1,0,2,68268,278477156
L,0,0,0,0,46130,278480255
Q,278542136,0,0.92767,-2.36459,1.64111
Q,278542136,1,0.91358,-2.16193,1.75039
Q,278542136,2,0.93478,-2.25604,1.69977
Q,278542136,3,0.98091,-2.27692,1.74806
L,0,1,1,2,17720,278577046
L,3,0,1,1,90839,278577046
L,3,0,0,0,45327,278582654
L,1,0,0,0,44918,278590891
L,2,1,0,3,67115,278634103
Q,278642235,0,1.02173,-2.43914,1.59312
Q,278642235,1,0.97541,-2.14569,1.76693
Q,278642235,2,0.99950,-2.40939,1.56694
Q,278642235,3,1.04684,-2.43301,1.62786
L,1,1,0,3,67394,278676174
L,1,1,1,3,16969,278676174
L,2,1,1,3,16909,278676174
L,3,1,1,3,17280,278676174
L,2,0,1,0,89607,278710758
L,2,0,0,1,43663,278723062
L,3,1,0,2,66744,278730910
L,0,0,0,1,44200,278739040
L,1,0,1,1,89809,278741100
Q,278742391,0,1.13962,-2.38468,1.64272
Q,278742391,1,1.05728,-2.17730,1.73444
Q,278742391,2,1.09101,-2.42316,1.54674
Q,278742391,3,1.06595,-2.47844,1.59061
L,0,1,0,3,66899,278776112
Q,278842408,0,1.19650,-2.37866,1.64581
Q,278842408,1,1.11865,-2.16143,1.73913
Q,278842408,2,1.09101,-2.42316,1.54674
Q,278842408,3,1.19937,-2.44604,1.61518
L,0,0,1,0,89130,278876639
L,1,0,0,1,42582,278888734
L,2,1,0,2,65854,278897523
L,0,1,1,2,16331,278902784
L,3,0,0,0,42572,278918703
L,1,1,0,3,66018,278941203
Q,278942667,0,1.24736,-2.47645,1.55856
Q,278942667,1,1.23277,-2.04446,1.82323
Q,278942667,2,1.17856,-2.36745,1.57964
Q,278942667,3,1.26740,-2.41133,1.63318
L,1,1,1,2,15791,278976515
L,2,0,0,0,41777,278976515
L,2,1,1,2,15710,278976515
L,3,1,0,3,65467,278995456
L,3,0,1,1,88161,279006617
L,2,0,1,0,88061,279011485
L,1,0,1,0,88409,279024025
L,3,1,1,3,15659,279026566
Q,279042896,0,1.27184,-2.52234,1.51507
Q,279042896,1,1.28583,-1.94155,1.90627
Q,279042896,2,1.25951,-2.31202,1.61382
Q,279042896,3,1.38218,-2.27038,1.73153
L,0,0,0,0,41702,279078858
L,0,1,0,2,65426,279078858
Q,279142943,0,1.35489,-2.68207,1.37537
Q,279142943,1,1.31440,-1.88766,1.95061
Q,279142943,2,1.33088,-2.27028,1.64184
Q,279142943,3,1.38218,-2.27038,1.73153
L,0,1,1,2,15097,279184597
L,1,0,0,0,40610,279207688
L,3,0,0,0,40727,279221645
Q,279243196,0,1.42007,-2.58697,1.44457
Q,279243196,1,1.37377,-1.91890,1.91955
Q,279243196,2,1.33990,-1.42647,2.79480
Q,279243196,3,1.42546,-2.33808,1.67442
L,3,1,0,2,64262,279277459
L,3,0,1,0,87314,279277459
L,3,1,1,2,14694,279282859
L,2,0,1,0,87063,279293299
L,1,1,0,3,64270,279322386
L,2,1,1,2,14341,279325237
L,0,1,0,3,64260,279329439
L,2,1,0,2,63850,279337132
Q,279343378,0,1.42007,-2.58697,1.44457
Q,279343378,1,1.39960,-1.87136,1.96214
Q,279343378,2,1.24427,-0.12455,3.43352
Q,279343378,3,1.46647,-2.40386,1.62152
L,0,0,1,0,87216,279377645
L,1,1,1,3,14343,279377645
L,0,0,0,1,40305,279378500
L,2,0,0,1,39607,279380855
L,0,1,1,3,14473,279439478
Q,279443698,0,1.52339,-2.57671,1.46346
Q,279443698,1,1.41141,-1.84884,1.98180
Q,279443698,2,1.24470,-0.13019,3.43278
Q,279443698,3,1.53742,-2.37730,1.64405
L,1,0,0,1,39475,279477770
L,1,0,1,1,86658,279477770
L,3,0,0,1,39722,279477770
L,3,0,1,1,86022,279530351
L,3,1,1,2,14290,279541148
Q,279543867,0,1.58461,-2.51402,1.52021
Q,279543867,1,1.42443,-1.82910,2.00251
Q,279543867,2,1.24694,0.08820,3.42493
Q,279543867,3,1.53742,-2.37730,1.64405
L,2,1,1,3,14006,279583882
L,0,1,0,3,63277,279587331
L,2,1,0,3,62881,279591103
L,2,0,1,1,85392,279607627
L,3,1,0,3,62895,279609683
L,2,0,0,0,38419,279638918
Q,279644099,0,1.61513,-2.56403,1.48342
Q,279644099,1,1.42443,-1.82910,2.00251
Q,279644099,2,1.26417,0.10023,3.36089
Q,279644099,3,1.61090,-2.36523,1.66029
L,1,1,1,3,14007,279678476
L,1,1,0,3,62915,279683332
Q,279744208,0,1.68128,-2.50862,1.53224
Q,279744208,1,1.36358,-1.40684,2.82098
Q,279744208,2,1.26417,0.10023,3.36089
Q,279744208,3,1.69624,-2.49222,1.56556
L,0,0,0,1,38434,279777776
L,3,0,1,1,84436,279785608
L,1,0,1,1,84503,279817250
L,3,1,1,3,14029,279819371
L,0,0,1,1,84443,279842545
Q,279844546,0,1.68128,-2.50862,1.53224
Q,279844546,1,1.37612,-1.42886,2.81140
Q,279844546,2,1.28143,0.07633,3.30521
Q,279844546,3,1.69624,-2.49222,1.56556
L,0,1,0,3,62280,279878426
L,2,1,0,3,61893,279878426
L,2,0,1,1,83734,279878426
L,3,1,0,3,62058,279878426
L,0,1,1,3,13966,279881908
L,1,0,0,0,37322,279887414
L,3,0,0,0,37476,279898613
L,2,0,0,0,36956,279903399
L,1,1,1,3,13610,279932983
Q,279944757,0,1.73251,-2.58667,1.47394
Q,279944757,1,1.24331,-0.09585,3.44059
Q,279944757,3,1.69624,-2.49222,1.56556
L,1,1,0,2,61888,279978101
L,2,1,1,3,13270,280024116
Q,280044922,0,1.78984,-2.67364,1.40836
Q,280044922,1,1.24331,-0.09585,3.44059
Q,280044922,3,1.69624,-2.49222,1.56556
L,0,0,0,1,36550,280079420
L,1,0,1,1,83019,280079420
L,3,1,1,3,13449,280079420
L,3,0,1,0,82347,280103508
Q,280144988,0,1.78984,-2.67364,1.40836
Q,280144988,1,1.24331,-0.09585,3.44059
L,0,1,0,2,61127,280178077
L,1,0,0,0,35359,280178077
L,2,0,1,0,81913,280178077
L,3,0,0,0,35579,280178077
L,3,1,0,2,60849,280178077
L,0,0,1,0,82320,280190394
L,1,1,1,2,12916,280195133
L,2,0,0,0,34841,280201352
L,2,1,0,3,60649,280214221
L,0,1,1,3,13099,280218238
Q,280245011,1,1.25177,0.10022,3.41553
L,1,1,0,3,60803,280277288
L,2,1,1,3,12693,280277288
L,3,0,1,1,81048,280376446
L,3,1,1,2,12797,280376446
L,0,0,0,1,34703,280378159
L,1,0,1,1,81397,280379418
L,1,0,0,0,34142,280428448
L,0,0,1,0,81081,280476421
L,1,1,1,3,12577,280476421
L,2,0,0,0,33740,280476421
L,2,1,0,3,60103,280476421
L,3,0,0,0,34157,280476421
L,3,1,0,3,60137,280476421
L,2,0,1,0,80386,280512020
L,0,1,1,2,12781,280514210
L,1,1,0,2,60259,280535784
L,0,0,0,1,33971,280633896
L,1,0,1,1,80300,280635149
L,2,1,1,2,12539,280637540
L,3,0,1,1,79834,280676427
L,1,0,0,1,33515,280687752
L,3,0,0,0,33610,280736527
L,2,0,0,0,33229,280739358
L,0,0,1,0,80081,280742342
L,1,1,1,3,12538,280744832
L,0,1,1,2,12721,280776400
L,2,1,0,2,59518,280776400
L,2,0,1,1,79498,280776400
L,3,1,0,2,59539,280783335
L,0,1,0,3,59659,280876461
L,3,1,1,3,12721,280876461
L,1,0,1,0,79695,280893465
L,0,0,0,0,33856,280898436
L,2,1,1,2,12584,280901001
L,1,0,0,0,33579,280976413
L,3,0,1,0,79266,280976413
L,1,1,0,3,59503,280997284
L,0,0,1,0,79672,281002771
L,1,1,1,2,12747,281005405
L,3,0,0,0,33938,281019540
L,3,1,0,3,59319,281043414
L,0,1,1,3,13033,281076484
L,2,0,0,0,33754,281076484
L,2,1,0,2,59269,281076484
L,2,0,1,0,79081,281076484
L,3,1,1,2,13209,281135073
L,0,0,1,0,80071,281276487
L,1,0,1,0,79809,281276487
L,1,1,1,2,13445,281276487
L,2,1,1,2,13521,281276487
L,3,0,1,0,79693,281276487
L,1,0,0,1,35113,281289069
L,3,0,0,1,35541,281298943
L,0,1,0,2,59951,281322153
L,2,0,1,1,79747,281329644
L,0,1,1,2,13816,281333777
L,2,0,0,1,35632,281338889
L,3,1,0,2,59865,281376457
L,3,1,1,3,14140,281400038
L,2,1,0,2,59958,281427991
L,3,0,1,0,81229,281531992
L,1,1,0,2,60476,281534402
L,0,0,0,1,37852,281576458
L,0,1,0,2,60727,281576458
L,0,0,1,1,81806,281576458
L,1,0,0,1,37636,281576458
L,1,0,1,1,81424,281576458
L,3,0,0,1,38002,281576458
L,2,0,1,0,81523,281589572
L,2,1,1,2,14896,281596414
L,1,1,1,2,14748,281601429
L,3,1,0,2,60858,281627787
L,0,1,1,3,15106,281676516
L,3,1,1,3,15187,281676516
L,2,1,0,3,61092,281685103
L,2,0,0,0,39779,281740998
L,3,0,1,1,84025,281805715
L,1,1,0,3,62014,281811174
L,1,0,0,1,40455,281828413
L,0,0,0,1,40808,281836875
L,1,0,1,1,84170,281837762
L,0,0,1,1,84809,281876581
L,1,1,1,2,15923,281876581
L,2,0,1,1,84515,281876581
L,3,1,0,2,62613,281886303
L,3,0,0,0,41962,281916050
L,0,1,0,2,63052,281923598
L,0,1,1,2,16323,281934877
L,2,1,0,3,63274,281976521
L,3,1,1,3,16761,281976521
L,2,0,0,1,43007,282037847
L,2,1,1,3,17164,282076559
L,3,0,1,0,86658,282076559
L,1,0,1,0,86717,282095620
L,0,0,0,0,43077,282099613
L,2,0,1,1,87076,282129604
L,0,0,1,1,87276,282132916
L,3,1,0,2,64801,282143280
L,0,1,0,3,64938,282176584
L,1,0,0,1,43202,282176584
L,1,1,0,3,64797,282176584
L,1,1,1,3,17182,282202161
L,3,1,1,2,17480,282230359
L,2,1,0,3,65301,282242750
L,2,0,0,1,44257,282319816
L,1,0,1,0,88323,282376595
L,3,0,0,0,44583,282376595
L,3,0,1,0,88790,282376595
L,0,0,0,0,44198,282377516
L,0,0,1,0,88784,282383282
L,2,0,1,1,88757,282407886
L,2,1,1,3,18113,282413604
L,0,1,1,3,17789,282429368
L,1,1,0,3,66345,282430735
L,0,1,0,3,66744,282476610
L,1,0,0,1,44461,282476610
L,1,1,1,3,18028,282479517
L,3,1,0,3,67073,282497803
L,2,1,0,2,66970,282523901
L,2,0,0,1,45488,282576670
L,0,0,1,0,89923,282641577
L,3,0,1,0,90117,282644967
L,0,0,0,1,45639,282676634
L,3,1,1,3,18786,282676634
L,2,1,1,3,19007,282693071
L,1,1,0,3,67402,282709167
L,1,0,1,1,90000,282736516
L,1,1,1,2,18819,282743115
L,0,1,0,2,67754,282776624
L,0,1,1,3,18738,282776624
L,2,1,0,3,67731,282776624
L,3,1,0,3,68007,282776624
L,2,0,1,0,90445,282787606
L,3,0,0,0,46618,282795276
L,1,0,0,0,46454,282823649
L,2,0,0,0,46930,282839356
L,0,0,1,1,90827,282901737
L,3,0,1,1,91061,282905593
L,3,1,1,2,19404,282931146
L,0,0,0,0,46986,282976657
L,1,1,0,2,68041,282976657
L,1,1,1,3,19635,283021145
L,0,1,1,3,19481,283032361
L,1,0,1,0,90917,283033349
L,2,1,1,3,20001,283034641
L,0,1,0,3,68580,283076667
L,1,0,0,1,47450,283076667
L,2,1,0,3,68554,283076667
L,3,0,0,1,47762,283076667
L,3,1,0,3,68821,283076667
L,2,0,1,0,91328,283111413
L,2,0,0,0,48043,283120254
L,0,0,1,1,91437,283176726
L,3,0,1,0,91629,283176726
L,3,1,1,2,20370,283188499
L,0,0,0,0,47977,283234068
L,1,1,0,2,69026,283276693
L,1,1,1,2,20505,283276693
L,1,0,1,0,91513,283294047
L,3,0,0,1,48757,283336279
L,0,1,0,2,69659,283376696
L,2,1,0,2,69657,283376696
L,2,1,1,2,21354,283376696
L,2,0,0,1,49068,283378875
L,2,0,1,1,92020,283392614
L,3,1,0,2,70255,283437587
L,0,0,1,1,92270,283444357
L,0,1,1,2,21295,283476699
L,3,1,1,2,21635,283476699
L,1,0,0,0,49356,283505438
L,3,0,1,0,92893,283542762
Q,283545306,3,1.24997,-2.09024,1.96126
L,1,1,0,2,70407,283577664
L,1,1,1,2,21950,283579035
L,3,0,0,0,7045,283594266
L,1,0,1,1,92906,283633881
Q,283645387,3,1.24997,-2.09024,1.96126
L,2,0,1,0,93239,283677656
L,2,1,1,3,22741,283677656
L,2,0,0,1,50759,283682357
L,3,1,0,3,71626,283695374
L,2,1,0,2,71477,283725944
L,0,1,1,2,22639,283729125
L,0,1,0,2,71655,283735391
Q,283745473,3,1.18766,-1.99589,2.05019
L,0,0,1,1,93671,283777826
L,1,0,0,0,50815,283777826
L,3,1,1,2,23122,283777826
L,0,0,0,0,51086,283835578
Q,283845547,3,1.16185,-2.49703,2.33125
L,1,1,1,2,23648,283877816
L,3,0,0,0,51509,283877816
L,3,0,1,0,94284,283926308
L,2,0,1,0,94090,283929825
L,2,0,0,0,51926,283944137
Q,283945677,1,1.13058,-2.42946,2.36343
Q,283945677,3,1.11071,-2.48118,2.34402
L,3,1,0,2,73376,283978201
L,1,0,1,0,94110,283993676
L,1,1,0,3,73038,284005601
Q,284045708,1,1.10010,-2.31397,2.40783
Q,284045708,3,1.11071,-2.48118,2.34402
L,2,1,0,3,73736,284078882
L,0,0,1,1,94680,284123669
L,3,0,0,0,52562,284135701
Q,284145797,0,1.04074,-2.40750,2.36932
Q,284145797,1,1.06176,-2.20086,2.45322
Q,284145797,3,1.08691,-2.46657,2.35289
L,0,1,0,2,74570,284179539
L,0,1,1,2,25560,284179539
L,1,0,0,1,52468,284179539
L,1,1,1,2,25688,284179539
L,2,1,1,2,26240,284179539
L,3,0,1,0,94968,284179539
L,2,0,1,1,94950,284210870
L,3,1,1,2,26219,284212068
Q,284245882,0,1.02969,-2.39135,2.37708
Q,284245882,1,1.05183,-2.17480,2.46391
Q,284245882,3,1.06420,-2.44502,2.36422
L,2,0,0,1,53028,284279919
L,1,1,0,2,75416,284343742
Q,284345926,0,1.00011,-2.34696,2.39833
Q,284345926,1,1.03976,-2.14674,2.47571
L,0,0,1,0,95352,284378623
L,0,0,0,0,52897,284403199
L,2,1,0,2,76219,284404581
L,3,1,0,2,76479,284415181
L,1,0,0,0,53077,284430965
L,2,1,1,2,27269,284437411
L,3,0,0,0,53193,284438312
L,0,1,0,2,76187,284439600
Q,284445967,0,1.00011,-2.34696,2.39833
L,0,1,1,2,26616,284478532
L,1,0,1,1,95597,284478532
L,1,1,1,2,26912,284478532
L,3,0,1,0,95824,284478532
L,3,1,1,2,27006,284478532
Q,284546032,0,1.23426,-0.18448,3.42661
L,2,0,0,0,53271,284605189
L,2,0,1,0,96291,284633027
L,1,1,0,3,77227,284643921
Q,284646120,0,1.23426,-0.18448,3.42661
Q,284646120,3,1.23445,-0.18257,3.42594
L,0,0,0,0,52832,284679372
L,0,0,1,0,96191,284679372
L,2,1,0,2,77822,284679372
L,3,1,0,2,77919,284679372
L,1,0,0,1,52922,284708131
L,0,1,0,2,77552,284711093
L,2,1,1,2,26780,284712457
L,0,1,1,2,26009,284744365
Q,284746180,0,1.15714,-0.93440,3.19251
Q,284746180,3,1.23388,-0.18698,3.42535
L,1,1,1,2,26250,284779251
L,3,1,1,2,25916,284804043
L,3,0,0,1,52617,284814161
Q,284846252,3,1.15518,-0.94167,3.18589
L,2,0,0,0,52665,284878512
L,3,0,1,0,96837,284882407
L,1,1,0,3,78144,284923221
L,0,0,0,0,52099,284933224
L,2,1,0,2,78723,284940721
Q,284946261,3,0.92103,-2.20503,2.59675
L,0,1,0,2,78167,284978459
L,1,0,0,0,52204,284978459
L,1,0,1,0,96659,284978459
L,3,1,0,2,78778,285013942
L,2,1,1,2,24852,285032532
L,0,0,1,0,96748,285042320
Q,285046402,0,0.61405,-2.84237,1.96916
Q,285046402,3,0.52614,-2.85237,1.82361
L,0,1,1,2,24136,285079038
L,3,0,0,1,51673,285079038
L,3,1,1,2,24216,285079038
L,1,1,1,2,24370,285096245
L,2,0,0,0,51624,285142064
Q,285146517,0,0.54504,-2.76292,1.87853
Q,285146517,3,0.46326,-2.58934,1.81484
L,0,0,0,1,51122,285192693
L,1,1,0,2,78992,285204186
L,2,1,0,2,79641,285220757
L,1,0,0,0,51172,285244399
Q,285246633,0,0.50689,-2.64353,1.84613
Q,285246633,3,0.45613,-2.50904,1.81921
L,0,1,0,2,79041,285279427
L,2,1,1,3,22939,285311707
L,3,0,0,1,50669,285340298
L,0,1,1,2,22321,285341011
Q,285346835,0,0.48370,-2.47387,1.84719
Q,285346835,1,0.49961,-2.21213,1.93167
Q,285346835,2,0.58983,-2.03420,2.02619
Q,285346835,3,0.45011,-2.32775,1.84988
L,1,1,1,2,22684,285381996
L,3,1,0,2,80090,285381996
L,3,1,1,2,22139,285381996
L,2,0,0,0,50651,285402623
Q,285447147,0,0.47333,-2.37470,1.84493
Q,285447147,1,0.48087,-2.15865,1.93897
Q,285447147,2,0.55964,-2.02479,2.01865
Q,285447147,3,0.44791,-2.24413,1.86101
L,1,1,0,2,80036,285481917
L,1,0,0,0,49999,285546474
Q,285547168,0,0.46763,-2.25619,1.83690
Q,285547168,1,0.46641,-2.11555,1.93805
Q,285547168,2,0.51327,-1.94076,2.01762
Q,285547168,3,0.43569,-2.21617,1.84641
L,0,0,0,0,49710,285581348
L,0,1,0,3,79888,285590896
L,3,0,0,0,49510,285595498
L,3,1,0,2,80337,285632911
L,0,1,1,3,19998,285639792
L,3,1,1,3,19800,285644252
Q,285647342,0,0.47573,-2.16634,1.83777
Q,285647342,1,0.44994,-1.99899,1.93621
Q,285647342,2,0.49331,-1.86938,2.01378
Q,285647342,3,0.44940,-2.12317,1.86807
L,2,0,0,0,49338,285681532
L,2,1,0,3,80563,285681532
L,2,1,1,2,19332,285729553
L,1,1,1,2,19578,285733201
L,1,1,0,2,79772,285740095
Q,285747630,0,0.47627,-2.16844,1.82568
Q,285747630,1,0.44554,-1.91938,1.92817
Q,285747630,2,0.47139,-1.85513,1.98283
Q,285747630,3,0.50055,-1.92985,1.93716
L,1,0,0,1,48478,285804818
L,1,0,1,1,97309,285814317
L,0,0,0,1,48048,285831673
L,3,0,1,1,97336,285844133
Q,285847727,0,0.53910,-1.95973,1.86875
Q,285847727,1,0.46172,-1.84959,1.91581
Q,285847727,2,0.50760,-1.73187,2.02028
Q,285847727,3,0.51267,-1.91690,1.89108
L,3,0,0,1,47821,285882003
L,0,1,0,2,78531,285891296
L,3,1,1,2,17403,285901272
L,0,0,1,0,96894,285921438
L,2,0,0,1,47319,285943757
Q,285947729,0,0.58027,-1.87173,1.89066
Q,285947729,1,0.50498,-1.73561,1.96771
Q,285947729,2,0.53599,-1.65373,1.99253
Q,285947729,3,0.56725,-1.82086,1.91885
L,0,1,1,2,17146,285981609
L,2,1,1,2,16917,285988093
L,2,1,0,2,78338,286019177
L,1,1,0,2,77965,286039551
Q,286048014,0,0.59707,-1.94485,1.78285
Q,286048014,1,0.54602,-1.64365,2.01581
Q,286048014,2,0.55799,-1.63912,1.93838
Q,286048014,3,0.60199,-1.83345,1.85316
L,0,0,0,1,46320,286082146
L,1,0,1,1,96549,286082146
L,1,1,1,2,16732,286082146
L,3,1,0,2,77494,286082146
L,1,0,0,1,46290,286104117
L,3,0,1,1,96322,286125792
L,3,0,0,0,45695,286135172
Q,286148112,0,0.69066,-1.73285,1.90970
Q,286148112,1,0.61294,-1.58279,1.97496
Q,286148112,2,0.56316,-1.66104,1.88935
Q,286148112,3,0.63594,-1.81135,1.83893
L,0,1,0,3,76526,286187526
L,3,1,1,2,15410,286198435
L,0,0,1,0,95940,286220207
Q,286248242,0,0.74315,-1.77094,1.81863
Q,286248242,1,0.65274,-1.55014,1.96128
Q,286248242,2,0.58908,-1.73648,1.73413
Q,286248242,3,0.67639,-1.78178,1.83514
L,2,0,0,0,44975,286282035
L,1,1,0,3,76285,286320029
L,2,0,1,1,96037,286335097
Q,286348350,0,0.77360,-1.84721,1.70758
Q,286348350,1,0.68369,-1.61581,1.84149
Q,286348350,2,0.59527,-1.75175,1.70546
Q,286348350,3,0.73899,-1.78969,1.77894
L,0,0,0,1,44815,286381987
L,1,0,1,1,95953,286381987
L,1,1,1,2,14942,286381987
L,2,1,0,2,75879,286381987
L,2,1,1,2,14511,286381987
L,3,1,0,2,75456,286381987
L,3,0,1,0,95750,286381987
L,0,1,1,2,14855,286396976
L,3,0,0,0,44292,286434864
L,1,0,0,1,44683,286443065
L,0,1,0,2,75077,286447993
Q,286448620,0,0.78000,-1.86260,1.68788
Q,286448620,1,0.75299,-1.55031,1.87872
Q,286448620,2,0.61705,-1.80692,1.62181
Q,286448620,3,0.79794,-1.69504,1.85203
L,2,0,0,0,44026,286542108
Q,286548784,0,0.86119,-1.81542,1.71242
Q,286548784,1,0.79706,-1.52759,1.88786
Q,286548784,2,0.66572,-1.74190,1.67811
Q,286548784,3,0.87498,-1.68977,1.82973
L,1,1,0,3,74826,286582487
L,0,0,1,1,95261,286583922
L,3,1,1,2,14040,286595687
L,2,0,1,1,95323,286613524
Q,286648817,0,0.89911,-1.80505,1.71591
Q,286648817,1,0.82873,-1.58154,1.81621
Q,286648817,2,0.72619,-1.69842,1.70896
Q,286648817,3,0.89022,-1.71837,1.79598
L,0,0,0,0,43983,286682630
L,0,1,1,2,14431,286682630
L,2,1,1,2,13929,286682630
L,3,1,0,2,73525,286682630
L,3,0,0,0,43563,286691258
L,3,0,1,0,94745,286701614
L,0,1,0,3,73547,286709149
L,1,1,1,2,14291,286710548
L,2,1,0,2,73586,286716689
L,1,0,1,0,94927,286731940
L,1,0,0,1,43770,286744364
Q,286748832,0,0.95053,-1.75968,1.75539
Q,286748832,1,0.89613,-1.55793,1.83577
Q,286748832,2,0.78469,-1.66546,1.73248
Q,286748832,3,0.97946,-1.69569,1.80941
L,1,1,0,3,73147,286837951
Q,286849155,0,1.02532,-1.75252,1.75973
Q,286849155,1,0.91895,-1.55935,1.83231
Q,286849155,2,0.92639,-1.56262,1.82006
Q,286849155,3,0.99369,-1.67986,1.82608
L,2,0,0,0,42921,286882852
L,0,0,1,0,93975,286939714
L,2,1,1,3,13735,286947775
L,3,1,0,3,71939,286948814
Q,286949386,0,1.04860,-1.75635,1.75499
Q,286949386,1,0.97096,-1.56228,1.82288
Q,286949386,2,0.95849,-1.56232,1.81653
Q,286949386,3,1.06256,-1.74347,1.76040
L,0,0,0,0,43019,286983170
L,1,0,1,0,94114,286983170
L,2,1,0,3,72076,286983170
L,3,0,0,0,42655,286983170
L,3,0,1,0,93754,286983170
L,0,1,1,2,14201,286995115
L,2,0,1,0,93750,287011768
L,1,1,1,2,13843,287046481
Q,287049688,0,1.09659,-1.78628,1.72115
Q,287049688,1,1.02243,-1.56399,1.81397
Q,287049688,2,0.99167,-1.61364,1.75859
Q,287049688,3,1.10819,-1.72122,1.78035
L,3,1,1,2,13762,287083734
L,0,1,0,2,71563,287104866
L,2,0,0,1,41587,287139845
Q,287149742,0,1.11112,-1.76226,1.74307
Q,287149742,1,1.05007,-1.56654,1.80457
Q,287149742,2,1.03543,-1.55108,1.81821
Q,287149742,3,1.12112,-1.70112,1.79903
L,1,0,0,0,41699,287183466
L,1,1,0,3,71452,287183466
L,2,1,1,2,12817,287205713
L,3,1,0,3,70707,287206808
L,0,0,1,1,93109,287218381
Q,287249881,0,1.18778,-1.72937,1.75692
Q,287249881,1,1.09855,-1.58755,1.76829
Q,287249881,2,1.13041,-1.52805,1.82112
Q,287249881,3,1.17532,-1.73623,1.75488
L,0,0,0,0,41227,287284850
L,1,0,1,0,93200,287284850
L,2,0,1,0,93024,287284850
L,0,1,1,2,12902,287293654
L,1,1,1,2,12557,287306226
L,3,1,1,2,12455,287340464
Q,287350126,0,1.25305,-1.75492,1.70912
Q,287350126,1,1.17984,-1.57825,1.75120
Q,287350126,2,1.16856,-1.53004,1.80882
Q,287350126,3,1.25496,-1.72117,1.74842
L,3,0,0,1,40289,287384242
L,2,1,0,2,70018,287392193
L,2,0,0,1,39827,287398598
L,0,1,0,2,70092,287406097
L,3,0,1,1,92430,287422728
Q,287450452,0,1.32548,-1.74079,1.70027
Q,287450452,1,1.24810,-1.49939,1.81603
Q,287450452,2,1.19314,-1.55527,1.77112
Q,287450452,3,1.31058,-1.73466,1.72069
L,0,0,1,1,92476,287484217
L,2,1,1,3,11635,287484217
L,3,1,0,3,69523,287484217
L,1,1,0,3,69974,287496725
L,1,0,1,0,92519,287550323
Q,287551085,0,1.36755,-1.74091,1.68528
Q,287551085,1,1.28308,-1.47828,1.82670
Q,287551085,2,1.26371,-1.55797,1.74146
Q,287551085,3,1.33408,-1.76131,1.68490
L,0,0,0,0,39381,287584865
L,0,1,1,3,11812,287584865
L,1,0,0,1,39171,287584865
L,1,1,1,3,11552,287584865
L,2,0,1,1,92200,287588024
L,3,1,1,3,11555,287595520
Q,287651369,0,1.41025,-1.72865,1.67878
Q,287651369,1,1.33470,-1.48653,1.79070
Q,287651369,2,1.32420,-1.50439,1.77753
Q,287651369,3,1.39809,-1.75185,1.66555
L,2,1,0,2,69184,287685240
L,3,0,0,1,38348,287689599
L,2,0,0,1,38021,287719594
L,3,0,1,0,91665,287721797
L,2,1,1,3,10894,287745590
L,3,1,0,2,68850,287747376
Q,287751549,0,1.45772,-1.64656,1.73636
Q,287751549,1,1.37855,-1.48564,1.76671
Q,287751549,2,1.36041,-1.48992,1.77487
Q,287751549,3,1.43653,-1.72246,1.67653
L,0,1,0,3,69097,287785857
L,0,0,1,0,91788,287785857
L,1,1,0,3,69324,287785857
L,1,0,1,0,91956,287808584
Q,287851588,0,1.49784,-1.64279,1.71339
Q,287851588,1,1.40774,-1.46379,1.77010
Q,287851588,2,1.40979,-1.52234,1.70797
Q,287851588,3,1.49429,-1.70872,1.65698
L,0,0,0,0,37695,287885939
L,1,0,0,0,37437,287885939
L,2,0,1,0,91632,287885939
L,1,1,1,2,10508,287886952
L,3,1,1,2,10525,287916108
L,2,1,0,3,68690,287935449
Q,287951673,0,1.55913,-1.61291,1.69847
Q,287951673,1,1.47291,-1.49385,1.68371
Q,287951673,2,1.40979,-1.52234,1.70797
Q,287951673,3,1.57621,-1.70714,1.60399
L,2,0,0,1,36404,287986036
L,3,0,0,1,36672,287986036
L,3,0,1,1,91375,287986036
L,2,1,1,2,9619,288022365
L,0,0,1,0,91697,288041275
L,0,1,1,2,9896,288051409
Q,288052034,0,1.59963,-1.57140,1.70679
Q,288052034,1,1.53200,-1.39793,1.73551
Q,288052034,2,1.45255,-1.48971,1.71384
Q,288052034,3,1.63519,-1.62943,1.63802
L,1,1,0,2,68865,288085800
L,3,1,0,2,68320,288085800
L,1,0,1,0,92023,288091036
L,0,1,0,3,68628,288104829
L,1,1,1,3,9029,288146170
Q,288152249,0,1.63689,-1.52457,1.72082
Q,288152249,1,1.56430,-1.37577,1.72757
Q,288152249,2,1.49741,-1.44491,1.72477
Q,288152249,3,1.65669,-1.63974,1.60843
L,1,0,0,0,35700,288187527
L,2,1,0,3,68433,288187527
L,2,0,1,0,91894,288187527
L,3,1,1,3,9138,288187527
Q,288252580,0,1.68075,-1.47551,1.73226
Q,288252580,1,1.60380,-1.34497,1.72161
Q,288252580,2,1.57840,-1.35727,1.75179
Q,288252580,3,1.69959,-1.59286,1.61845
L,2,0,0,1,34524,288286387
L,3,0,1,1,91695,288286387
L,0,1,1,3,8402,288332930
L,3,1,0,3,67953,288344697
L,1,0,1,1,92171,288348964
Q,288352888,0,1.72218,-1.41560,1.75733
Q,288352888,1,1.63984,-1.28752,1.75185
Q,288352888,2,1.57840,-1.35727,1.75179
Q,288352888,3,1.72680,-1.46100,1.73230
L,0,1,0,3,68267,288387083
L,3,0,0,1,34195,288387083
L,0,0,1,0,91904,288416936
L,2,1,1,2,7567,288438296
L,2,1,0,2,68047,288450342
L,3,1,1,2,7826,288453159
Q,288453159,0,1.73747,-1.39127,1.76657
Q,288453159,1,1.66595,-1.23434,1.78519
Q,288453159,2,1.57840,-1.35727,1.75179
Q,288453159,3,1.74638,-1.43277,1.74266
L,1,1,0,2,68370,288487180
L,1,1,1,2,7415,288524173
Q,288553195,0,1.74517,-1.34457,1.80474
Q,288553195,1,1.68506,-1.20839,1.79197
Q,288553195,2,1.61164,-1.36140,1.71240
Q,288553195,3,1.74638,-1.43277,1.74266
L,0,1,1,2,7530,288587228
L,1,0,0,0,33338,288587228
L,3,1,0,3,67728,288602922
L,2,0,0,1,32530,288612858
L,3,0,1,1,91513,288643571
L,0,1,0,3,68017,288645688
Q,288653471,0,1.78912,-1.33007,1.77390
Q,288653471,1,1.72997,-1.20373,1.74388
Q,288653471,2,1.67263,-1.24191,1.77506
Q,288653471,3,1.81824,-1.39298,1.71025
L,0,0,0,1,32800,288687051
L,1,0,1,1,92004,288687051
L,2,0,1,1,91749,288688217
L,2,1,0,3,67873,288708675
L,3,0,0,1,32077,288710159
L,3,1,1,3,6861,288715423
L,2,1,1,3,6530,288719282
L,1,1,0,3,68145,288752224
Q,288753711,0,1.79228,-1.30107,1.79602
Q,288753711,1,1.75261,-1.16174,1.75814
Q,288753711,2,1.74924,-1.23972,1.69311
Q,288753711,3,1.85013,-1.31089,1.75270
L,1,1,1,3,6484,288787468
Q,288853930,0,1.82611,-1.26625,1.79104
Q,288853930,1,1.78288,-1.11221,1.77062
Q,288853930,2,1.80642,-1.17184,1.69642
Q,288853930,3,1.85013,-1.31089,1.75270
L,0,0,1,1,91636,288888135
L,0,1,1,3,6316,288888135
L,1,0,0,0,31006,288888135
L,2,0,0,1,30728,288888135
L,3,1,0,3,67501,288888135
L,3,0,1,0,91471,288942618
L,0,1,0,3,67721,288945164
Q,288954227,0,1.88949,-1.18929,1.79153
Q,288954227,1,1.81236,-1.06894,1.77698
Q,288954227,2,1.84118,-1.11320,1.71440
Q,288954227,3,1.93805,-1.20879,1.75092
L,0,0,0,0,30556,288988017
L,1,0,1,0,92046,288988017
L,3,0,0,0,29941,288988017
L,2,1,0,2,67734,288991660
L,1,1,0,2,67994,289013179
L,2,0,1,0,91985,289028728
Q,289054316,0,1.91986,-1.15200,1.79025
Q,289054316,1,1.86527,-1.00992,1.76509
Q,289054316,2,1.88350,-1.09898,1.67588
Q,289054316,3,1.96153,-1.15869,1.76825
L,0,0,1,1,92011,289142022
Q,289154591,0,1.95024,-1.14901,1.75621
Q,289154591,1,1.91744,-0.98322,1.71905
Q,289154591,2,1.94027,-0.95691,1.73509
Q,289154591,3,1.99240,-1.10328,1.77837
L,2,0,0,1,28390,289188230
L,3,1,0,2,67602,289188230
L,1,0,0,1,28745,289199771
L,0,1,0,3,67921,289225245
L,1,0,1,0,92765,289247060
Q,289254681,0,1.95024,-1.14901,1.75621
Q,289254681,1,1.93714,-0.92233,1.74742
Q,289254681,2,1.97853,-0.84127,1.77883
Q,289254681,3,1.99317,-1.05650,1.81628
L,0,0,0,1,28453,289288443
L,1,1,0,3,68536,289288443
L,3,0,0,1,28013,289288443
Q,289354842,0,2.00001,-1.06174,1.74443
Q,289354842,1,1.96189,-0.84355,1.76037
Q,289354842,2,1.99431,-0.75727,1.81302
Q,289354842,3,2.01948,-1.04241,1.78473
L,2,1,0,2,68766,289388496
L,0,0,1,0,93125,289417782
L,3,1,0,2,68760,289440274
Q,289454944,0,1.99916,-1.00629,1.78241
Q,289454944,1,1.96189,-0.84355,1.76037
Q,289454944,2,2.00120,-0.71004,1.82251
Q,289454944,3,2.03137,-0.89093,1.84900
L,1,0,0,1,28111,289488693
L,2,0,0,1,27696,289488693
L,0,1,0,2,69290,289504183
Q,289555155,0,1.98631,-0.87086,1.86748
Q,289555155,1,1.96648,-0.72699,1.79373
Q,289555155,2,2.00120,-0.71004,1.82251
Q,289555155,3,2.03097,-0.77162,1.88621
L,0,0,0,1,27938,289589614
L,2,0,1,1,94458,289589614
L,3,0,1,1,94055,289589614
Q,289655244,0,1.98685,-0.75958,1.89809
Q,289655244,1,1.96647,-0.69209,1.80270
Q,289655244,2,1.99060,-0.61998,1.82732
Q,289655244,3,2.01574,-0.71318,1.91515
L,3,1,0,3,70609,289702110
L,1,1,0,3,71361,289715329
Q,289755269,0,1.97407,-0.71561,1.92173
Q,289755269,1,1.94620,-0.59757,1.81438
Q,289755269,2,1.97929,-0.54471,1.83157
Q,289755269,3,2.00856,-0.69200,1.92479
L,3,0,0,0,27531,289789177
L,2,0,0,0,27780,289818136
Q,289855485,0,1.97038,-0.65673,1.88599
Q,289855485,1,1.91468,-0.54543,1.84034
Q,289855485,2,1.97547,-0.52018,1.82537
Q,289855485,3,1.99057,-0.59627,1.88996
L,0,1,0,3,72437,289889054
L,0,0,0,0,28148,289949273
Q,289955755,0,1.94567,-0.60407,1.88356
Q,289955755,1,1.89532,-0.49150,1.83917
Q,289955755,2,1.93597,-0.44051,1.83465
Q,289955755,3,1.96360,-0.53913,1.88759
L,1,1,0,2,74300,289989436
L,2,1,0,3,74581,289991370
L,3,1,0,3,73913,289998036
Q,290055903,0,1.89473,-0.52215,1.88632
Q,290055903,1,1.79423,-0.34150,1.87211
Q,290055903,2,1.81979,-0.30126,1.88208
Q,290055903,3,1.91260,-0.47231,1.89482
L,1,0,0,0,29102,290101340
L,3,0,0,1,28642,290154291
Q,290155983,0,1.82843,-0.44075,1.88516
Q,290155983,1,1.72932,-0.26988,1.88180
Q,290155983,2,1.74376,-0.23133,1.89192
Q,290155983,3,1.84250,-0.40655,1.91737
L,2,0,0,1,29251,290189599
L,0,0,0,1,29349,290211842
Q,290256276,0,1.72642,-0.35566,1.91393
Q,290256276,1,1.64462,-0.20643,1.88153
Q,290256276,2,1.65405,-0.17786,1.94836
Q,290256276,3,1.72668,-0.31149,1.91654
Q,290356294,0,1.66195,-0.30920,1.89064
Q,290356294,1,1.55759,-0.16195,1.91317
Q,290356294,2,1.58902,-0.14772,1.96500
Q,290356294,3,1.65660,-0.26709,1.90185
L,1,0,0,0,31334,290441442
Q,290456351,0,1.58480,-0.26518,1.89178
Q,290456351,1,1.49639,-0.12777,1.86633
Q,290456351,2,1.50856,-0.10878,1.92006
Q,290456351,3,1.59086,-0.23465,1.88000
L,0,0,0,0,31039,290489948
L,2,0,0,0,31424,290489948
L,3,0,0,0,31287,290533254
Q,290556460,0,1.51756,-0.23410,1.86570
Q,290556460,1,1.40315,-0.08936,1.86382
Q,290556460,2,1.39316,-0.06273,1.89746
Q,290556460,3,1.51064,-0.19818,1.88603
Q,290656614,0,1.41596,-0.19183,1.87640
Q,290656614,1,1.32397,-0.05968,1.87074
Q,290656614,2,1.33446,-0.04192,1.92939
Q,290656614,3,1.41993,-0.16411,1.89812
Q,290756657,0,1.35126,-0.16845,1.89729
Q,290756657,1,1.27116,-0.04075,1.86256
Q,290756657,2,1.26399,-0.01575,1.85386
Q,290756657,3,1.34143,-0.13835,1.92072
L,2,0,0,0,33508,290790689
L,3,0,0,0,33356,290816650
Q,290856788,0,1.25127,-0.13067,1.89735
Q,290856788,1,1.20107,-0.01907,1.91315
Q,290856788,2,1.19458,0.01080,1.80449
Q,290856788,3,1.24633,-0.10106,1.89870
L,1,0,0,0,34278,290890456
L,0,0,0,0,34288,290932890
Q,290956978,0,1.18341,-0.10990,1.89973
Q,290956978,1,1.09721,0.00805,1.86918
Q,290956978,2,1.11383,0.02927,1.80624
Q,290956978,3,1.16911,-0.07542,1.90204
Q,291056988,0,1.12255,-0.09795,1.86046
Q,291056988,1,1.00423,0.02296,1.85031
Q,291056988,2,1.01318,0.04583,1.83801
Q,291056988,3,1.10729,-0.06811,1.86104
L,3,0,0,1,35797,291098515
L,1,0,0,0,36726,291146501
Q,291157095,0,1.02346,-0.09353,1.89948
Q,291157095,1,0.89736,0.01978,1.86978
Q,291157095,2,0.90618,0.04306,1.87589
Q,291157095,3,1.00677,-0.06735,1.92532
L,0,0,0,0,36946,291217725
Q,291257478,0,0.94631,-0.10527,1.90441
Q,291257478,1,0.85201,0.00994,1.89443
Q,291257478,2,0.79511,0.02396,1.87286
Q,291257478,3,0.95050,-0.07762,1.94717
Q,291357847,0,0.87623,-0.12020,1.82459
Q,291357847,1,0.74609,-0.02318,1.86223
Q,291357847,2,0.71227,-0.00585,1.88571
Q,291357847,3,0.84152,-0.10989,1.89701
L,3,0,0,0,38781,291392187
Q,291457912,0,0.76747,-0.17378,1.88317
Q,291457912,1,0.67957,-0.06102,1.89243
Q,291457912,2,0.67161,-0.03428,1.92966
Q,291457912,3,0.74341,-0.15612,1.89540
L,2,0,0,1,40663,291519385
L,0,0,0,1,40154,291536066
Q,291558144,0,0.71867,-0.20381,1.90267
Q,291558144,1,0.61420,-0.10508,1.91324
Q,291558144,2,0.66208,-0.04776,1.96257
Q,291558144,3,0.70792,-0.18572,1.95455
L,1,0,0,1,41154,291604728
Q,291658298,0,0.63352,-0.26502,1.87865
Q,291658298,1,0.53332,-0.16574,1.91752
Q,291658298,2,0.57761,-0.10977,1.96323
Q,291658298,3,0.59463,-0.25683,1.88957
L,3,0,0,1,42144,291754374
Q,291758409,0,0.58795,-0.30962,1.92747
Q,291758409,1,0.52520,-0.18568,1.96965
Q,291758409,2,0.50211,-0.16725,1.94854
Q,291758409,3,0.53898,-0.30933,1.92243
L,0,0,0,0,42205,291794198
L,2,0,0,0,42960,291822787
Q,291858697,0,0.54471,-0.34742,1.90881
Q,291858697,1,0.45040,-0.24138,1.91673
Q,291858697,2,0.43764,-0.22877,1.95802
Q,291858697,3,0.48852,-0.36023,1.92545
L,1,0,0,0,43118,291893167
Q,291958837,0,0.33237,-0.09728,2.12105
Q,291958837,1,0.40454,-0.30414,1.95875
Q,291958837,2,0.40869,-0.27743,2.00871
Q,291958837,3,0.43689,-0.40643,1.89165
L,3,0,0,1,44032,292038071
Q,292059153,0,0.31067,-0.18662,2.05054
Q,292059153,1,0.36444,-0.35725,1.96724
Q,292059153,2,0.32915,-0.34320,1.94945
Q,292059153,3,0.39152,-0.47260,1.92479
L,0,0,0,0,44010,292093554
L,2,0,0,0,44905,292142728
Q,292159463,0,0.33505,-0.35534,1.98919
Q,292159463,1,0.32521,-0.41471,1.96507
Q,292159463,2,0.28498,-0.37932,1.90799
Q,292159463,3,0.36088,-0.51044,1.91377
L,1,0,0,0,44743,292193992
Q,292259739,0,0.28562,-0.49325,1.93142
Q,292259739,1,0.31099,-0.45896,1.99188
Q,292259739,2,0.22658,-0.43227,1.85395
Q,292259739,3,0.31243,-0.58217,1.90605
L,3,0,0,1,45437,292293806
Q,292360061,0,0.28297,-0.53516,1.92929
Q,292360061,1,0.27370,-0.51839,1.99061
Q,292360061,2,0.18114,-0.49783,1.84251
Q,292360061,3,0.29327,-0.60078,1.88470
L,0,0,0,0,45707,292394680
Q,292460096,0,0.28952,-0.59816,1.95805
Q,292460096,1,0.26131,-0.55564,2.01528
Q,292460096,2,0.17370,-0.56728,1.91477
Q,292460096,3,0.24424,-0.64987,1.82995
L,1,0,0,1,46503,292507789
Q,292560375,0,0.29315,-0.64936,1.99723
Q,292560375,1,0.21255,-0.61792,1.99150
Q,292560375,2,0.15007,-0.63859,1.95265
Q,292560375,3,0.23545,-0.68195,1.85689
L,3,0,0,1,47038,292594361
L,2,0,0,0,47433,292641289
Q,292660675,0,0.27469,-0.69080,1.99635
Q,292660675,1,0.15324,-0.68977,1.95142
Q,292660675,2,0.14197,-0.67361,1.98221
Q,292660675,3,0.20389,-0.75912,1.89674
Q,292760705,0,0.26526,-0.73943,2.01971
Q,292760705,1,0.15750,-0.69535,1.97183
Q,292760705,2,0.16041,-0.69394,2.04670
Q,292760705,3,0.14967,-0.84098,1.87388
Q,292860776,0,0.22136,-0.82039,1.99973
Q,292860776,1,0.14445,-0.73301,1.99193
Q,292860776,2,0.14558,-0.72127,2.04240
Q,292860776,3,0.15910,-0.89597,1.96977
L,2,0,0,0,48122,292894601
L,0,0,0,0,47985,292938993
Q,292960929,0,0.19997,-0.88951,2.00577
Q,292960929,1,0.09883,-0.83181,1.98424
Q,292960929,2,0.07427,-0.82131,1.98569
Q,292960929,3,0.11397,-0.95289,1.92111
L,1,0,0,0,48211,293045659
L,3,0,0,0,48502,293055429
Q,293061137,0,0.20280,-0.92329,2.02618
Q,293061137,1,0.09122,-0.85239,1.98155
Q,293061137,2,0.03682,-0.87515,1.95075
Q,293061137,3,0.14497,-0.96286,1.98264
Q,293161274,0,0.19754,-0.96004,2.02911
Q,293161274,1,0.07892,-0.89241,1.97643
Q,293161274,2,0.03020,-0.88509,1.94468
Q,293161274,3,0.12369,-1.00860,1.96462
L,2,0,0,0,48805,293195536
L,0,0,0,0,48603,293233705
Q,293261628,0,0.13410,-1.04994,1.95709
Q,293261628,1,0.06423,-0.94611,1.96611
Q,293261628,2,0.01162,-0.91905,1.92687
Q,293261628,3,0.09687,-1.04855,1.93374
L,2,1,0,2,95080,293296369
L,1,0,0,1,48725,293302317
L,3,0,0,1,49004,293313040
L,1,1,0,3,94786,293327106
Q,293361679,0,0.10668,-1.09627,1.92339
Q,293361679,1,0.06281,-0.96748,1.96531
Q,293361679,2,0.00818,-0.93119,1.92267
Q,293361679,3,0.07567,-1.08528,1.90751
L,3,1,0,2,94727,293457576
Q,293461727,0,0.10365,-1.12456,1.92971
Q,293461727,1,0.05317,-0.99430,1.95279
Q,293461727,2,0.01274,-0.96092,1.94098
Q,293461727,3,0.07567,-1.08528,1.90751
L,0,1,0,3,94612,293496791
L,0,0,0,0,49279,293550667
Q,293561739,0,0.09023,-1.15651,1.91000
Q,293561739,1,0.06294,-1.02939,1.97393
Q,293561739,2,0.01004,-0.97510,1.93691
Q,293561739,3,0.07231,-1.14504,1.90720
L,2,1,0,2,93150,293596008
L,2,1,1,2,18990,293596008
L,3,0,0,1,49590,293596008
L,3,1,1,2,18866,293596008
L,1,0,0,0,49369,293601542
L,0,1,1,2,18355,293639064
Q,293661922,0,0.08249,-1.17737,1.89799
Q,293661922,1,0.06485,-1.05389,1.97999
Q,293661922,2,0.02578,-1.03586,1.96517
Q,293661922,3,0.06272,-1.16866,1.89306
L,1,1,1,3,18549,293696865
Q,293762213,0,0.07718,-1.19609,1.88830
Q,293762213,1,0.05697,-1.11150,1.96136
Q,293762213,2,0.03236,-1.08571,1.97297
Q,293762213,3,0.06112,-1.24343,1.89201
L,0,0,0,0,49685,293811979
L,1,1,0,2,90970,293841839
L,2,1,1,2,20170,293849201
L,3,0,0,1,49997,293851076
L,2,1,0,2,90799,293856463
L,1,0,0,0,49687,293861581
Q,293862291,0,0.09548,-1.20941,1.91592
Q,293862291,1,0.07158,-1.16007,1.97744
Q,293862291,2,0.04159,-1.10108,1.98827
Q,293862291,3,0.09309,-1.26054,1.94275
L,0,1,1,2,19712,293896150
L,2,0,0,0,49995,293896150
L,3,1,1,2,20220,293896150
L,3,1,0,2,90718,293948271
Q,293962579,0,0.09288,-1.23051,1.90640
Q,293962579,1,0.07927,-1.19493,1.97749
Q,293962579,2,0.04121,-1.11928,1.98373
Q,293962579,3,0.08152,-1.30154,1.92119
L,1,1,1,3,20545,293997441
L,0,1,0,3,90052,294007537
Q,294062922,0,0.08502,-1.27298,1.88735
Q,294062922,1,0.08192,-1.21249,1.97489
Q,294062922,2,0.06238,-1.19854,1.98504
Q,294062922,3,0.10731,-1.34598,1.94144
L,0,0,0,0,49960,294097299
L,2,1,0,3,88162,294115376
L,1,0,0,0,49939,294117258
L,2,1,1,3,22056,294125218
L,3,0,0,0,50284,294127367
L,1,1,0,3,88027,294142560
L,0,1,1,3,21777,294156788
Q,294163013,0,0.09951,-1.33698,1.88423
Q,294163013,1,0.10323,-1.26776,1.97315
Q,294163013,2,0.08034,-1.23822,1.98743
Q,294163013,3,0.10085,-1.39899,1.91810
L,2,0,0,1,50337,294197424
L,3,1,1,2,22660,294197424
L,3,1,0,3,87951,294228631
L,1,1,1,3,22388,294248298
Q,294263186,0,0.09538,-1.36888,1.87201
Q,294263186,1,0.10189,-1.27914,1.96932
Q,294263186,2,0.08006,-1.27657,1.97675
Q,294263186,3,0.09826,-1.41471,1.91136
L,0,1,0,3,87616,294298243
Q,294363393,0,0.09207,-1.39898,1.86173
Q,294363393,1,0.11039,-1.34298,1.95450
Q,294363393,2,0.08271,-1.32719,1.96693
Q,294363393,3,0.09387,-1.44550,1.89907
L,1,1,0,2,85583,294398315
L,2,1,0,2,85552,294398315
L,2,1,1,2,23866,294398315
L,3,0,0,0,50747,294398315
L,0,0,0,0,50567,294424494
L,3,1,1,2,24376,294453447
L,1,0,0,0,50494,294457136
Q,294463559,0,0.09479,-1.44215,1.85300
Q,294463559,1,0.11750,-1.38102,1.94982
Q,294463559,2,0.09143,-1.36032,1.95856
Q,294463559,3,0.09407,-1.49187,1.88576
L,0,1,1,3,24061,294497829
L,2,0,0,0,50778,294513622
L,3,1,0,2,84626,294524632
Q,294563643,0,0.10994,-1.46977,1.85707
Q,294563643,1,0.12927,-1.42136,1.94036
Q,294563643,2,0.09472,-1.37184,1.95788
L,0,1,0,2,83973,294597544
L,1,1,1,2,24031,294597544
L,3,0,0,0,50983,294649479
L,1,1,0,2,82466,294656781
L,2,1,1,3,24316,294663183
Q,294663711,1,0.15274,-1.44204,1.94973
Q,294663711,2,0.10802,-1.42085,1.94244
Q,294663711,3,0.11545,-1.55086,1.88634
L,0,0,0,1,50752,294697139
L,3,1,1,2,24508,294714381
L,1,0,0,0,50476,294761272
Q,294763929,0,0.15869,-1.56600,1.83587
Q,294763929,1,0.17493,-1.50050,1.93050
Q,294763929,2,0.15519,-1.51153,1.93039
Q,294763929,3,0.12861,-1.55949,1.89105
L,0,1,1,2,23859,294798900
L,2,0,0,1,50582,294798900
L,2,1,0,2,80432,294798900
L,3,1,0,2,81214,294798900
L,1,1,1,2,23235,294848396
Q,294864051,0,0.17732,-1.56658,1.84769
Q,294864051,1,0.25057,-1.58740,1.92873
Q,294864051,2,0.19788,-1.56706,1.92314
Q,294864051,3,0.18736,-1.73575,1.83045
L,0,1,0,2,80029,294898153
L,3,0,0,1,50443,294907805
L,1,1,0,2,79038,294915744
Q,294964193,0,0.19651,-1.66332,1.80312
Q,294964193,1,0.31226,-1.61945,1.93893
Q,294964193,2,0.26860,-1.69304,1.87835
Q,294964193,3,0.22387,-1.73746,1.84677
L,2,1,1,2,22596,294999106
L,3,1,1,2,23113,294999106
L,1,0,0,0,49539,295017989
L,2,0,0,0,49507,295054987
Q,295064277,0,0.25042,-1.74309,1.78836
Q,295064277,1,0.33668,-1.71931,1.87865
Q,295064277,2,0.31113,-1.72435,1.87862
Q,295064277,3,0.24363,-1.79982,1.81669
L,0,1,1,3,21932,295099106
L,3,1,0,2,77133,295099106
L,3,0,1,1,95579,295114617
L,1,0,1,0,95459,295125596
Q,295164307,0,0.37197,-1.85258,1.77771
Q,295164307,1,0.39266,-1.77595,1.85633
Q,295164307,2,0.42442,-1.73446,1.91920
Q,295164307,3,0.35396,-1.84063,1.83005
L,0,0,0,1,49023,295198424
L,1,1,1,2,20649,295198424
L,2,0,1,1,95049,295198424
L,3,0,0,1,49141,295198424
L,1,1,0,2,75157,295212783
L,3,1,1,2,20646,295253463
L,0,1,0,2,75020,295260430
Q,295264557,0,0.39132,-1.91707,1.74726
Q,295264557,1,0.46776,-1.73269,1.91266
Q,295264557,2,0.52430,-1.74602,1.94499
Q,295264557,3,0.43532,-1.96157,1.77912
L,1,0,0,1,48102,295299407
L,2,1,0,2,74049,295299407
L,2,1,1,2,19600,295299407
L,2,0,0,1,47944,295331221
L,0,1,1,3,19492,295351384
Q,295364570,0,0.44588,-1.88500,1.78900
Q,295364570,1,0.48096,-1.77742,1.88378
Q,295364570,2,0.58353,-1.83169,1.89870
Q,295364570,3,0.48983,-1.93204,1.81789
L,3,0,1,0,94367,295398452
L,1,0,1,1,94324,295429352
Q,295464700,0,0.63121,-1.93574,1.82387
Q,295464700,1,0.51911,-1.90466,1.79911
Q,295464700,2,0.66335,-1.83752,1.91935
Q,295464700,3,0.61644,-1.85814,1.91333
L,0,0,1,1,94150,295499323
L,2,0,1,1,93846,295499323
L,3,1,0,2,72028,295499323
L,1,1,1,3,17780,295522547
L,0,0,0,0,47177,295527406
L,1,1,0,3,71470,295532747
L,2,1,1,3,17658,295557936
Q,295564811,0,0.65425,-2.00145,1.78574
Q,295564811,1,0.59613,-1.90912,1.81537
Q,295564811,2,0.69595,-1.80994,1.94813
Q,295564811,3,0.68219,-1.90883,1.89579
L,0,1,0,3,71440,295598815
L,2,0,0,0,46525,295598815
L,3,0,0,1,46982,295598815
L,1,0,0,0,46033,295636873
L,3,0,1,0,93180,295652258
Q,295665108,0,0.76249,-1.98868,1.82798
Q,295665108,1,0.61788,-1.97456,1.77142
Q,295665108,2,0.77114,-1.88926,1.90031
Q,295665108,3,0.72102,-1.87472,1.93010
L,0,1,1,3,17144,295699508
L,2,0,1,0,92450,295764202
Q,295765190,0,0.89119,-2.04644,1.80955
Q,295765190,1,0.68329,-1.91839,1.83081
Q,295765190,2,0.77114,-1.88926,1.90031
Q,295765190,3,0.88603,-2.03931,1.83486
L,0,0,0,0,45232,295798868
L,0,0,1,0,92695,295798868
L,1,1,0,3,69218,295798868
L,1,1,1,3,16029,295798868
L,3,1,0,3,69280,295798868
L,3,1,1,3,16482,295798868
L,2,1,0,3,68680,295806080
L,2,1,1,3,15631,295838763
L,2,0,0,0,43992,295848987
L,0,1,0,3,68949,295856847
Q,295865259,0,0.98194,-2.03826,1.82798
Q,295865259,1,0.73354,-2.05955,1.70865
Q,295865259,2,0.88492,-2.00185,1.81415
Q,295865259,3,0.92190,-1.99671,1.87344
L,3,0,0,0,43899,295903758
L,1,0,1,0,91922,295907814
L,3,0,1,0,91696,295911806
L,1,0,0,0,43360,295915458
Q,295965394,0,0.98194,-2.03826,1.82798
Q,295965394,1,0.84223,-2.02977,1.73612
Q,295965394,2,0.98709,-2.22347,1.61241
Q,295965394,3,0.95986,-2.07910,1.81018
L,0,1,1,2,14883,295999399
L,2,0,1,1,90918,296021791
L,3,1,1,2,14473,296052607
Q,296065567,0,1.06577,-2.03366,1.82508
Q,296065567,1,0.97797,-2.07678,1.68141
Q,296065567,2,1.07542,-2.15465,1.65215
Q,296065567,3,1.12624,-2.21193,1.68332
L,1,1,0,2,67277,296100240
L,2,0,0,1,41063,296100240
L,2,1,1,2,13747,296100240
L,3,1,0,2,66983,296100240
L,1,1,1,2,13761,296102430
L,0,0,1,1,90770,296111898
L,2,1,0,2,66685,296126671
L,0,0,0,0,41150,296140022
Q,296165749,0,1.14244,-2.03128,1.81215
Q,296165749,1,1.12920,-2.13877,1.58730
Q,296165749,2,1.07542,-2.15465,1.65215
Q,296165749,3,1.19056,-2.33301,1.57074
L,3,0,0,0,40473,296199875
L,3,0,1,0,89996,296199875
L,0,1,0,2,66693,296218197
L,0,1,1,2,13107,296251232
Q,296265768,0,1.30253,-2.02926,1.77926
Q,296265768,1,1.31578,-2.03947,1.63144
Q,296265768,2,1.15435,-2.28699,1.50418
Q,296265768,3,1.28585,-2.25800,1.60613
L,1,0,0,0,38971,296299577
L,2,0,1,0,89655,296299577
L,1,0,1,0,89943,296305135
L,3,1,1,3,12578,296309007
L,2,1,1,3,11794,296355518
Q,296366025,0,1.45467,-2.10028,1.67709
Q,296366025,1,1.40009,-2.00472,1.63764
Q,296366025,2,1.19926,-2.35757,1.42083
Q,296366025,3,1.39889,-2.43638,1.42274
L,1,1,1,3,11564,296400485
L,2,1,0,3,65398,296405850
L,3,1,0,3,65357,296417815
L,0,0,0,0,37855,296418882
L,3,0,0,1,37029,296461143
Q,296466186,0,1.56494,-2.00931,1.72015
Q,296466186,1,1.51351,-1.99114,1.60370
Q,296466186,2,1.28341,-2.48213,1.26843
Q,296466186,3,1.46763,-2.54030,1.31121
L,0,1,0,3,65504,296500786
L,0,0,1,0,89412,296500786
L,3,0,1,0,89086,296500786
L,2,0,0,1,36101,296508008
L,0,1,1,3,10949,296526156
L,1,1,0,3,65444,296547680
L,1,0,0,0,36078,296555665
L,2,0,1,0,89236,296561111
L,1,0,1,0,89539,296563730
Q,296566202,0,1.59940,-2.04397,1.67735
Q,296566202,1,1.60603,-1.93379,1.61089
Q,296566202,2,1.40076,-2.29991,1.38390
Q,296566202,3,1.51114,-2.59918,1.23863
L,3,1,1,2,10538,296600938
L,2,1,1,2,9882,296612473
L,1,1,1,2,9791,296657519
L,2,1,0,2,65144,296664817
Q,296666587,0,1.63971,-2.08062,1.62632
Q,296666587,1,1.68451,-1.71815,1.76678
Q,296666587,2,1.60429,-2.20537,1.34680
Q,296666587,3,1.55317,-2.65434,1.16961
L,0,0,0,0,35073,296700861
L,3,0,1,0,89062,296752603
L,0,1,0,2,65362,296754480
Q,296766677,0,1.73758,-2.15870,1.50353
Q,296766677,1,1.71730,-1.66567,1.78886
Q,296766677,2,1.65228,-2.22539,1.28732
L,0,0,1,0,89401,296800010
L,1,1,0,3,65632,296800010
L,2,0,0,0,33605,296800010
L,3,0,0,0,33826,296800010
L,3,1,0,3,65168,296800010
L,0,1,1,3,9256,296807379
L,2,0,1,1,89600,296818066
L,3,1,1,2,8761,296866778
Q,296866778,0,1.78772,-2.18670,1.44138
Q,296866778,1,1.80472,-1.59849,1.75143
Q,296866778,2,1.67403,-2.22668,1.26264
L,2,1,1,2,8346,296900553
L,1,0,1,0,90061,296923689
L,1,0,0,0,33261,296934362
L,1,1,1,2,8351,296939237
Q,296966956,1,1.83529,-1.53271,1.76183
Q,296966956,2,1.71319,-2.19953,1.22805
L,2,1,0,3,65939,297000165
L,0,1,0,2,65958,297015736
Q,297066988,1,1.85167,-1.46598,1.77808
Q,297066988,2,1.72668,-2.17841,1.22139
L,2,0,0,1,32110,297100232
L,3,0,1,1,90046,297100232
L,0,0,1,1,90258,297108952
L,2,0,1,1,90586,297116504
L,3,0,0,1,31982,297117800
L,3,1,1,2,7506,297126373
L,1,1,0,2,66472,297130390
L,0,0,0,1,32354,297138081
L,2,1,1,3,7134,297154171
L,3,1,0,2,66021,297156368
Q,297167069,1,1.87151,-1.39393,1.78797
Q,297167069,3,1.82017,-2.42263,1.07453
L,1,0,0,1,32195,297199812
L,1,0,1,1,90884,297199812
L,0,1,1,2,7385,297206776
Q,297267082,1,1.89016,-1.32483,1.79943
Q,297267082,3,1.82017,-2.42263,1.07453
L,0,1,0,2,66193,297300513
L,1,1,1,2,6897,297300513
L,2,1,0,2,66338,297300513
Q,297367138,1,1.90216,-1.27797,1.81597
Q,297367138,3,1.88358,-2.40761,0.99514
L,0,0,1,1,90411,297400399
L,2,0,0,0,30823,297400399
L,3,0,0,1,30840,297400399
L,3,0,1,0,90355,297400399
L,3,1,1,3,6720,297400399
L,0,0,0,0,31161,297424818
L,1,1,0,3,66111,297427183
L,2,0,1,1,90337,297459049
L,1,0,1,1,90486,297463774
Q,297467214,1,1.94133,-1.20245,1.83522
Q,297467214,3,1.91692,-2.11888,1.20422
L,1,0,0,1,31005,297500386
L,3,1,0,3,65504,297500386
L,0,1,1,3,7006,297502912
L,0,1,0,3,65475,297553218
L,2,1,0,3,65445,297563796
Q,297567253,1,1.96350,-1.20767,1.81672
Q,297567253,3,1.94736,-2.13659,1.16818
L,1,1,1,3,7089,297600069
L,2,1,1,2,7013,297611230
L,2,0,0,1,30431,297667372
Q,297667372,0,2.03761,-1.99425,1.33189
Q,297667372,1,1.97062,-1.16612,1.85646
Q,297667372,2,1.84404,-1.81103,1.35045
Q,297667372,3,2.00741,-2.18448,1.09794
L,0,0,1,0,88999,297701440
L,1,1,0,3,65212,297701440
L,2,0,1,1,88595,297717803
L,0,0,0,1,30992,297720073
L,1,0,1,0,88749,297744478
L,1,0,0,1,30961,297750877
L,3,1,1,3,7799,297761093
Q,297767469,0,2.09410,-1.88679,1.39912
Q,297767469,1,1.98263,-1.16975,1.84669
Q,297767469,2,1.87928,-1.85006,1.30854
Q,297767469,3,2.09832,-2.04103,1.20636
L,3,0,0,0,30747,297801750
L,3,1,0,2,64332,297801750
L,0,1,1,2,8090,297803608
L,3,0,1,0,87814,297808067
L,0,1,0,2,64523,297810809
L,2,1,0,2,64328,297820530
Q,297867611,0,2.11805,-1.79018,1.47732
Q,297867611,1,2.00928,-1.18814,1.84929
Q,297867611,2,1.87928,-1.85006,1.30854
Q,297867611,3,2.09832,-2.04103,1.20636
L,1,1,1,3,8371,297901369
L,2,0,0,1,31253,297965207
Q,297967829,0,2.12817,-1.81253,1.46905
Q,297967829,1,2.01137,-1.18990,1.86196
Q,297967829,2,1.97927,-2.02354,1.16749
Q,297967829,3,2.11949,-2.08050,1.18521
L,0,0,1,1,87311,298002302
L,1,0,0,0,31705,298002302
L,1,0,1,0,87225,298002302
L,2,0,1,0,86842,298002302
L,2,1,1,2,8811,298002302
L,1,1,0,2,63856,298028366
Q,298068035,0,2.13945,-1.85870,1.46340
Q,298068035,1,2.03297,-1.22439,1.84539
Q,298068035,2,1.99976,-2.06959,1.13621
Q,298068035,3,2.15928,-2.17897,1.15194
L,0,0,0,0,32520,298102079
L,0,1,0,2,63640,298102079
L,2,1,0,2,63330,298102079
L,3,0,0,1,32073,298102079
L,3,1,0,2,63336,298102079
L,0,1,1,2,9557,298105931
L,3,0,1,1,86305,298125384
L,3,1,1,3,9723,298143656
L,1,1,1,3,9654,298159334
Q,298168058,0,2.14364,-1.87799,1.46244
Q,298168058,1,2.05778,-1.28088,1.82908
Q,298168058,3,2.15928,-2.17897,1.15194
L,2,0,0,1,32671,298225570
L,1,0,1,0,86224,298263554
Q,298268212,0,2.14578,-1.89825,1.46463
Q,298268212,1,2.05778,-1.28088,1.82908
L,2,1,1,2,10253,298300842
L,1,0,0,1,33285,298314460
L,2,0,1,1,85582,298316362
L,1,1,0,2,63043,298326520
L,0,0,1,1,86036,298331847
L,3,1,0,3,62705,298353444
L,3,0,0,1,33581,298358746
L,0,0,0,1,33814,298360044
L,2,1,0,2,62630,298362631
Q,298368287,1,2.05890,-1.30800,1.83203
L,0,1,0,3,62859,298412770
L,1,1,1,3,10638,298418403
L,3,1,1,2,10886,298440518
L,0,1,1,3,11140,298523663
L,1,0,1,1,85404,298543624
L,2,0,0,0,33962,298544875
L,3,0,1,1,85145,298546220
L,1,0,0,0,34251,298599753
L,2,1,1,2,11239,298599753
L,0,0,1,0,85352,298606354
L,1,1,0,2,62482,298626777
L,2,0,1,0,84629,298654575
L,3,0,0,0,34812,298699714
L,3,1,0,2,62261,298699714
L,3,1,1,3,11758,298703096
L,0,0,0,0,34981,298715503
L,1,1,1,2,11590,298717958
L,0,1,0,2,62505,298799733
L,0,1,1,2,11947,298799733
L,1,0,1,0,84692,298799733
L,1,0,0,0,35021,298899731
L,2,1,1,2,12138,298899731
L,2,0,1,1,84096,298912427
L,3,1,1,2,12415,298962868
L,2,0,0,1,35274,298999759
L,2,1,0,2,62055,298999759
L,3,1,0,2,62196,298999759
L,3,0,0,1,35784,299037369
L,3,0,1,1,84542,299044726
L,0,0,0,1,35839,299055307
L,0,1,1,3,62381,299066400
L,0,1,0,2,12373,299099782
L,0,0,1,0,84912,299099782
L,1,0,0,0,35620,299151508
L,2,0,1,0,84449,299199758
L,2,1,1,2,12450,299199758
L,1,0,1,0,84724,299222373
L,3,1,1,3,12641,299261922
L,2,0,0,1,36117,299264813
L,3,0,0,1,36525,299299766
L,3,0,1,1,84987,299299766
L,2,1,0,2,62123,299300745
L,1,1,1,3,12481,299312568
L,0,0,0,0,36608,299317646
L,0,1,1,3,62621,299346316
L,0,1,0,2,12660,299356200
L,3,1,0,2,62513,299399790
L,1,0,0,0,36766,299435535
L,0,0,1,0,85871,299450265
L,2,1,1,3,12964,299465037
L,1,1,0,3,62961,299520423
L,2,0,1,1,85929,299535674
L,2,1,0,2,63036,299556404
L,3,0,1,1,86485,299565303
L,1,0,1,1,86264,299599826
L,1,1,1,2,13056,299599826
L,0,0,0,1,38478,299615411
L,3,0,0,0,38649,299618985
L,0,1,0,3,13191,299621523
L,2,0,0,0,38627,299652082
L,3,1,1,3,13504,299658509
L,0,1,1,3,64048,299699827
L,1,0,0,0,38608,299699827
L,0,0,1,0,87608,299708031
L,3,1,0,2,64106,299723576
L,2,1,1,3,13677,299727302
L,2,0,1,0,87803,299799822
L,1,1,0,3,64403,299821741
L,3,0,1,1,88383,299829480
L,1,1,1,3,13770,299851678
L,0,0,0,0,40618,299899906
L,2,1,0,2,64842,299899906
L,3,0,0,0,40859,299899906
L,3,1,1,3,14117,299918833
L,0,1,0,3,13937,299934139
L,0,0,1,0,89535,299962979
L,0,1,1,2,14015,299999794
L,2,1,1,2,14263,299999794
L,3,1,0,2,65635,300007170
L,1,0,1,1,89556,300041971
L,2,0,1,0,89791,300057113
Q,300068579,1,1.74211,-1.42933,2.08682
Q,300068579,3,1.70411,-1.97421,1.77410
L,1,1,0,3,65767,300101288
L,2,0,0,0,41916,300101288
L,3,0,1,1,90445,300107169
L,1,0,0,1,41779,300113117
L,1,1,1,2,14271,300133200
L,0,0,0,1,42273,300155597
L,3,0,0,1,42580,300159865
Q,300168779,0,1.62323,-1.74647,1.89706
Q,300168779,1,1.71245,-1.41098,2.11450
Q,300168779,2,1.57122,-2.08527,1.84324
Q,300168779,3,1.66625,-1.99200,1.79241
L,2,1,0,3,66300,300202449
L,0,1,0,2,66896,300221244
L,0,0,1,0,91078,300225301
L,3,1,1,3,14757,300256068
L,2,1,1,3,14892,300264690
Q,300268980,0,1.58946,-1.80384,1.88906
Q,300268980,1,1.71245,-1.41098,2.11450
Q,300268980,2,1.53501,-2.03247,1.85336
Q,300268980,3,1.58709,-2.03325,1.80676
L,1,0,1,0,90990,300304033
L,2,0,1,0,91237,300317658
L,3,1,0,2,67511,300322392
L,1,1,0,2,67248,300360145
L,3,0,1,0,91718,300368703
Q,300369385,0,1.57841,-1.86755,1.85071
Q,300369385,1,1.69264,-1.54791,2.02349
Q,300369385,2,1.50124,-2.08654,1.82154
Q,300369385,3,1.52334,-2.01059,1.83958
L,1,1,1,3,14975,300403969
L,2,0,0,1,43570,300403969
L,0,0,0,1,43386,300415151
L,3,0,0,0,43743,300419136
Q,300469551,0,1.47872,-1.85244,1.91689
Q,300469551,1,1.55271,-1.56797,2.04907
Q,300469551,2,1.42706,-2.01651,1.85230
Q,300469551,3,1.47994,-2.06971,1.80931
L,0,0,1,1,92026,300504401
L,3,1,1,2,15424,300534278
L,0,1,0,3,68544,300541134
L,1,0,0,0,43754,300554355
Q,300569851,0,1.44848,-1.89003,1.89948
Q,300569851,1,1.52697,-1.54381,2.07309
Q,300569851,2,1.35082,-1.94036,1.89133
Q,300569851,3,1.43272,-2.00233,1.86020
L,0,1,1,3,15415,300604387
L,2,1,0,2,68642,300604387
L,2,1,1,2,15757,300604387
L,1,0,1,0,91987,300621720
L,3,1,0,3,69080,300624910
L,2,0,1,0,92240,300640180
L,2,0,0,0,44668,300666495
L,3,0,1,0,92579,300668264
Q,300669878,0,1.43434,-1.87449,1.91665
Q,300669878,1,1.43517,-1.58574,2.06119
Q,300669878,2,1.30981,-1.97192,1.86528
Q,300669878,3,1.38415,-2.05273,1.82352
L,0,0,0,0,44333,300704513
L,1,1,1,3,15848,300704513
L,3,0,0,0,44735,300704513
L,1,1,0,3,69007,300719419
L,0,0,1,1,92711,300768134
Q,300769991,0,1.38593,-1.87841,1.92119
Q,300769991,1,1.40638,-1.67386,2.00176
Q,300769991,2,1.24677,-1.91861,1.89799
Q,300769991,3,1.31962,-2.05871,1.81885
L,0,1,0,2,69762,300803861
L,3,1,1,2,16323,300803861
L,1,0,0,0,44946,300813002
L,2,1,1,3,16845,300865469
Q,300870128,0,1.33178,-1.90240,1.91159
Q,300870128,1,1.33316,-1.79438,1.92440
Q,300870128,2,1.20338,-1.90651,1.90737
Q,300870128,3,1.26404,-1.97351,1.88869
L,0,1,1,3,16541,300904475
L,1,0,1,1,92832,300904475
L,2,0,1,1,92969,300904475
L,3,1,0,3,70406,300904475
L,2,1,0,3,70185,300914881
L,2,0,0,0,46181,300948073
L,3,0,0,0,46112,300955585
L,3,0,1,0,93528,300963864
L,1,1,1,2,16968,300966701
Q,300970243,0,1.29283,-1.94463,1.88674
Q,300970243,1,1.28641,-1.82438,1.91237
Q,300970243,2,1.15987,-1.89974,1.91925
Q,300970243,3,1.22428,-1.97806,1.89110
L,0,0,0,0,46070,301005322
L,1,1,0,2,70233,301005322
L,0,0,1,1,93569,301023804
Q,301070290,0,1.21501,-1.99702,1.86717
Q,301070290,1,1.26055,-1.89447,1.86559
Q,301070290,2,1.09548,-1.92416,1.91840
Q,301070290,3,1.20988,-1.95802,1.91321
L,0,1,0,3,70923,301104207
L,1,0,0,1,46448,301104207
L,3,1,1,3,17541,301114765
L,2,0,1,0,93794,301157949
L,1,0,1,0,93576,301162578
Q,301170575,0,1.19519,-2.04571,1.83398
Q,301170575,1,1.23042,-1.85532,1.90761
Q,301170575,2,1.05135,-1.96406,1.90018
Q,301170575,3,1.15661,-1.96581,1.92331
L,1,1,1,2,18036,301226869
L,3,0,1,0,94088,301230332
L,2,1,1,2,18473,301241320
L,0,0,0,1,47234,301258688
Q,301270644,0,1.17535,-2.01576,1.86604
Q,301270644,1,1.15360,-1.84973,1.94241
Q,301270644,2,0.99174,-1.95526,1.92562
Q,301270644,3,1.12527,-1.91791,1.97281
L,0,0,1,1,94020,301304847
L,2,1,0,2,71731,301312016
L,0,1,1,2,18305,301314459
L,3,0,0,1,47941,301355924
L,3,1,0,3,72179,301361948
L,2,0,0,0,48107,301366264
L,1,0,0,0,47754,301370819
Q,301370819,0,1.12934,-2.03970,1.86110
Q,301370819,1,1.10104,-1.77686,2.02132
Q,301370819,2,0.96703,-1.96826,1.92152
Q,301370819,3,1.06278,-2.01374,1.91198
L,1,1,0,2,71646,301404752
L,3,1,1,2,19081,301404752
L,2,0,1,1,94090,301417112
L,0,1,0,2,72239,301458343
Q,301471030,0,1.07194,-2.03994,1.88105
Q,301471030,1,1.05601,-1.82270,1.99996
Q,301471030,2,0.93312,-1.96233,1.93846
Q,301471030,3,1.02760,-2.03791,1.90254
L,2,1,1,3,19805,301505377
L,3,0,1,0,94374,301505377
L,1,0,1,0,94019,301521782
L,0,0,1,0,94340,301563892
L,0,1,1,2,19803,301569560
L,1,1,1,2,19836,301571238
Q,301571238,0,1.04695,-1.99616,1.92669
Q,301571238,1,1.01179,-1.86484,1.98159
Q,301571238,2,0.91689,-1.93209,1.97035
Q,301571238,3,0.98547,-2.04119,1.91252
L,2,0,0,0,49121,301629047
L,3,0,0,0,49092,301637197
L,0,0,0,0,48914,301655680
L,1,1,0,3,72553,301656710
Q,301671416,0,1.00526,-2.03343,1.91034
Q,301671416,1,0.96927,-1.89540,1.97078
Q,301671416,2,0.85859,-1.98222,1.94875
Q,301671416,3,0.93689,-2.13576,1.84932
L,1,0,0,0,49018,301706126
L,2,1,0,3,73007,301706126
L,2,0,1,0,94525,301706126
L,3,1,0,3,73312,301706126
L,3,1,1,3,20666,301706126
L,3,0,1,0,94945,301767286
Q,301771614,0,0.94154,-2.02068,1.94263
Q,301771614,1,0.89853,-1.97737,1.92626
Q,301771614,2,0.85859,-1.98222,1.94875
Q,301771614,3,0.93689,-2.13576,1.84932
L,0,1,0,2,73730,301805770
L,1,0,1,0,94702,301805770
L,2,1,1,3,21159,301805770
L,1,1,1,2,20898,301828728
L,0,1,1,2,20968,301851596
Q,301871859,0,0.90163,-2.05093,1.93127
Q,301871859,1,0.89853,-1.97737,1.92626
Q,301871859,2,0.81119,-1.97489,1.97420
Q,301871859,3,0.87963,-2.00710,1.97950
L,0,0,0,0,49905,301905875
L,0,0,1,0,95330,301905875
L,2,0,0,0,50238,301905875
L,3,0,0,0,50241,301905875
L,1,1,0,2,73838,301915491
L,2,1,0,2,74430,301969164
L,3,1,1,2,21768,301970565
Q,301972110,0,0.89029,-2.02520,1.95996
Q,301972110,1,0.83451,-1.95667,1.97127
Q,301972110,2,0.75890,-1.94402,2.02515
Q,301972110,3,0.84638,-2.07038,1.93993
L,1,0,0,1,50289,302006778
L,3,1,0,2,74997,302006778
L,2,0,1,0,95724,302017546
L,3,0,1,0,96030,302046822
L,1,0,1,0,95732,302061647
Q,302072196,0,0.81122,-2.11636,1.91615
Q,302072196,1,0.78144,-2.05261,1.91089
Q,302072196,2,0.73375,-1.98645,1.99903
Q,302072196,3,0.81617,-2.12712,1.90421
L,1,1,1,2,21910,302106202
L,2,1,1,2,22326,302106202
L,0,1,0,2,75760,302156430
L,0,0,1,1,96276,302162934
Q,302172383,0,0.74741,-2.17241,1.89378
Q,302172383,1,0.76341,-2.00748,1.95696
Q,302172383,2,0.69554,-1.99777,2.00710
Q,302172383,3,0.78722,-2.04720,1.98512
L,0,0,0,0,51083,302207028
L,1,1,0,2,75292,302207028
L,2,1,0,2,75896,302229280
L,3,1,1,2,22812,302230349
L,0,1,1,3,22446,302231383
L,2,0,0,0,51604,302264648
L,1,0,0,0,51280,302268865
Q,302272609,0,0.73513,-2.13350,1.93004
Q,302272609,1,0.74528,-1.96130,2.00292
Q,302272609,2,0.63078,-2.04701,1.98759
Q,302272609,3,0.77519,-2.01372,2.01758
L,3,1,0,2,76587,302307392
L,1,0,1,0,96335,302316159
L,3,0,1,0,96717,302344934
L,2,0,1,0,96548,302356863
Q,302372740,0,0.69656,-2.14251,1.93422
Q,302372740,1,0.68464,-1.93694,2.04337
Q,302372740,2,0.57478,-2.04168,2.00777
Q,302372740,3,0.72423,-2.04574,2.00711
L,1,1,1,2,23056,302406402
L,3,0,0,0,51803,302406402
L,2,1,1,2,23794,302440066
L,0,0,1,0,96863,302443681
L,0,1,0,2,77702,302459535
Q,302473071,0,0.66745,-2.04769,2.01169
Q,302473071,1,0.67414,-1.90709,2.07073
Q,302473071,2,0.56544,-2.00725,2.03543
Q,302473071,3,0.70310,-1.98325,2.05871
L,0,1,1,3,23493,302506848
L,3,1,1,3,23882,302506848
L,1,1,0,3,77575,302515799
L,2,0,0,0,52082,302531049
Q,302573127,0,0.65963,-2.02338,2.02987
Q,302573127,1,0.60120,-1.99522,2.00798
Q,302573127,2,0.54913,-1.94902,2.07907
Q,302573127,3,0.64657,-1.98373,2.06184
L,0,0,0,1,51846,302608089
L,3,1,0,2,78870,302608089
L,2,1,0,2,78975,302628685
L,1,0,0,0,51945,302631569
L,1,1,1,2,24165,302663249
Q,302673341,0,0.60354,-2.01777,2.03119
Q,302673341,1,0.54562,-1.94451,2.04532
Q,302673341,2,0.48382,-1.98060,2.05188
Q,302673341,3,0.60385,-2.03636,2.02576
L,3,1,1,2,24606,302770510
Q,302773438,0,0.52301,-2.05693,1.99565
Q,302773438,1,0.49350,-1.91159,2.06705
Q,302773438,2,0.45973,-1.88863,2.11191
Q,302773438,3,0.54728,-2.01784,2.03644
L,0,1,0,2,80401,302807438
L,0,1,1,3,24203,302807438
L,2,0,1,1,97916,302807438
L,2,1,1,2,24879,302807438
L,3,0,0,1,52305,302807438
Q,302873475,0,0.49316,-2.08060,1.97473
Q,302873475,1,0.41385,-1.98182,2.00973
Q,302873475,2,0.39583,-1.89466,2.09595
Q,302873475,3,0.50469,-2.02513,2.02939
L,1,0,0,1,52272,302907761
L,1,1,0,2,80786,302907761
L,3,1,0,2,81625,302907761
L,0,0,0,1,52155,302914672
L,2,1,0,2,81912,302927735
L,1,1,1,3,24512,302963579
L,2,0,0,0,52531,302966041
Q,302973699,0,0.43247,-2.08163,1.96511
Q,302973699,1,0.39101,-1.99843,1.99431
Q,302973699,2,0.35048,-1.92602,2.06719
Q,302973699,3,0.40753,-2.06157,1.98994
L,0,0,1,0,98693,303007642
L,3,1,1,2,24255,303029407
L,0,1,0,3,23829,303060899
Q,303073732,0,0.41264,-2.09443,1.95251
Q,303073732,1,0.37028,-2.01244,1.98068
Q,303073732,2,0.31244,-1.94258,2.04590
Q,303073732,3,0.38678,-2.07554,1.97683
L,0,1,1,2,23449,303108172
L,2,1,1,3,24337,303108172
L,1,0,0,1,52092,303169655
Q,303173836,0,0.39864,-2.09773,1.94562
Q,303173836,1,0.33773,-2.02601,1.96192
Q,303173836,2,0.30272,-1.90070,2.06937
Q,303173836,3,0.34522,-2.04089,1.98453
L,0,0,0,0,51777,303207918
L,1,1,0,2,83346,303207918
L,2,1,0,2,83996,303207918
L,3,1,0,2,84125,303207918
L,3,0,0,0,51942,303217876
L,1,1,1,2,23445,303222890
L,2,0,0,0,52107,303231192
Q,303273917,0,0.38668,-2.09647,1.94127
Q,303273917,2,0.28153,-1.88726,2.06413
Q,303273917,3,0.32081,-1.99438,2.00055
L,3,1,1,3,22519,303308154
L,0,1,0,2,22118,303325275
L,0,1,1,2,84191,303360211
Q,303374088,0,0.38096,-2.08090,1.94468
Q,303374088,2,0.27531,-1.85789,2.07053
Q,303374088,3,0.32093,-1.97339,2.00788
L,2,1,1,2,22332,303408417
L,1,0,0,0,51281,303433408
L,2,1,0,3,85487,303468319
Q,303474268,2,0.27910,-1.83223,2.08020
Q,303474268,3,0.32351,-1.95036,2.01709
L,1,1,1,3,21499,303507061
L,2,0,0,1,51031,303507061
L,3,0,0,0,50864,303507061
L,3,1,0,2,85615,303538098
L,1,1,0,2,85142,303552537
L,3,1,1,2,20231,303565771
Q,303574366,2,0.29916,-1.75234,2.11494
Q,303574366,3,0.34065,-1.88483,2.04770
L,0,0,0,0,50286,303607693
L,0,1,0,2,85135,303607693
L,0,1,1,2,19427,303646063
L,2,1,1,2,19879,303658494
Q,303674499,0,0.52704,-1.28986,2.37240
Q,303674499,3,0.37383,-1.72799,2.12384
L,1,0,0,1,50233,303707895
L,2,1,0,2,86715,303728871
L,1,1,1,2,19159,303760937
L,2,0,0,1,49990,303764327
Q,303774673,0,0.44513,-1.52699,2.18236
Q,303774673,3,0.39751,-1.67042,2.15502
L,1,1,0,2,86335,303807766
L,3,0,0,1,49651,303807766
L,3,1,0,2,87392,303874486
Q,303874997,0,0.41600,-1.55364,2.13092
Q,303874997,3,0.36736,-1.63683,2.09850
L,0,1,0,3,17008,303908249
L,0,1,1,2,86626,303908249
L,2,1,1,3,17223,303912953
L,1,0,0,0,49474,303969237
Q,303975129,0,0.42963,-1.59593,2.11315
Q,303975129,2,0.36967,-1.48138,2.25390
Q,303975129,3,0.39388,-1.57365,2.13362
L,2,1,0,3,88665,304008720
L,3,1,1,3,15827,304008720
L,0,0,0,1,49118,304012232
L,2,0,0,0,49369,304049405
L,3,0,0,1,49067,304073905
Q,304075296,0,0.38899,-1.62419,2.04931
Q,304075296,2,0.38248,-1.45268,2.26936
Q,304075296,3,0.41375,-1.52752,2.15984
L,1,1,0,2,88551,304112486
L,3,1,0,3,89165,304136845
L,2,1,1,3,15416,304173110
Q,304175428,0,0.37591,-1.61379,2.03717
Q,304175428,2,0.38248,-1.45268,2.26936
Q,304175428,3,0.40107,-1.50380,2.14086
L,0,1,0,3,15222,304208721
L,0,1,1,3,88948,304237797
L,1,0,0,0,49152,304250296
Q,304275646,0,0.37591,-1.61379,2.03717
Q,304275646,2,0.33832,-1.45023,2.21164
Q,304275646,3,0.40541,-1.48952,2.14855
L,1,1,1,2,15384,304309852
L,2,0,0,1,49053,304309852
L,2,1,0,2,90508,304309852
L,3,0,0,1,48730,304333330
L,0,0,0,1,48713,304334841
Q,304375819,0,0.36334,-1.60266,2.02473
Q,304375819,1,0.41829,-1.47051,2.17307
Q,304375819,2,0.28843,-1.40347,2.15151
Q,304375819,3,0.36685,-1.48174,2.09449
L,1,1,0,3,90558,304413493
Q,304476062,0,0.34995,-1.58864,2.01159
Q,304476062,1,0.37257,-1.43208,2.13645
Q,304476062,2,0.26063,-1.34929,2.12198
Q,304476062,3,0.35399,-1.42751,2.08235
L,0,1,1,2,90870,304510911
L,2,0,0,0,48707,304568886
L,1,0,0,0,48760,304571571
Q,304576236,0,0.32971,-1.54148,1.99808
Q,304576236,1,0.33747,-1.38614,2.11650
Q,304576236,2,0.26744,-1.30965,2.13755
Q,304576236,3,0.36152,-1.39304,2.09964
L,3,0,0,0,48433,304611127
L,0,0,0,0,48506,304635976
Q,304676487,0,0.32663,-1.51151,2.00376
Q,304676487,1,0.33818,-1.35981,2.12827
Q,304676487,2,0.26744,-1.30965,2.13755
Q,304676487,3,0.36591,-1.36598,2.11316
Q,304776777,0,0.32226,-1.49376,2.00717
Q,304776777,1,0.33523,-1.34073,2.13610
Q,304776777,2,0.26646,-1.26788,2.15200
Q,304776777,3,0.68093,-0.70829,2.56084
L,1,0,0,1,48791,304833823
L,3,0,0,1,48460,304864151
Q,304877057,0,0.31165,-1.47220,2.00953
Q,304877057,1,0.33116,-1.31206,2.14879
Q,304877057,2,0.22401,-1.19647,2.13798
Q,304877057,3,0.58919,-0.86697,2.44400
L,2,0,0,1,48717,304911814
L,0,0,0,0,48522,304918817
Q,304977204,0,0.29121,-1.43490,2.01496
Q,304977204,1,0.32895,-1.29353,2.15761
Q,304977204,2,0.20241,-1.15644,2.13696
Q,305077413,0,0.28452,-1.42229,2.01647
Q,305077413,2,0.17657,-1.10778,2.13673
Q,305077413,3,0.41523,-1.08348,2.25368
L,1,0,0,1,48679,305110840
L,3,0,0,1,48333,305122422
L,2,0,0,1,48531,305169848
L,0,0,0,1,48301,305176820
Q,305177657,0,0.27677,-1.39223,2.02471
Q,305177657,2,0.16106,-1.08412,2.13183
Q,305177657,3,0.40008,-1.10440,2.23826
Q,305277663,0,0.27636,-1.38349,2.02809
Q,305277663,1,0.27845,-1.19725,2.14564
Q,305277663,2,0.16061,-1.07396,2.13513
Q,305277663,3,0.34328,-1.11871,2.19144
L,1,0,0,1,48115,305376520
Q,305377989,0,0.27930,-1.36647,2.03634
Q,305377989,1,0.19229,-1.12244,2.09113
Q,305377989,2,0.14579,-1.02662,2.13137
Q,305377989,3,0.28536,-1.09493,2.14080
L,3,0,0,1,47719,305412354
L,2,0,0,1,47885,305428017
L,0,0,0,0,47615,305451936
Q,305478239,0,0.24712,-1.25774,2.02944
Q,305478239,1,0.21511,-1.05669,2.12965
Q,305478239,2,0.13908,-0.96584,2.13194
Q,305478239,3,0.24759,-1.07840,2.09883
Q,305578449,0,0.30020,-0.83820,2.27424
Q,305578449,1,0.19002,-0.99958,2.11569
Q,305578449,2,0.11558,-0.91915,2.10720
Q,305578449,3,0.26708,-1.02090,2.13471
L,1,0,0,0,47497,305631125
Q,305678489,0,0.23859,-0.98839,2.12310
Q,305678489,1,0.20821,-0.96309,2.13970
Q,305678489,2,0.09991,-0.85588,2.09266
Q,305678489,3,0.22630,-0.98156,2.09109
L,0,0,0,0,47015,305713374
L,3,0,0,1,47054,305713374
L,2,0,0,0,47033,305769878
Q,305778725,0,0.22014,-1.00069,2.08886
Q,305778725,1,0.18785,-0.90632,2.12864
Q,305778725,2,0.11384,-0.79748,2.11035
Q,305778725,3,0.20958,-0.91238,2.08134
Q,305879048,0,0.18151,-0.96974,2.03430
Q,305879048,1,0.17592,-0.84434,2.12919
Q,305879048,2,0.10967,-0.72797,2.10965
Q,305879048,3,0.23030,-0.85296,2.11186
L,1,0,0,1,46841,305913489
L,3,0,0,1,46294,305978813
Q,305979484,0,0.17003,-0.94750,2.01795
Q,305979484,1,0.12152,-0.77935,2.09002
Q,305979484,2,0.11376,-0.69698,2.11492
Q,305979484,3,0.22260,-0.82102,2.10413
L,0,0,0,1,46261,306015502
Q,306079741,0,0.16357,-0.91724,2.00356
Q,306079741,1,0.11505,-0.74936,2.08910
Q,306079741,2,0.10526,-0.66819,2.10564
Q,306079741,3,0.20507,-0.79013,2.08071
L,2,0,0,0,46231,306113924
Q,306179964,0,0.16385,-0.89035,1.99194
Q,306179964,1,0.11206,-0.69000,2.08804
Q,306179964,2,0.11164,-0.65452,2.11286
Q,306179964,3,0.20563,-0.76388,2.07774
L,1,0,0,0,45918,306257488
L,0,0,0,1,45522,306272639
Q,306280084,0,0.17729,-0.87382,2.00443
Q,306280084,1,0.10810,-0.64635,2.08092
Q,306280084,2,0.11065,-0.62214,2.10614
Q,306280084,3,0.21969,-0.72494,2.09321
Q,306380171,0,0.19550,-0.83342,2.01734
Q,306380171,1,0.12464,-0.58805,2.09341
Q,306380171,2,0.10513,-0.57615,2.08758
Q,306380171,3,0.19510,-0.70590,2.04187
L,2,0,0,1,45257,306414346
Q,306480405,0,0.19645,-0.80010,2.00599
Q,306480405,1,0.12529,-0.56005,2.09096
Q,306480405,2,0.10956,-0.54512,2.08664
Q,306480405,3,0.21782,-0.62391,2.05740
L,1,0,0,1,45205,306514209
L,3,0,0,1,44794,306514209
L,0,0,0,0,44671,306574983
L,1,1,0,3,59344,306577825
Q,306580615,0,0.22701,-0.74924,2.04003
Q,306580615,1,0.14143,-0.53057,2.10874
Q,306580615,2,0.11528,-0.46882,2.07747
Q,306580615,3,0.23240,-0.57969,2.07079
Q,306680823,0,0.20375,-0.71173,2.00039
Q,306680823,1,0.12092,-0.49288,2.07857
Q,306680823,2,0.14926,-0.40269,2.10570
Q,306680823,3,0.21798,-0.56453,2.04781
L,2,0,0,0,44232,306725143
Q,306780953,0,0.20397,-0.68056,1.98745
Q,306780953,1,0.11267,-0.42895,2.05324
Q,306780953,2,0.16193,-0.36928,2.10871
Q,306780953,3,0.20994,-0.55522,2.03348
L,0,0,0,1,43530,306875292
Q,306880993,0,0.20032,-0.67228,1.96655
Q,306880993,1,0.10644,-0.40515,2.02719
Q,306880993,2,0.18972,-0.34745,2.13102
Q,306880993,3,0.22752,-0.51148,2.02602
L,1,0,0,1,43554,306933258
L,3,0,0,0,42980,306960462
Q,306981189,0,0.27102,-0.59932,2.00075
Q,306981189,1,0.15739,-0.35001,2.04736
Q,306981189,2,0.19558,-0.30551,2.08821
Q,306981189,3,0.22548,-0.50906,2.00958
L,2,0,0,0,42995,307015526
Q,307081355,0,0.32663,-0.55537,2.00361
Q,307081355,1,0.19961,-0.30988,2.04176
Q,307081355,2,0.21343,-0.28176,2.06983
Q,307081355,3,0.33400,-0.42146,2.05371
Q,307181695,0,0.38644,-0.52662,2.00897
Q,307181695,1,0.22368,-0.28755,2.00532
Q,307181695,2,0.23406,-0.26969,2.06598
Q,307181695,3,0.35795,-0.40638,2.03554
L,1,0,0,0,42102,307230809
L,3,0,0,0,41595,307237790
L,2,0,0,1,41579,307266338
Q,307281907,0,0.44272,-0.51334,1.99849
Q,307281907,1,0.29862,-0.25508,2.04982
Q,307281907,2,0.28910,-0.23574,2.03936
Q,307281907,3,0.38472,-0.39411,2.03011
Q,307382126,0,0.49905,-0.50632,1.99244
Q,307382126,1,0.35864,-0.23355,2.05497
Q,307382126,2,0.36154,-0.21711,2.06941
Q,307382126,3,0.42532,-0.38423,2.01237
Q,307482281,0,0.44602,-0.20437,2.25568
Q,307482281,1,0.42070,-0.21963,2.05611
Q,307482281,2,0.41706,-0.20209,2.04219
Q,307482281,3,0.48159,-0.36480,2.05662
L,1,0,0,0,40330,307535136
Q,307582316,0,0.53666,-0.26430,2.15879
Q,307582316,1,0.49038,-0.20798,2.08898
Q,307582316,2,0.50178,-0.18739,2.08602
Q,307582316,3,0.56810,-0.35631,2.02058
L,0,0,0,0,39152,307677719
Q,307682452,0,0.60809,-0.28775,2.13438
Q,307682452,1,0.55338,-0.19881,2.10973
Q,307682452,2,0.56944,-0.18200,2.02880
Q,307682452,3,0.63416,-0.34463,2.02612
L,2,0,0,0,38697,307716984
L,3,0,0,0,38488,307736435
Q,307782551,0,0.68106,-0.32603,2.05722
Q,307782551,1,0.61734,-0.19636,2.04237
Q,307782551,2,0.64129,-0.17812,2.04943
Q,307782551,3,0.72744,-0.33156,2.06201
Q,307882601,0,0.73992,-0.33342,2.05253
Q,307882601,1,0.69525,-0.19002,2.03808
Q,307882601,2,0.68442,-0.17484,2.05929
Q,307882601,3,0.78860,-0.32722,2.05862
Q,307982890,0,0.78804,-0.32941,2.07869
Q,307982890,1,0.74160,-0.18497,2.06342
Q,307982890,2,0.73185,-0.17075,2.00751
Q,307982890,3,0.82290,-0.32792,2.03237
L,1,0,0,0,37502,308016982
L,2,0,0,0,36930,308016982
L,0,0,0,0,37156,308029923
L,3,0,0,0,36691,308050915
Q,308083020,0,0.84386,-0.32919,2.05341
Q,308083020,1,0.79851,-0.17533,2.04627
Q,308083020,2,0.82644,-0.15939,2.01396
Q,308083020,3,0.88372,-0.32171,2.00721
Q,308183100,0,0.89724,-0.32330,2.04473
Q,308183100,1,0.83976,-0.16959,2.01819
Q,308183100,2,0.88117,-0.15234,2.00834
Q,308183100,3,0.95454,-0.30702,2.01607
Q,308283436,0,0.93937,-0.31585,2.06405
Q,308283436,1,0.87491,-0.16186,1.99313
Q,308283436,2,0.93736,-0.13980,2.04298
Q,308283436,3,1.01480,-0.29538,2.01279
L,0,0,0,0,35533,308317696
L,1,0,0,0,35651,308317696
L,2,0,0,0,35052,308317696
L,3,0,0,0,35046,308336312
Q,308383556,0,0.98932,-0.30745,2.06697
Q,308383556,1,0.89548,-0.15793,1.95584
Q,308383556,2,0.98772,-0.12796,2.04939
Q,308383556,3,1.03953,-0.29217,1.99577
Q,308483567,0,1.03821,-0.29926,2.04508
Q,308483567,1,0.95532,-0.13973,1.97555
Q,308483567,2,1.04184,-0.11530,2.04946
Q,308483567,3,1.08547,-0.27563,2.02592
Q,308583578,0,1.08565,-0.28988,2.04589
Q,308583578,1,1.02103,-0.12203,2.03512
Q,308583578,2,1.09759,-0.10455,2.04209
Q,308583578,3,1.14080,-0.26272,2.03352
L,0,0,0,0,33853,308617727
L,1,0,0,1,33740,308617727
L,3,0,0,0,33298,308654068
Q,308683729,0,1.35673,-0.00808,2.38084
Q,308683729,1,1.08299,-0.10702,2.02181
Q,308683729,2,1.14144,-0.09936,2.04121
Q,308683729,3,1.18341,-0.25561,2.02979
L,2,0,0,0,32781,308717922
Q,308784008,0,1.31421,-0.09199,2.24837
Q,308784008,1,1.12327,-0.10240,2.02940
Q,308784008,2,1.17528,-0.09993,2.01223
Q,308784008,3,1.21333,-0.25416,2.03660
Q,308884122,0,1.34476,-0.09545,2.22104
Q,308884122,1,1.16172,-0.10655,2.03017
Q,308884122,2,1.22106,-0.10949,2.02127
Q,308884122,3,1.25346,-0.25953,2.03620
L,0,0,0,0,32859,308918457
L,3,0,0,1,32455,308918457
L,1,0,0,1,32405,308968858
Q,308984412,0,1.33416,-0.20713,2.11075
Q,308984412,1,1.22142,-0.12686,2.00600
Q,308984412,2,1.26653,-0.12671,2.01716
Q,308984412,3,1.30877,-0.28140,2.01833
L,2,0,0,1,31868,309018436
Q,309084590,0,1.35617,-0.25131,2.07371
Q,309084590,1,1.26883,-0.15048,1.98286
Q,309084590,2,1.31276,-0.15433,2.00943
Q,309084590,3,1.35582,-0.31162,2.00072
L,3,0,0,0,31729,309171184
Q,309184771,0,1.36698,-0.33200,2.05227
Q,309184771,1,1.31582,-0.17742,1.98414
Q,309184771,2,1.36653,-0.18831,1.99269
Q,309184771,3,1.39909,-0.33970,1.98642
L,0,0,0,1,31908,309218898
L,1,0,0,1,31596,309228063
Q,309284797,0,1.40987,-0.38691,2.04286
Q,309284797,1,1.36514,-0.20138,1.96184
Q,309284797,2,1.40320,-0.20915,1.99612
Q,309284797,3,0.96333,-0.91696,1.00890
Q,309384861,0,1.46393,-0.43321,2.03671
Q,309384861,1,1.41059,-0.22683,1.96155
Q,309384861,2,1.45355,-0.23226,1.98276
Q,309384861,3,1.27346,-0.62308,1.52768
L,0,0,1,1,100545,309444279
L,3,0,0,0,30523,309474976
L,2,0,0,0,30164,309482854
Q,309484885,0,1.48370,-0.44975,2.02863
Q,309484885,1,1.44148,-0.24486,1.98678
Q,309484885,2,1.48520,-0.24929,2.00822
Q,309484885,3,1.45731,-0.50350,1.80735
L,0,0,0,0,30855,309518661
Q,309585187,0,1.50514,-0.46240,2.07832
Q,309585187,1,1.48356,-0.26992,2.00476
Q,309585187,2,1.53609,-0.28230,2.00122
Q,309585187,3,1.53754,-0.48538,1.89412
L,1,0,0,1,30191,309628627
L,3,1,0,2,75309,309637474
Q,309685429,0,1.52248,-0.47467,2.07460
Q,309685429,1,1.50913,-0.28532,2.01778
Q,309685429,2,1.55758,-0.29575,2.00649
Q,309685429,3,1.54669,-0.49179,1.88718
L,3,0,0,1,29872,309729698
L,0,1,0,3,75221,309741137
L,2,0,0,0,29438,309755162
L,0,0,0,0,30147,309770465
Q,309785684,0,1.56368,-0.50278,2.06536
Q,309785684,1,1.54425,-0.30449,2.00656
Q,309785684,2,1.58141,-0.30837,2.01783
Q,309785684,3,1.57564,-0.49502,1.90395
L,2,1,0,2,74100,309824667
L,0,0,1,0,99134,309862723
Q,309885878,0,1.59584,-0.52509,2.05148
Q,309885878,1,1.57236,-0.31866,2.02236
Q,309885878,2,1.62196,-0.33046,2.01339
Q,309885878,3,1.60185,-0.51145,1.88381
L,1,0,0,1,29393,309925240
Q,309985910,0,1.63246,-0.54558,2.05554
Q,309985910,1,1.60890,-0.33443,2.00810
Q,309985910,2,1.62818,-0.33359,2.02616
Q,309985910,3,1.66702,-0.50878,1.97174
L,3,0,0,0,29232,310020394
L,0,1,0,3,73230,310035636
L,3,1,0,3,72598,310055250
Q,310085932,0,1.65226,-0.55446,2.07136
Q,310085932,1,1.64328,-0.35135,1.99871
Q,310085932,2,1.67949,-0.35926,1.99417
Q,310085932,3,1.68724,-0.51617,1.97223
L,1,1,0,3,72966,310119674
L,2,1,0,3,72335,310119674
L,2,0,0,1,28606,310134870
Q,310186062,0,1.67988,-0.57261,2.06044
Q,310186062,1,1.67287,-0.36782,1.98436
Q,310186062,2,1.71283,-0.37927,1.98962
Q,310186062,3,1.74264,-0.54331,1.97416
L,1,0,0,1,28783,310243725
Q,310286235,0,1.69337,-0.57874,2.10665
Q,310286235,1,1.69816,-0.38415,2.00173
Q,310286235,2,1.74812,-0.40691,1.99919
Q,310286235,3,1.77533,-0.56267,1.98772
L,0,0,0,0,29143,310320818
L,3,1,0,2,71358,310320818
L,3,0,0,0,28873,310350688
L,0,1,0,3,71735,310357026
L,1,1,0,3,71629,310375140
Q,310386378,0,1.71075,-0.59327,2.11163
Q,310386378,1,1.71927,-0.40058,2.01493
Q,310386378,2,1.77090,-0.43012,2.00342
Q,310386378,3,1.79699,-0.58361,1.99343
L,2,1,0,2,70920,310420650
L,2,0,0,0,28399,310456055
Q,310486581,0,1.74428,-0.62992,2.09926
Q,310486581,1,1.74349,-0.42400,2.01314
Q,310486581,2,1.77975,-0.44084,2.00600
Q,310486581,3,1.80221,-0.59040,1.99117
L,1,0,0,0,28627,310520236
Q,310586658,0,1.75606,-0.64647,2.11511
Q,310586658,1,1.76864,-0.45064,2.00197
Q,310586658,2,1.79476,-0.46060,2.00417
Q,310586658,3,1.80958,-0.60427,1.99905
L,3,0,0,0,29091,310628374
L,3,1,0,3,70622,310632736
L,0,1,0,2,71075,310673133
L,2,1,0,2,70344,310684372
Q,310686884,0,1.76343,-0.65768,2.11180
Q,310686884,1,1.78026,-0.46740,1.99995
Q,310686884,2,1.81335,-0.49666,2.00678
Q,310686884,3,1.81894,-0.62175,1.99764
L,1,1,0,2,70820,310720655
L,2,0,0,1,28783,310720655
L,1,0,0,0,29097,310784555
Q,310786889,0,1.78275,-0.69180,2.09019
Q,310786889,1,1.78502,-0.48065,1.99931
Q,310786889,2,1.81731,-0.51901,2.00528
Q,310786889,3,1.82839,-0.65329,1.99274
L,0,0,0,1,29742,310820654
Q,310887106,0,1.78139,-0.70983,2.08746
Q,310887106,1,1.78541,-0.48924,1.99842
Q,310887106,2,1.82020,-0.55315,1.99720
Q,310887106,3,1.82951,-0.67757,1.98171
L,3,1,0,2,70395,310934008
L,0,1,0,2,70820,310935983
L,2,1,0,2,70093,310946949
L,1,1,0,2,70507,310971858
Q,310987387,0,1.78365,-0.72289,2.08266
Q,310987387,1,1.79003,-0.52459,1.99134
Q,310987387,2,1.81839,-0.58713,1.98295
Q,310987387,3,1.83010,-0.70453,1.98217
L,3,0,0,0,30502,311066551
Q,311087520,0,1.77937,-0.75429,2.07530
Q,311087520,1,1.79079,-0.55904,1.98747
Q,311087520,2,1.81491,-0.61530,1.98354
Q,311087520,3,1.82802,-0.73117,1.96840
L,2,0,0,1,30114,311121383
L,0,0,0,0,30766,311149973
L,1,0,0,0,30263,311168390
Q,311187800,0,1.77527,-0.77764,2.07278
Q,311187800,1,1.79062,-0.58449,1.98419
Q,311187800,2,1.80977,-0.64976,1.97860
Q,311187800,3,1.82382,-0.77008,1.96456
L,3,1,0,2,69963,311221510
L,2,1,0,2,69606,311224894
L,1,1,0,2,69990,311235456
L,0,1,0,2,70271,311239345
Q,311288093,0,1.77108,-0.80768,2.07228
Q,311288093,1,1.78965,-0.64216,1.97164
Q,311288093,2,1.80819,-0.68005,1.96711
Q,311288093,3,1.82187,-0.80205,1.95787
L,3,0,0,0,31119,311322084
L,3,0,1,0,95571,311322084
L,2,0,0,0,30834,311377059
Q,311388153,0,1.77074,-0.84319,2.06585
Q,311388153,1,1.78836,-0.67876,1.96847
Q,311388153,2,1.80467,-0.71298,1.96961
Q,311388153,3,1.81970,-0.80895,1.96273
L,1,0,0,1,30956,311448064
Q,311488435,0,1.76631,-0.88741,2.06065
Q,311488435,1,1.78793,-0.72086,1.95753
Q,311488435,2,1.80245,-0.74545,1.95983
Q,311488435,3,1.81372,-0.82881,1.97758
L,0,1,0,2,69839,311522650
L,1,1,0,2,69526,311522650
L,2,1,0,2,69188,311522650
L,3,1,0,2,69542,311522650
L,2,0,1,1,94787,311546747
Q,311588468,0,1.76733,-0.90955,2.05356
Q,311588468,1,1.78804,-0.73298,1.95858
Q,311588468,2,1.80012,-0.76283,1.96377
Q,311588468,3,1.81339,-0.86860,1.95103
L,3,0,0,0,32137,311668434
L,3,0,1,0,94773,311680290
Q,311688587,0,1.76380,-0.93054,2.04904
Q,311688587,1,1.78535,-0.76657,1.94754
Q,311688587,2,1.79373,-0.80152,1.95932
Q,311688587,3,1.80797,-0.92196,1.93157
L,0,0,0,0,32119,311723156
L,1,0,0,1,31767,311744105
L,0,1,0,3,69534,311775568
Q,311788727,0,1.76014,-0.96478,2.04020
Q,311788727,1,1.78155,-0.80877,1.94461
Q,311788727,2,1.78797,-0.83927,1.94668
Q,311788727,3,1.80307,-0.96228,1.91326
L,1,1,0,3,69087,311823038
L,1,0,1,0,94393,311823038
L,2,0,0,0,32140,311823038
L,2,0,1,0,94176,311823038
L,0,0,1,0,94562,311845098
L,2,1,0,2,68788,311859468
L,3,1,0,3,69175,311888224
Q,311888860,0,1.76252,-0.98909,2.03218
Q,311888860,1,1.78141,-0.81861,1.94600
Q,311888860,2,1.78324,-0.87118,1.94017
Q,311888860,3,1.79827,-0.99365,1.90848
L,0,0,0,0,32552,311987758
Q,311989142,0,1.76467,-1.01148,2.02657
Q,311989142,1,1.78080,-0.85706,1.93692
Q,311989142,2,1.77991,-0.90933,1.93120
Q,311989142,3,1.79467,-1.02617,1.90695
L,3,0,1,0,94129,312023438
L,3,0,0,0,32839,312042504
L,1,0,0,0,32186,312062953
L,1,0,1,0,93830,312076335
L,3,1,1,3,5476,312079382
L,1,1,0,3,68426,312085415
Q,312089171,0,1.76753,-1.03495,2.02243
Q,312089171,1,1.78203,-0.88230,1.93225
Q,312089171,2,1.78066,-0.93344,1.92921
Q,312089171,3,1.79452,-1.04091,1.90630
L,0,1,0,2,68747,312123492
L,0,0,1,0,94072,312123492
L,2,0,0,0,32516,312123492
L,2,1,0,2,68222,312123492
L,2,1,1,2,5549,312123492
L,3,1,0,3,68611,312147592
Q,312189407,0,1.76951,-1.04862,2.02716
Q,312189407,1,1.78593,-0.90531,1.93232
Q,312189407,2,1.78023,-0.93944,1.93033
Q,312189407,3,1.79573,-1.05012,1.90359
L,2,0,1,0,93574,312224184
L,0,0,0,0,32608,312269939
Q,312289626,0,1.77195,-1.05754,2.02346
Q,312289626,1,1.78872,-0.92059,1.93370
Q,312289626,2,1.78369,-0.96762,1.93392
Q,312289626,3,1.80098,-1.07447,1.90425
L,3,0,0,0,32992,312324327
L,3,0,1,0,93896,312324327
L,3,1,1,2,5679,312358432
L,1,0,0,1,32434,312360639
L,0,1,0,2,68373,312374824
L,1,0,1,1,93617,312377617
Q,312389665,0,1.77458,-1.08228,2.02554
Q,312389665,1,1.79038,-0.92996,1.93613
Q,312389665,2,1.78705,-0.99884,1.93898
Q,312389665,3,1.80523,-1.09717,1.90215
L,2,0,0,1,32998,312423366
L,2,1,0,2,67928,312423366
L,3,1,0,2,68388,312445745
L,2,1,1,2,5850,312450254
Q,312489939,0,1.77310,-1.10923,2.04081
Q,312489939,1,1.78941,-0.96054,1.93969
Q,312489939,2,1.77520,-1.02166,1.94777
Q,312489939,3,1.80159,-1.11229,1.90688
L,0,0,0,0,33269,312523715
Q,312590176,0,1.76438,-1.13422,2.04434
Q,312590176,1,1.78501,-1.00280,1.93862
Q,312590176,2,1.75973,-1.02821,1.96269
Q,312590176,3,1.79412,-1.14002,1.90534
L,1,0,0,1,33372,312625089
L,3,1,1,2,6104,312625089
L,2,1,0,3,68163,312679161
Q,312690266,0,1.75221,-1.16424,2.04302
Q,312690266,1,1.76433,-1.03004,1.95424
Q,312690266,2,1.73744,-1.06073,1.96862
Q,312690266,3,1.76309,-1.16392,1.93506
L,2,1,1,3,6456,312724817
L,3,0,0,1,34488,312724817
L,3,1,0,2,68646,312724817
L,3,0,1,0,94093,312724817
L,2,0,0,0,34413,312733748
Q,312790434,0,1.72914,-1.19358,2.04333
Q,312790434,1,1.74426,-1.06235,1.95149
Q,312790434,2,1.71665,-1.07785,1.97930
Q,312790434,3,1.75137,-1.19791,1.92011
L,0,0,0,0,34749,312824707
L,0,1,1,2,6783,312858576
L,0,1,0,2,68849,312873322
L,1,0,0,1,34753,312888204
Q,312890787,0,1.71853,-1.20951,2.03845
Q,312890787,1,1.72924,-1.10111,1.93185
Q,312890787,2,1.68954,-1.11296,1.97665
Q,312890787,3,1.72237,-1.24235,1.91316
L,3,1,1,2,7070,312934717
L,2,1,0,2,68403,312937929
L,2,1,1,3,7161,312985157
L,3,0,0,0,35905,312985868
L,3,1,0,2,68911,312989789
Q,312990803,0,1.68412,-1.22129,2.05884
Q,312990803,1,1.69937,-1.13880,1.92928
Q,312990803,2,1.67403,-1.12826,1.98063
Q,312990803,3,1.71148,-1.24195,1.92586
L,2,0,0,0,35773,313025111
L,3,0,1,1,94330,313025111
Q,313090860,0,1.64421,-1.27335,2.04552
Q,313090860,1,1.66931,-1.16426,1.93540
Q,313090860,2,1.67403,-1.12826,1.98063
Q,313090860,3,1.70796,-1.26657,1.90871
L,2,0,1,1,94389,313185862
L,0,0,0,1,36766,313190494
Q,313191110,0,1.61989,-1.31898,2.02189
Q,313191110,1,1.64004,-1.17480,1.95253
Q,313191110,2,1.64733,-1.12530,2.00689
Q,313191110,3,1.68231,-1.28821,1.91271
L,0,0,1,0,94661,313224807
L,1,1,0,2,69049,313224807
L,1,1,1,2,7487,313224807
L,3,0,0,0,37311,313242650
L,2,1,1,2,7795,313248689
L,3,1,1,2,7819,313256814
Q,313291398,0,1.58295,-1.31859,2.04794
Q,313291398,1,1.60205,-1.21639,1.94107
Q,313291398,2,1.61655,-1.18394,1.97926
Q,313291398,3,1.66436,-1.28312,1.93270
L,2,1,0,2,69214,313326089
L,3,1,0,2,69659,313326089
L,3,0,1,1,94748,313326089
L,2,0,0,0,37527,313331337
L,0,1,1,2,8136,313382477
L,1,0,1,1,94429,313390957
Q,313391640,0,1.55829,-1.35953,2.02280
Q,313391640,1,1.56533,-1.24830,1.93722
Q,313391640,2,1.57577,-1.17485,2.02078
Q,313391640,3,1.61785,-1.30812,1.94717
L,1,0,0,0,37608,313425794
L,0,1,0,3,69929,313429784
L,2,0,1,0,94383,313445691
Q,313491677,0,1.54428,-1.37266,2.01974
Q,313491677,1,1.55477,-1.24640,1.94843
Q,313491677,2,1.57577,-1.17485,2.02078
Q,313491677,3,1.59478,-1.39836,1.87644
L,0,0,0,0,38440,313526284
L,0,0,1,0,94566,313526284
L,1,1,1,3,8726,313526284
L,2,1,1,3,9298,313562507
L,3,0,0,0,39090,313581076
L,2,0,0,0,38900,313590986
Q,313592017,0,1.52656,-1.39155,2.01475
Q,313592017,1,1.51801,-1.28661,1.94036
Q,313592017,2,1.53905,-1.21281,2.01454
Q,313592017,3,1.55765,-1.45841,1.85135
L,3,0,1,0,94409,313626346
L,3,1,1,2,9430,313626346
L,0,1,1,2,9474,313639212
L,2,1,0,2,69402,313653063
L,3,1,0,2,69873,313660525
L,1,0,0,1,38924,313681495
Q,313692108,0,1.48465,-1.42620,2.02505
Q,313692108,1,1.48282,-1.34049,1.92553
Q,313692108,2,1.51507,-1.25505,1.99527
Q,313692108,3,1.53498,-1.47625,1.85756
L,0,1,0,2,69802,313726162
L,2,0,1,1,93884,313726162
L,1,1,0,2,69227,313777977
L,1,0,1,0,93811,313790389
Q,313792199,0,1.46248,-1.46091,2.02168
Q,313792199,1,1.45029,-1.39036,1.92628
Q,313792199,2,1.48666,-1.35307,1.92914
Q,313792199,3,1.50921,-1.53805,1.83430
L,0,0,1,0,94079,313827019
L,2,0,0,0,39956,313855135
L,2,1,1,2,10673,313864611
L,3,0,1,0,93955,313876864
L,3,0,0,0,40366,313884884
L,1,1,1,2,10497,313892085
Q,313892744,0,1.44185,-1.51572,2.01414
Q,313892744,1,1.43724,-1.41348,1.93305
Q,313892744,2,1.45042,-1.39700,1.95245
Q,313892744,3,1.47788,-1.55512,1.86591
L,2,1,0,2,68820,313927130
L,3,1,0,2,69251,313927130
L,3,1,1,2,10885,313927130
L,0,1,1,3,10789,313938479
L,1,0,0,1,40008,313944251
Q,313993074,0,1.42636,-1.56174,2.01168
Q,313993074,1,1.42458,-1.43776,1.94378
Q,313993074,2,1.45042,-1.39700,1.95245
Q,313993074,3,1.46598,-1.57934,1.87756
L,0,1,0,3,69099,314027097
L,2,0,1,1,93291,314027097
L,1,1,0,2,68657,314057734
Q,314093160,0,1.41341,-1.61849,2.00059
Q,314093160,1,1.40856,-1.49279,1.94502
Q,314093160,2,1.44245,-1.40536,1.96550
Q,314093160,3,1.45626,-1.58175,1.89606
L,0,0,1,0,93416,314127780
L,1,0,1,0,93149,314127780
L,2,0,0,0,40920,314127780
L,2,1,1,3,11973,314127780
L,3,0,1,0,93363,314127780
L,3,1,0,2,68736,314182885
L,1,1,1,3,12064,314192219
L,2,1,0,3,68313,314193299
Q,314193299,0,1.39403,-1.67823,1.99726
Q,314193299,1,1.39966,-1.54026,1.93042
Q,314193299,2,1.41131,-1.54332,1.91663
Q,314193299,3,1.44276,-1.58638,1.92519
L,0,1,1,2,12401,314227635
L,1,0,0,0,41119,314227635
L,3,1,1,2,12658,314230765
L,3,0,0,0,41977,314262420
L,0,1,0,2,68783,314285193
Q,314293450,0,1.38447,-1.71025,1.99027
Q,314293450,1,1.37943,-1.61872,1.91359
Q,314293450,2,1.39118,-1.57182,1.95221
Q,314293450,3,1.41424,-1.70907,1.90175
L,2,0,1,0,92437,314327771
L,1,1,0,3,68407,314358839
L,1,0,1,0,92423,314389162
L,3,0,1,0,92549,314392102
Q,314393545,0,1.36530,-1.77570,1.97520
Q,314393545,1,1.36246,-1.67166,1.90232
Q,314393545,2,1.38278,-1.60492,1.94498
Q,314393545,3,1.40515,-1.74294,1.89551
L,0,0,1,0,92620,314427593
L,2,0,0,0,42391,314427593
L,2,1,1,3,14004,314441208
L,0,0,0,0,42805,314448814
L,1,1,1,3,13769,314449906
L,2,1,0,3,68261,314450909
L,0,1,1,2,14353,314492908
Q,314493565,0,1.36530,-1.77570,1.97520
Q,314493565,1,1.34254,-1.71255,1.90286
Q,314493565,2,1.36688,-1.64746,1.93396
Q,314493565,3,1.38050,-1.81636,1.88369
L,1,0,0,1,42800,314527453
L,3,0,0,1,43353,314527453
L,0,1,0,2,68860,314542724
L,2,0,1,0,92036,314581756
Q,314593814,0,1.35131,-1.79180,1.98570
Q,314593814,1,1.32222,-1.77146,1.87556
Q,314593814,2,1.34600,-1.68961,1.93373
Q,314593814,3,1.35316,-1.91154,1.84708
L,1,1,0,2,68504,314628354
L,3,1,0,2,68648,314628354
L,3,1,1,3,15340,314647760
L,1,0,1,0,92200,314651670
L,3,0,1,0,92301,314656578
L,0,0,1,1,92471,314679948
L,2,0,0,0,43967,314692031
Q,314694152,0,1.33297,-1.82852,1.97372
Q,314694152,1,1.31715,-1.78897,1.86565
Q,314694152,2,1.31269,-1.79296,1.89019
Q,314694152,3,1.34256,-1.96365,1.81897
L,0,0,0,0,44306,314729844
L,2,1,0,3,68275,314729844
L,0,1,1,3,15731,314754304
L,1,0,0,1,44282,314780835
L,2,1,1,2,15781,314782347
Q,314794358,0,1.30485,-1.89519,1.95299
Q,314794358,1,1.27724,-1.85550,1.86124
Q,314794358,2,1.28966,-1.84847,1.87831
Q,314794358,3,1.33103,-1.95745,1.84098
L,3,0,0,1,44925,314828729
L,2,0,1,1,92089,314846198
L,0,1,0,2,68803,314864346
Q,314894464,0,1.26856,-1.93147,1.97146
Q,314894464,1,1.25512,-1.85004,1.89824
Q,314894464,2,1.26199,-1.86838,1.90692
Q,314894464,3,1.31121,-1.99448,1.83679
L,1,1,0,3,68429,314928690
L,1,0,1,1,92286,314928690
L,3,0,1,1,92382,314928690
L,3,1,1,3,16539,314930062
L,0,0,1,1,92531,314940645
L,2,0,0,0,45302,314950816
L,1,1,1,2,16218,314967394
Q,314994605,0,1.25576,-1.97896,1.95431
Q,314994605,1,1.22454,-1.90164,1.90535
Q,314994605,2,1.24328,-1.86346,1.94128
Q,314994605,3,1.25912,-2.04705,1.87404
L,2,1,0,3,68082,315028593
L,3,1,0,3,68423,315028593
L,0,1,1,3,16909,315074478
Q,315094875,0,1.23589,-1.98541,1.97538
Q,315094875,1,1.21067,-1.89716,1.93199
Q,315094875,2,1.22927,-1.89560,1.94135
Q,315094875,3,1.24722,-2.03669,1.90094
L,0,1,0,3,68729,315128753
L,3,0,0,1,46353,315163973
L,3,0,1,1,92283,315189571
Q,315195024,0,1.22640,-1.98744,1.98641
Q,315195024,1,1.18470,-1.92333,1.94734
Q,315195024,2,1.21259,-1.96619,1.90789
Q,315195024,3,1.22253,-2.06090,1.91931
L,0,0,0,1,46613,315229279
L,0,0,1,1,92482,315229279
L,1,0,0,1,46134,315229279
L,2,0,0,1,46257,315229279
L,1,1,0,3,68660,315235669
L,2,1,1,3,17595,315236728
L,2,0,1,1,92094,315241351
L,1,1,1,3,17447,315245192
L,3,1,1,3,18038,315267145
L,2,1,0,2,68586,315286969
L,3,1,0,2,68910,315294460
Q,315295059,0,1.20709,-1.98166,2.01025
Q,315295059,1,1.17004,-1.95074,1.94104
Q,315295059,2,1.20297,-1.96019,1.92479
Q,315295059,3,1.21308,-2.10406,1.89740
L,0,1,1,3,18820,315371181
L,0,1,0,3,69576,315382242
Q,315395161,0,1.18942,-1.97127,2.03296
Q,315395161,1,1.12892,-2.00198,1.93081
Q,315395161,2,1.17696,-2.03805,1.88115
Q,315395161,3,1.17875,-2.13595,1.89532
L,3,0,0,0,47804,315429121
L,3,0,1,0,92612,315453076
L,1,0,1,1,92528,315472665
L,1,0,0,0,47868,315482711
L,0,0,0,0,48311,315485914
Q,315495333,0,1.15689,-2.01720,2.01900
Q,315495333,1,1.08581,-2.01000,1.95151
Q,315495333,2,1.12912,-2.04385,1.91457
Q,315495333,3,1.15227,-2.09404,1.94232
L,0,0,1,0,92958,315529422
L,1,1,1,2,19632,315529422
L,2,1,1,2,19869,315529422
L,3,1,1,2,19977,315529422
L,1,1,0,2,69815,315533796
L,2,0,0,0,48520,315535207
L,3,1,0,3,70259,315575380
L,2,0,1,0,92817,315584039
Q,315595491,0,1.15689,-2.01720,2.01900
Q,315595491,1,1.07527,-1.99632,1.97179
Q,315595491,2,1.09126,-2.07114,1.91617
Q,315595491,3,1.12424,-2.17098,1.89694
L,0,1,0,3,70994,315644113
Q,315695740,0,1.07227,-2.13461,1.96276
Q,315695740,1,1.02470,-1.99738,1.99433
Q,315695740,2,1.09126,-2.07114,1.91617
Q,315695740,3,1.09186,-2.11366,1.95572
L,0,1,1,3,21380,315729618
L,2,1,0,3,71205,315729618
L,3,0,0,0,50079,315729618
L,1,0,1,1,93787,315790332
Q,315795848,0,1.02216,-2.16253,1.95893
Q,315795848,1,0.93413,-2.04469,1.99060
Q,315795848,2,1.00367,-2.05389,1.96371
Q,315795848,3,1.05665,-2.04869,2.01452
L,0,0,0,0,50240,315829808
L,0,0,1,1,94207,315829808
L,1,1,0,3,72111,315829808
L,1,1,1,3,22000,315829808
L,3,1,0,3,72393,315829808
L,3,1,1,3,22440,315829808
L,2,0,0,0,50588,315853198
L,2,1,1,2,22661,315859257
Q,315895861,0,0.94890,-2.14579,1.98368
Q,315895861,1,0.85656,-2.11955,1.94157
Q,315895861,2,0.90578,-2.14899,1.91330
Q,315895861,3,0.97031,-2.04507,2.02531
L,1,0,0,0,50392,315930306
L,2,0,1,0,94542,315930306
L,3,0,1,0,94665,315930306
L,0,1,0,2,74364,315944248
L,2,1,0,2,74865,315984937
Q,315996040,0,0.93079,-2.10475,2.01162
Q,315996040,1,0.80039,-2.09207,1.95464
Q,315996040,2,0.88128,-2.09273,1.95811
Q,315996040,3,0.97031,-2.04507,2.02531
L,3,0,0,1,50656,316041669
Q,316096293,0,0.86456,-2.06549,2.01664
Q,316096293,1,0.75401,-2.09144,1.93841
Q,316096293,2,0.84313,-1.99775,2.01341
Q,316096293,3,0.83752,-2.11572,1.94721
L,0,0,0,0,50161,316130012
L,0,1,1,2,23529,316130012
L,1,0,1,1,95053,316130012
L,3,1,1,2,23806,316130012
L,2,1,1,3,24077,316157366
L,1,0,0,1,50247,316181862
Q,316196362,0,0.86456,-2.06549,2.01664
Q,316196362,1,0.69331,-2.04582,1.92354
Q,316196362,2,0.68594,-2.06022,1.91753
Q,316196362,3,0.73813,-2.14098,1.89062
L,2,0,0,1,50250,316232542
L,3,1,0,2,78075,316239130
L,2,1,0,2,78151,316244713
L,1,1,0,2,77675,316252678
L,0,0,1,0,95514,316258286
L,0,1,0,2,78065,316282644
Q,316296649,0,0.84753,-1.97766,2.04317
Q,316296649,1,0.61121,-2.04864,1.87427
Q,316296649,2,0.65335,-2.07298,1.89454
Q,316296649,3,0.70708,-2.15331,1.87035
L,1,1,1,3,23480,316331449
L,3,0,1,0,95865,316331449
Q,316396673,0,0.77929,-1.97083,1.99001
Q,316396673,1,0.55426,-1.95880,1.84203
Q,316396673,2,0.58640,-2.02267,1.86187
Q,316396673,3,0.62240,-2.07301,1.81186
L,0,0,0,1,49002,316430659
L,1,0,1,0,95840,316430659
L,2,0,1,0,96117,316430659
L,2,1,1,2,23027,316430659
L,3,1,1,2,22642,316430659
L,1,0,0,1,49275,316439318
L,3,0,0,1,49118,316442711
Q,316496816,0,0.72514,-1.95412,1.93840
Q,316496816,1,0.52127,-1.89210,1.81570
Q,316496816,2,0.55833,-1.95341,1.84022
Q,316496816,3,0.60568,-2.04690,1.78387
L,1,1,0,3,79805,316531083
L,2,0,0,0,48846,316531083
L,3,1,0,3,80121,316531083
L,3,0,1,0,96385,316591906
Q,316596851,0,0.67540,-1.92235,1.89476
Q,316596851,1,0.52127,-1.89210,1.81570
Q,316596851,2,0.51537,-1.84023,1.80983
Q,316596851,3,0.57030,-1.93307,1.79009
L,0,1,0,2,80200,316630710
L,0,1,1,2,21393,316630710
L,1,1,1,2,21753,316630710
L,2,1,0,2,81014,316665839
L,3,1,1,2,20850,316684418
L,1,0,1,0,96321,316687613
Q,316696895,0,0.64479,-1.87449,1.86274
Q,316696895,1,0.48371,-1.76354,1.78825
Q,316696895,2,0.49551,-1.78986,1.79272
Q,316696895,3,0.56868,-1.89605,1.80480
L,2,1,1,3,20876,316734705
L,1,0,0,1,47783,316758732
L,2,0,0,0,47569,316792360
Q,316796935,0,0.61988,-1.85688,1.84244
Q,316796935,1,0.47563,-1.74569,1.74529
Q,316796935,2,0.47716,-1.70461,1.78028
Q,316796935,3,0.55128,-1.82689,1.71505
L,1,1,0,2,80962,316830671
L,3,0,0,0,47288,316830671
L,3,1,0,2,80951,316834072
L,1,1,1,2,20580,316881800
L,0,0,0,0,47071,316885021
Q,316897105,0,0.62383,-1.80295,1.81486
Q,316897105,1,0.46725,-1.66363,1.72445
Q,316897105,2,0.46848,-1.62429,1.74960
Q,316897105,3,0.56551,-1.74541,1.75902
L,0,1,1,2,20107,316930709
L,2,1,0,3,81631,316930709
L,3,1,1,2,19751,316941895
L,0,1,0,2,80984,316942952
L,1,0,1,1,96431,316971823
L,0,0,1,1,96259,316977486
Q,316997420,0,0.58622,-1.75967,1.78271
Q,316997420,1,0.46436,-1.62391,1.69524
Q,316997420,2,0.46516,-1.59130,1.73536
Q,316997420,3,0.55795,-1.75202,1.72151
L,2,1,1,3,19799,317031478
L,1,0,0,0,46927,317062456
L,2,0,0,1,46700,317091889
L,3,1,0,3,81855,317093378
Q,317097544,0,0.56427,-1.70518,1.74389
Q,317097544,1,0.45694,-1.54987,1.67446
Q,317097544,2,0.46101,-1.58259,1.70979
Q,317097544,3,0.56756,-1.67160,1.72438
L,3,0,0,1,46429,317131129
L,0,0,0,0,46516,317145264
L,1,1,1,3,19565,317181095
L,0,1,0,2,82265,317197725
Q,317197725,0,0.55467,-1.66306,1.72522
Q,317197725,1,0.45556,-1.47639,1.68078
Q,317197725,2,0.46078,-1.47396,1.69615
Q,317197725,3,0.57548,-1.58076,1.73786
L,0,1,1,2,19061,317231982
L,1,1,0,2,82875,317231982
L,2,1,0,2,83079,317231982
L,3,1,1,2,18697,317231982
L,2,1,1,3,18493,317295552
Q,317297761,0,0.54461,-1.62014,1.70568
Q,317297761,1,0.45658,-1.40646,1.69096
Q,317297761,2,0.46469,-1.42577,1.71518
Q,317297761,3,0.57385,-1.55236,1.72135
L,1,0,0,1,46335,317340323
L,3,1,0,2,83014,317354670
L,2,0,0,1,46061,317370489
Q,317398097,0,0.53228,-1.58586,1.70043
Q,317398097,1,0.45045,-1.36305,1.66928
Q,317398097,2,0.47205,-1.38147,1.73731
Q,317398097,3,0.57666,-1.50594,1.71392
L,3,0,0,0,45847,317431836
L,0,0,0,0,45802,317493571
Q,317498408,0,0.51949,-1.50909,1.68245
Q,317498408,1,0.44557,-1.32321,1.65085
Q,317498408,2,0.47663,-1.35855,1.74994
Q,317498408,3,0.59920,-1.42175,1.77463
L,3,1,1,3,17451,317543753
Q,317598597,0,0.51927,-1.49556,1.68553
Q,317598597,1,0.44550,-1.30219,1.63897
Q,317598597,2,0.46663,-1.31891,1.69023
Q,317598597,3,0.60400,-1.40563,1.78682
L,0,1,1,3,17637,317632430
L,1,0,0,0,45543,317632430
L,2,1,1,3,17148,317632430
L,3,1,0,3,83454,317632430
L,2,1,0,3,84031,317644213
Q,317698679,0,0.52109,-1.43495,1.67542
Q,317698679,1,0.44754,-1.27871,1.62974
Q,317698679,2,0.46929,-1.28581,1.66010
Q,317698679,3,0.61413,-1.37417,1.81118
L,0,1,0,3,83750,317732655
L,2,0,0,0,44944,317732655
L,3,0,0,0,44860,317732655
L,1,1,1,3,17188,317763146
L,1,1,0,3,84439,317772302
Q,317798749,0,0.52348,-1.38844,1.64872
Q,317798749,1,0.45811,-1.22078,1.60776
Q,317798749,2,0.47920,-1.21448,1.62561
Q,317798749,3,0.62468,-1.34264,1.83608
L,3,1,1,2,16254,317863341
L,0,0,0,1,44620,317865696
L,0,1,1,2,16552,317887112
L,3,1,0,3,84519,317891121
Q,317898838,0,0.52348,-1.38844,1.64872
Q,317898838,1,0.47084,-1.17178,1.63674
Q,317898838,2,0.48622,-1.18674,1.64178
L,2,1,0,2,85197,317932066
L,2,1,1,2,15566,317974458
L,3,0,0,0,44004,317998475
Q,317999102,0,0.52377,-1.36863,1.61044
Q,317999102,1,0.46693,-1.12605,1.58027
Q,317999102,2,0.49462,-1.15126,1.66330
L,1,1,0,2,86263,318032272
L,1,1,1,3,15949,318032272
L,1,0,0,0,44238,318039031
L,2,0,0,1,43924,318070874
Q,318099293,0,0.52232,-1.30896,1.59021
Q,318099293,1,0.46693,-1.12605,1.58027
Q,318099293,2,0.49010,-1.10065,1.63117
L,0,0,0,1,44011,318148214
Q,318199295,0,0.51017,-1.23064,1.59561
Q,318199295,1,0.45505,-1.05408,1.54654
Q,318199295,2,0.47460,-1.02724,1.57685
Q,318199295,3,0.64355,-1.17187,1.87619
L,3,1,0,2,89367,318276061
L,1,1,0,3,90172,318297707
Q,318299302,0,0.48859,-1.13430,1.57138
Q,318299302,1,0.44488,-0.99846,1.54596
Q,318299302,2,0.47371,-0.91952,1.63016
Q,318299302,3,0.58341,-1.17324,1.69749
L,3,0,0,1,43764,318332967
L,2,0,0,0,43916,318349850
L,1,0,0,0,44148,318362635
Q,318399612,0,0.43988,-1.04357,1.54203
Q,318399612,1,0.43039,-0.92030,1.56937
Q,318399612,2,0.42818,-0.81615,1.60244
Q,318399612,3,0.60006,-1.07068,1.78161
Q,318499725,0,0.38388,-0.94045,1.52080
Q,318499725,1,0.40067,-0.85389,1.56697
Q,318499725,2,0.42080,-0.79514,1.61189
Q,318499725,3,0.61412,-0.98739,1.85875
L,3,0,0,1,43875,318588103
Q,318599992,0,0.34600,-0.88305,1.50549
Q,318599992,1,0.32948,-0.73090,1.55266
Q,318599992,2,0.41129,-0.76198,1.63163
Q,318599992,3,0.54310,-0.89252,1.78059
L,2,0,0,0,43919,318635621
L,1,0,0,0,44148,318651059
Q,318700026,0,0.32201,-0.82751,1.50260
Q,318700026,1,0.30151,-0.67846,1.54594
Q,318700026,2,0.37498,-0.69264,1.62234
Q,318700026,3,0.55767,-0.82758,1.85002
Q,318800150,0,0.30023,-0.72107,1.52487
Q,318800150,1,0.27031,-0.58112,1.55252
Q,318800150,2,0.34517,-0.66510,1.58718
Q,318800150,3,0.54822,-0.73662,1.87825
Q,318900349,0,0.30217,-0.68548,1.53390
Q,318900349,1,0.27168,-0.53230,1.56915
Q,318900349,2,0.33265,-0.60521,1.58340
Q,318900349,3,0.57447,-0.68458,1.94389
L,0,0,0,0,43454,318934138
L,2,0,0,0,43110,318955652
Q,319000506,0,0.30333,-0.63406,1.53752
Q,319000506,1,0.27256,-0.50484,1.57130
Q,319000506,2,0.29030,-0.54337,1.52255
Q,319000506,3,0.54820,-0.66014,1.89161
L,3,0,0,1,42844,319070088
Q,319100741,0,0.31336,-0.59787,1.54773
Q,319100741,1,0.26636,-0.44702,1.54597
Q,319100741,2,0.31530,-0.46361,1.56717
Q,319100741,3,0.57454,-0.62051,1.94397
Q,319200824,0,0.31501,-0.55790,1.54021
Q,319200824,1,0.27706,-0.40038,1.55310
Q,319200824,2,0.30882,-0.41922,1.54784
Q,319200824,3,0.58570,-0.60442,1.96542
L,2,0,0,0,42237,319235345
Q,319301110,0,0.31910,-0.52105,1.52815
Q,319301110,1,0.28974,-0.34123,1.54904
Q,319301110,2,0.31008,-0.37430,1.53578
Q,319301110,3,0.48538,-0.55161,1.73417
L,3,0,0,0,41914,319335565
L,1,0,0,0,41970,319386984
Q,319401274,0,0.32991,-0.47417,1.53044
Q,319401274,1,0.30594,-0.29602,1.55730
Q,319401274,2,0.35337,-0.30189,1.59376
Q,319401274,3,0.48865,-0.49130,1.71836
L,0,0,0,0,41578,319486927
Q,319501386,0,0.36502,-0.40464,1.55943
Q,319501386,1,0.33323,-0.25280,1.58872
Q,319501386,2,0.36803,-0.26231,1.60418
Q,319501386,3,0.52984,-0.41774,1.77736
L,2,0,0,0,41168,319535174
Q,319601730,0,0.39017,-0.36631,1.58522
Q,319601730,1,0.33841,-0.22872,1.59185
Q,319601730,2,0.37378,-0.23621,1.60357
Q,319601730,3,0.55316,-0.36847,1.80803
Q,319701822,0,0.39536,-0.32059,1.60535
Q,319701822,1,0.33121,-0.17225,1.59213
Q,319701822,2,0.36575,-0.17653,1.59898
Q,319701822,3,0.53368,-0.33660,1.76900
L,0,0,0,0,40995,319760688
L,1,0,0,0,41131,319762891
L,3,0,0,0,40706,319783205
Q,319802150,0,0.39927,-0.26624,1.62636
Q,319802150,1,0.33798,-0.14943,1.60716
Q,319802150,2,0.35879,-0.12217,1.61777
Q,319802150,3,0.51998,-0.28338,1.75449
L,2,0,0,0,40839,319836369
Q,319902339,0,0.39449,-0.21671,1.65319
Q,319902339,1,0.33777,-0.09484,1.63729
Q,319902339,2,0.35203,-0.05706,1.65804
Q,319902339,3,0.49432,-0.23783,1.73956
Q,320002524,0,0.39418,-0.17654,1.67693
Q,320002524,1,0.32256,-0.05720,1.64884
Q,320002524,2,0.34848,-0.00506,1.67930
Q,320002524,3,0.46630,-0.18490,1.72549
L,0,0,0,0,40279,320037378
L,1,0,0,0,40575,320037378
L,3,0,0,0,40144,320037378
Q,320102578,0,0.40521,-0.13529,1.67830
Q,320102578,1,0.32547,-0.01105,1.64827
Q,320102578,2,0.35953,0.06265,1.68404
Q,320102578,3,0.49488,-0.11057,1.77355
L,2,0,0,0,39237,320150347
Q,320202710,0,0.42311,-0.10797,1.65608
Q,320202710,1,0.32670,0.02436,1.60701
Q,320202710,2,0.38793,0.11095,1.69320
Q,320202710,3,0.49910,-0.06196,1.72320
L,3,0,0,0,37746,320290649
Q,320302896,0,0.44884,-0.08892,1.60774
Q,320302896,1,0.33705,0.05257,1.53734
Q,320302896,2,0.40337,0.15824,1.57177
Q,320302896,3,0.50853,-0.03918,1.63405
L,0,0,0,0,37498,320337335
L,1,0,0,1,38041,320337335
L,1,0,1,0,103301,320337335
Q,320403013,1,0.35747,0.08212,1.42424
Q,320403013,2,0.42496,0.19165,1.44907
Q,320403013,3,0.53282,-0.02221,1.52490
L,2,0,0,1,35974,320471584
Q,320503257,0,0.60224,-0.03009,1.55942
Q,320503257,1,0.39092,0.10729,1.24700
Q,320503257,2,0.57707,0.25408,1.41068
Q,320503257,3,0.63780,0.00147,1.47620
L,3,0,0,0,35153,320583068
Q,320603293,0,0.65984,-0.02624,1.40902
Q,320603293,1,0.57567,0.16619,1.35454
Q,320603293,2,0.70862,0.25407,1.45581
Q,320603293,3,0.76564,0.02432,1.53350
L,1,0,0,1,35231,320637845
Q,320703592,0,0.85852,0.02639,1.45497
Q,320703592,1,0.84697,0.23381,1.49377
Q,320703592,2,0.87269,0.26588,1.48521
Q,320703592,3,0.90250,0.04101,1.55155
L,0,0,0,1,33730,320743696
L,2,0,0,1,32782,320789725
Q,320803851,0,1.01793,0.06769,1.54058
Q,320803851,1,0.96782,0.26732,1.56498
Q,320803851,2,0.99221,0.27395,1.60019
Q,320803851,3,1.06103,0.07240,1.61955
L,3,0,0,1,32949,320837879
Q,320904007,0,1.14954,0.12388,1.55173
Q,320904007,1,1.09929,0.33153,1.53261
Q,320904007,2,1.11906,0.32500,1.59153
Q,320904007,3,1.17675,0.11980,1.63612
Q,321004160,0,1.23819,0.18446,1.54392
Q,321004160,1,1.18905,0.39420,1.49631
Q,321004160,2,1.22414,0.38996,1.58315
Q,321004160,3,1.26863,0.18551,1.56126
Q,321104198,0,1.31551,0.25731,1.54215
Q,321104198,1,1.28011,0.47604,1.50904
Q,321104198,2,1.31549,0.47989,1.53031
Q,321104198,3,1.35191,0.26277,1.57439
Q,321204228,0,1.37289,0.33538,1.53289
Q,321204228,1,1.33353,0.55157,1.47525
Q,321204228,2,1.37117,0.56148,1.51241
Q,321204228,3,1.41231,0.34463,1.57214
Q,321304255,0,1.42098,0.42332,1.51528
Q,321304255,1,1.37771,0.63477,1.43979
Q,321304255,2,1.42017,0.65736,1.48225
Q,321304255,3,1.44963,0.41622,1.58405
Q,321404280,0,1.45786,0.49267,1.49674
Q,321404280,1,1.41999,0.72621,1.43409
Q,321404280,2,1.44926,0.72089,1.44958
Q,321404280,3,1.48056,0.48376,1.57255
Q,321504554,0,1.47794,0.53782,1.49005
Q,321504554,1,1.45369,0.80781,1.38308
Q,321504554,2,1.47945,0.79572,1.41025
Q,321504554,3,1.50171,0.54298,1.57816
Q,321604555,0,1.49038,0.56856,1.49160
Q,321604555,1,1.46684,0.85659,1.35899
Q,321604555,2,1.42461,0.78086,1.48247
Q,321604555,3,1.54631,0.67209,1.50523
Q,321704567,0,1.50099,0.60575,1.50700
Q,321704567,1,1.47482,0.89380,1.34788
Q,321704567,2,1.48421,0.75988,1.41547
Q,321704567,3,1.56340,0.74265,1.43885
Q,321804706,0,1.50732,0.63294,1.52615
Q,321804706,1,1.47853,0.93061,1.34775
Q,321804706,2,1.50749,0.77052,1.38423
Q,321804706,3,1.57344,0.79317,1.39849
Q,321904987,0,1.50843,0.64005,1.53299
Q,321904987,1,1.48088,0.95633,1.35137
Q,321904987,2,1.53657,0.81136,1.33585
Q,321904987,3,1.57782,0.84196,1.36964
Q,322005073,3,1.57978,0.88123,1.35207
Q,323305186,0,1.49677,0.82035,1.59853
Q,323305186,3,1.54680,1.13125,1.31499
Q,323405258,0,1.49443,0.90361,1.51734
Q,323405258,3,1.53856,1.15991,1.31434
Q,323505267,0,1.48715,1.02783,1.40859
Q,323505267,1,1.62222,1.10912,1.73925
Q,323505267,3,1.53834,1.15867,1.31524
Q,323605374,0,1.48627,1.02719,1.40974
Q,323605374,1,1.58920,1.14431,1.64793
Q,323605374,3,1.53789,1.15698,1.31662
Q,323705382,0,1.47898,1.10873,1.34762
Q,323705382,1,1.58889,1.14420,1.64828
Q,323705382,3,1.53765,1.15622,1.31727
Q,323805508,0,1.47170,1.15998,1.31400
Q,323805508,1,1.56064,1.17190,1.57377
Q,323805508,3,1.52480,1.19640,1.31898
Q,323905616,0,1.46938,1.15765,1.31705
Q,323905616,1,1.51837,1.21212,1.46261
Q,323905616,3,1.52228,1.19046,1.32502
Q,324005743,0,1.46473,1.19160,1.29530
Q,324005743,1,1.48941,1.23726,1.39028
Q,324005743,3,1.51601,1.20106,1.33007
Q,324105976,0,1.46094,1.22140,1.27740
Q,324105976,1,1.61222,1.32594,1.17428
Q,324105976,3,1.51144,1.21048,1.33365
Q,324206010,0,1.45925,1.23231,1.27144
Q,324206010,1,1.56808,1.26999,1.23704
Q,324206010,3,1.51131,1.21007,1.33404
Q,324306014,0,1.45798,1.23927,1.26789
Q,324306014,1,1.54954,1.26524,1.26281
Q,324306014,3,1.50812,1.21845,1.33632
Q,324406107,0,1.45759,1.24174,1.26657
Q,324406107,1,1.53490,1.26139,1.28341
Q,324406107,3,1.50540,1.22481,1.33874
Q,324506278,0,1.45749,1.24157,1.26670
Q,324506278,1,1.52326,1.31243,1.25059
Q,324506278,3,1.50540,1.22481,1.33874
