A,0,0,31.10,-2.71
ANG S0 | BS0 h= +31.10 v=  -2.71 deg
A,0,1,-20.95,-4.16
ANG S0 | BS1 h= -20.95 v=  -4.16 deg
A,1,0,30.75,-1.93
ANG S1 | BS0 h= +30.75 v=  -1.93 deg
A,1,1,-21.00,-3.45
ANG S1 | BS1 h= -21.00 v=  -3.45 deg
A,2,0,30.22,-2.23
ANG S2 | BS0 h= +30.22 v=  -2.23 deg
A,2,1,-21.74,-3.54
ANG S2 | BS1 h= -21.74 v=  -3.54 deg
A,3,0,30.43,-2.82
ANG S3 | BS0 h= +30.43 v=  -2.82 deg
A,3,1,-21.71,-4.26
ANG S3 | BS1 h= -21.71 v=  -4.26 deg
C_RAW,1.3612,-1.7399,1.3974
C,1.3612,-1.7399,1.0384
O,0,0,9,48819,55244332
O,0,1,20,32755,55253831
O,0,0,9,85951,55270250
O,0,1,20,67253,55278725
O,1,0,9,85970,55211066
O,1,1,21,67364,55221308
O,1,0,8,48620,55224570
O,1,1,20,32624,55234663
O,2,0,9,48455,55264000
O,2,1,20,32409,55272918
O,2,0,9,85736,55250485
O,2,1,20,67112,55259557
O,3,0,8,85718,55230753
O,3,1,21,67004,55221248
O,3,1,21,32540,55215504
O,2,1,20,67112,55278702
O,3,1,20,67003,55240393
O,0,0,9,48820,55283790
O,1,0,9,48616,55244299
O,2,0,9,85737,55289948
O,3,0,9,85716,55250482
O,0,1,21,32756,55292121
O,1,1,20,32623,55253809
O,2,1,21,67114,55297847
O,3,1,20,32537,55253795
O,0,0,9,48821,55303518
O,1,1,20,67361,55259598
O,2,0,9,48456,55303459
O,3,0,9,48657,55264034
O,0,1,20,32756,55311266
O,1,0,9,85967,55270252
O,2,1,20,32411,55311210
O,3,1,20,32539,55272940
O,0,1,20,67255,55317016
O,1,1,20,32624,55272954
O,2,0,8,48456,55323188
O,3,1,20,67002,55278685
O,0,0,8,48820,55323247
O,2,1,20,32409,55330355
O,3,0,9,85717,55289940
O,0,1,20,32756,55330412
O,1,1,21,32624,55292099
O,2,1,20,67114,55336138
O,3,1,21,32539,55292085
O,0,0,8,48821,55342976
O,1,1,21,67363,55297888
Q,55349325,0,1.38220,-1.72652,1.39790
Q,55349325,1,1.37377,-1.75997,1.39803
Q,55349325,2,1.34077,-1.75188,1.39785
Q,55349325,3,1.34694,-1.72324,1.39457
A,0,0,31.09,-2.70
ANG S0 | BS0 h= +31.09 v=  -2.70 deg
A,0,1,-20.95,-4.16
ANG S0 | BS1 h= -20.95 v=  -4.16 deg
A,1,0,30.75,-1.93
ANG S1 | BS0 h= +30.75 v=  -1.93 deg
A,1,1,-21.00,-3.45
ANG S1 | BS1 h= -21.00 v=  -3.45 deg
A,2,0,30.19,-2.19
ANG S2 | BS0 h= +30.19 v=  -2.19 deg
A,2,1,-21.75,-3.54
ANG S2 | BS1 h= -21.75 v=  -3.54 deg
A,3,0,30.43,-2.82
ANG S3 | BS0 h= +30.43 v=  -2.82 deg
A,3,1,-21.71,-4.26
ANG S3 | BS1 h= -21.71 v=  -4.26 deg
C_RAW,1.3609,-1.7404,1.3971
C,1.3609,-1.7404,1.0380
O,0,0,8,48822,55362705
O,0,1,20,32755,55349557
O,0,0,8,85954,55368894
O,0,1,20,67255,55374452
O,1,0,9,85970,55309710
O,1,1,20,67363,55317034
O,1,1,20,32624,55330390
O,2,0,8,48458,55362645
O,2,0,8,85738,55368858
O,2,1,20,67114,55374428
O,3,0,8,85717,55329398
O,3,1,20,67004,55316975
O,3,1,20,32539,55330375
O,1,1,20,67363,55336179
O,2,0,8,48457,55382376
O,3,1,20,67003,55336121
O,0,0,8,85953,55388623
O,1,0,8,85971,55349168
O,2,0,8,85738,55388588
O,3,1,20,32539,55349521
O,0,1,20,67255,55393597
O,1,1,20,32624,55349535
O,3,1,20,67003,55355267
O,0,0,8,48822,55402163
O,1,1,20,67362,55355325
O,2,1,21,32409,55406937
O,3,1,20,32540,55368666
O,0,0,8,85954,55408352
O,1,0,8,85971,55368897
O,2,1,21,67116,55412720
O,3,0,8,85719,55368855
O,0,1,21,67256,55412743
O,1,1,20,67363,55374470
O,2,0,9,48456,55421833
O,3,1,20,67004,55374410
O,0,1,21,32758,55426139
O,1,1,20,32626,55387826
O,2,0,9,85737,55428052
O,3,0,8,85718,55388585
O,0,1,21,67256,55431893
O,1,0,8,85971,55388626
O,2,1,21,67116,55431865
O,3,1,20,67005,55393557
O,0,0,9,48819,55441621
O,1,0,8,48620,55402130
Q,55449521,0,1.38178,-1.72766,1.39726
Q,55449521,1,1.37380,-1.75994,1.39807
Q,55449521,2,1.34025,-1.75306,1.39715
Q,55449521,3,1.34696,-1.72325,1.39454
A,0,0,31.07,-2.66
ANG S0 | BS0 h= +31.07 v=  -2.66 deg
A,0,1,-20.95,-4.16
ANG S0 | BS1 h= -20.95 v=  -4.16 deg
A,1,0,30.75,-1.93
ANG S1 | BS0 h= +30.75 v=  -1.93 deg
A,1,1,-21.00,-3.45
ANG S1 | BS1 h= -21.00 v=  -3.45 deg
A,2,0,30.17,-2.15
ANG S2 | BS0 h= +30.17 v=  -2.15 deg
A,2,1,-21.75,-3.54
ANG S2 | BS1 h= -21.75 v=  -3.54 deg
A,3,0,30.43,-2.82
ANG S3 | BS0 h= +30.43 v=  -2.82 deg
A,3,1,-21.71,-4.26
ANG S3 | BS1 h= -21.71 v=  -4.26 deg
C_RAW,1.3607,-1.7410,1.3968
C,1.3607,-1.7410,1.0376
O,0,0,8,85954,55408352
O,0,1,21,32756,55464430
O,0,1,21,67253,55470179
O,1,0,9,85969,55428090
O,1,1,21,67364,55412761
O,1,1,21,32626,55426117
O,2,0,9,48456,55461288
O,2,0,9,85737,55467502
O,2,1,21,67113,55470156
O,3,0,9,85717,55428045
O,3,1,21,67005,55431852
O,3,0,9,48657,55421865
O,3,1,21,32539,55406957
O,0,0,8,48821,55481078
O,1,0,9,48617,55441587
O,2,1,21,32408,55483519
O,3,1,20,32538,55445248
O,0,1,21,67253,55489325
O,1,0,9,85967,55447812
O,3,0,9,85716,55447771
O,0,0,9,85950,55447809
O,2,1,20,32410,55502663
O,3,0,9,48658,55461322
O,0,0,8,85953,55506995
O,1,0,9,85969,55467540
O,2,1,20,67114,55508447
O,3,0,9,85717,55467498
O,0,1,20,67254,55508471
O,2,0,9,85737,55467502
O,3,1,21,67003,55470137
O,0,1,21,32757,55521866
O,1,0,8,48619,55481044
O,2,1,21,32410,55521810
O,3,0,8,85717,55487230
O,0,1,21,67254,55527615
O,1,0,8,85970,55487269
O,2,1,21,67114,55527592
O,3,1,21,67002,55489284
O,0,0,8,85953,55487266
O,1,1,21,67362,55489345
O,2,1,21,32409,55540953
O,3,0,8,48658,55500779
O,0,1,21,32756,55541011
Q,55549871,0,1.38178,-1.72765,1.39727
Q,55549871,1,1.37381,-1.75998,1.39801
Q,55549871,2,1.34012,-1.75331,1.39698
Q,55549871,3,1.34695,-1.72324,1.39452
A,0,0,31.07,-2.66
ANG S0 | BS0 h= +31.07 v=  -2.66 deg
A,0,1,-20.95,-4.16
ANG S0 | BS1 h= -20.95 v=  -4.16 deg
A,1,0,30.75,-1.93
ANG S1 | BS0 h= +30.75 v=  -1.93 deg
A,1,1,-21.00,-3.45
ANG S1 | BS1 h= -21.00 v=  -3.45 deg
A,2,0,30.16,-2.15
ANG S2 | BS0 h= +30.16 v=  -2.15 deg
A,2,1,-21.75,-3.54
ANG S2 | BS1 h= -21.75 v=  -3.54 deg
A,3,0,30.43,-2.82
ANG S3 | BS0 h= +30.43 v=  -2.82 deg
A,3,1,-21.71,-4.26
ANG S3 | BS1 h= -21.71 v=  -4.26 deg
C_RAW,1.3607,-1.7410,1.3967
C,1.3607,-1.7410,1.0375
O,0,0,8,85952,55526724
O,0,1,20,32755,55560157
O,0,1,21,67256,55546761
O,1,0,8,85970,55526728
O,1,1,21,67364,55527633
O,1,0,8,48619,55520501
O,2,0,8,48457,55579661
O,2,1,20,32408,55560099
O,2,0,8,85737,55566145
O,2,1,21,67116,55546738
O,3,0,8,85717,55526686
O,3,1,21,67004,55527575
O,3,0,9,48657,55540237
O,0,0,8,48821,55579721
O,1,0,9,85969,55546458
O,2,0,8,85738,55585875
O,3,0,9,85718,55546418
O,0,0,8,85953,55585910
O,1,1,21,67364,55546779
O,2,0,9,85737,55546425
O,3,0,8,48657,55559965
O,0,0,8,48821,55599450
O,1,1,20,32624,55560135
O,2,0,8,85738,55605608
O,3,1,20,67002,55565865
O,0,0,8,85953,55605639
O,1,1,20,67361,55565924
O,2,1,20,67113,55565883
O,3,0,8,85717,55566142
O,0,1,21,32756,55617593
O,1,1,20,32626,55579280
O,2,0,8,48457,55619119
O,3,0,8,48658,55579694
O,0,0,8,85954,55625368
O,1,1,20,67364,55585070
O,2,0,8,85738,55625334
O,3,1,20,67005,55585013
O,0,1,20,67255,55585053
O,1,0,8,85971,55585913
O,2,0,9,48457,55638848
O,3,1,20,32539,55598411
O,0,1,20,67255,55642488
O,1,1,20,67363,55604215
O,2,0,9,85740,55645066
Q,55649917,0,1.38160,-1.72809,1.39703
Q,55649917,1,1.37380,-1.75994,1.39803
Q,55649917,2,1.33993,-1.75382,1.39672
Q,55649917,3,1.34697,-1.72327,1.39451
A,0,0,31.06,-2.65
ANG S0 | BS0 h= +31.06 v=  -2.65 deg
A,0,1,-20.95,-4.16
ANG S0 | BS1 h= -20.95 v=  -4.16 deg
A,1,0,30.75,-1.93
ANG S1 | BS0 h= +30.75 v=  -1.93 deg
A,1,1,-21.00,-3.45
ANG S1 | BS1 h= -21.00 v=  -3.45 deg
A,2,0,30.15,-2.13
ANG S2 | BS0 h= +30.15 v=  -2.13 deg
A,2,1,-21.75,-3.54
ANG S2 | BS1 h= -21.75 v=  -3.54 deg
A,3,0,30.43,-2.82
ANG S3 | BS0 h= +30.43 v=  -2.82 deg
A,3,1,-21.71,-4.26
ANG S3 | BS1 h= -21.71 v=  -4.26 deg
C_RAW,1.3606,-1.7413,1.3966
C,1.3606,-1.7413,1.0373
O,0,0,9,48819,55658637
O,0,1,21,67256,55680779
O,0,0,9,85951,55664825
O,1,0,8,85972,55625371
O,1,0,8,48620,55619145
O,2,0,9,48455,55678305
O,2,1,20,32411,55655828
O,2,0,9,85735,55664789
O,3,0,8,85719,55625330
O,3,1,21,67004,55623302
O,3,1,20,32539,55636702
O,1,0,9,48620,55638874
O,2,0,9,85736,55684529
O,3,1,20,67004,55642447
O,0,0,9,85951,55684555
O,1,1,20,67363,55642506
O,2,1,20,32409,55694118
O,3,0,9,85720,55645059
O,0,0,8,48818,55698094
O,1,0,9,48616,55658603
O,2,1,20,67114,55699901
O,3,1,20,67004,55661591
O,0,0,8,85950,55704284
O,1,1,20,67363,55661651
O,2,0,8,85734,55704253
O,3,0,9,85716,55664786
O,0,1,20,32755,55713320
O,1,1,21,32625,55675007
O,2,1,20,67113,55719046
O,3,0,9,48657,55678338
O,0,0,8,85952,55724010
O,1,1,21,67364,55680797
O,2,0,8,85736,55723980
O,3,1,21,67005,55680737
O,0,1,21,32756,55732465
O,1,0,9,85968,55684559
O,2,1,21,32409,55732409
O,3,0,8,48654,55698066
O,0,1,21,67254,55738215
O,1,0,8,48617,55698060
O,2,0,8,85738,55743708
O,3,1,20,67004,55699884
Q,55749985,0,1.38144,-1.72841,1.39681
Q,55749985,1,1.37380,-1.75997,1.39803
Q,55749985,2,1.33987,-1.75391,1.39671
Q,55749985,3,1.34696,-1.72327,1.39448
A,0,0,31.06,-2.64
ANG S0 | BS0 h= +31.06 v=  -2.64 deg
A,0,1,-20.95,-4.16
ANG S0 | BS1 h= -20.95 v=  -4.16 deg
A,1,0,30.75,-1.92
ANG S1 | BS0 h= +30.75 v=  -1.92 deg
A,1,1,-21.00,-3.45
ANG S1 | BS1 h= -21.00 v=  -3.45 deg
A,2,0,30.15,-2.13
ANG S2 | BS0 h= +30.15 v=  -2.13 deg
A,2,1,-21.75,-3.54
ANG S2 | BS1 h= -21.75 v=  -3.54 deg
A,3,0,30.43,-2.82
ANG S3 | BS0 h= +30.43 v=  -2.82 deg
A,3,1,-21.71,-4.26
ANG S3 | BS1 h= -21.71 v=  -4.26 deg
C_RAW,1.3605,-1.7414,1.3965
C,1.3605,-1.7414,1.0372
O,0,0,9,48821,55777008
O,0,1,20,32755,55770755
O,0,0,9,85951,55763468
O,0,1,21,67254,55757360
O,1,0,8,85970,55724013
O,1,1,20,67361,55719087
O,1,0,8,48620,55737517
O,2,1,20,32409,55770698
O,2,0,9,85737,55763432
O,2,1,21,67113,55757336
O,3,0,8,85717,55723973
O,3,1,20,67002,55719029
O,3,0,8,48658,55737523
O,2,0,9,85738,55783168
O,3,1,21,67003,55738173
O,0,0,9,85953,55783198
O,1,0,8,85971,55743744
O,2,1,21,32409,55789845
O,3,0,8,85718,55743701
O,0,1,21,67255,55795652
O,1,0,9,48618,55757246
O,2,0,8,48458,55796677
O,3,0,9,48657,55757252
O,0,0,8,85955,55802926
O,1,1,21,67362,55757378
O,2,0,8,85739,55802895
O,3,0,9,85717,55763429
O,0,1,21,32755,55809046
O,1,0,9,85968,55763471
O,2,1,21,67114,55814773
O,3,1,20,67003,55776463
O,0,0,8,48821,55816466
O,2,0,8,85738,55822624
O,3,0,9,48658,55776981
O,0,1,20,32757,55828192
O,1,0,9,85970,55783203
O,2,1,20,32411,55828137
O,3,1,21,32539,55789865
O,0,0,9,48822,55836195
O,1,1,21,67363,55795672
O,2,0,9,48457,55836135
O,3,0,8,48658,55796710
O,0,0,9,85953,55842383
O,1,0,8,48621,55796703
Q,55850095,0,1.38136,-1.72859,1.39677
Q,55850095,1,1.37382,-1.75993,1.39807
Q,55850095,2,1.33981,-1.75402,1.39665
Q,55850095,3,1.34694,-1.72330,1.39449
A,0,0,31.05,-2.63
ANG S0 | BS0 h= +31.05 v=  -2.63 deg
A,0,1,-20.95,-4.16
ANG S0 | BS1 h= -20.95 v=  -4.16 deg
A,1,0,30.75,-1.93
ANG S1 | BS0 h= +30.75 v=  -1.93 deg
A,1,1,-21.00,-3.45
ANG S1 | BS1 h= -21.00 v=  -3.45 deg
A,2,0,30.15,-2.12
ANG S2 | BS0 h= +30.15 v=  -2.12 deg
A,2,1,-21.75,-3.54
ANG S2 | BS1 h= -21.75 v=  -3.54 deg
A,3,0,30.43,-2.82
ANG S3 | BS0 h= +30.43 v=  -2.82 deg
A,3,1,-21.71,-4.26
ANG S3 | BS1 h= -21.71 v=  -4.26 deg
C_RAW,1.3605,-1.7415,1.3965
C,1.3605,-1.7415,1.0372
O,0,0,8,48822,55855924
O,0,1,20,32756,55866483
O,0,1,20,67255,55872232
O,1,0,8,85971,55822657
O,1,1,20,67365,55833959
O,1,0,8,48620,55816432
O,1,1,21,32624,55809024
O,2,0,9,48457,55875592
O,2,1,20,32410,55866425
O,2,0,8,85739,55862076
O,3,0,8,85720,55802888
O,3,1,20,67005,55833901
O,3,0,8,48658,55816439
O,3,1,20,32540,55828156
O,0,0,9,48822,55875653
O,1,0,9,48620,55836161
O,2,1,21,32408,55885572
O,3,0,9,85720,55842346
O,0,1,21,32755,55885628
O,1,1,21,32625,55847315
O,2,1,21,67114,55891355
O,3,1,21,67005,55853047
O,0,0,8,48818,55895381
O,1,1,21,67365,55853105
O,2,0,8,85735,55901539
O,3,0,8,48658,55855896
O,0,1,21,32755,55904774
O,1,0,8,85972,55862115
O,2,1,21,67113,55910500
O,3,1,20,32539,55866447
O,0,1,21,67254,55910523
O,1,1,20,67363,55872250
O,2,0,9,48456,55915050
O,3,1,20,67005,55872191
O,0,0,9,85952,55921298
O,1,0,9,85971,55881844
O,2,1,21,32409,55923862
O,3,0,9,85720,55881802
O,0,1,21,67254,55929668
O,1,1,21,32623,55885606
O,2,1,21,67114,55929645
O,3,1,21,67004,55891338
O,0,0,9,48820,55934838
O,1,0,8,48617,55895348
O,2,1,21,32409,55943007
O,3,0,8,85716,55901532
O,0,1,21,32756,55943064
O,1,0,8,85968,55901573
Q,55950510,0,1.38130,-1.72866,1.39670
Q,55950510,1,1.37385,-1.76001,1.39818
Q,55950510,2,1.33974,-1.75412,1.39656
Q,55950510,3,1.34703,-1.72330,1.39463
A,0,0,31.05,-2.63
ANG S0 | BS0 h= +31.05 v=  -2.63 deg
A,0,1,-20.95,-4.16
ANG S0 | BS1 h= -20.95 v=  -4.16 deg
A,1,0,30.76,-1.92
ANG S1 | BS0 h= +30.76 v=  -1.92 deg
A,1,1,-21.00,-3.45
ANG S1 | BS1 h= -21.00 v=  -3.45 deg
A,2,0,30.14,-2.12
ANG S2 | BS0 h= +30.14 v=  -2.12 deg
A,2,1,-21.75,-3.54
ANG S2 | BS1 h= -21.75 v=  -3.54 deg
A,3,0,30.43,-2.82
ANG S3 | BS0 h= +30.43 v=  -2.82 deg
A,3,1,-21.71,-4.26
ANG S3 | BS1 h= -21.71 v=  -4.26 deg
C_RAW,1.3605,-1.7415,1.3965
C,1.3605,-1.7415,1.0373
O,0,0,9,48820,55974296
O,0,0,9,85953,55960756
O,0,1,20,67255,55967959
O,1,0,9,85969,55921301
O,1,1,21,67363,55929686
O,1,1,21,32624,55923897
O,2,0,9,48456,55954508
O,2,1,20,32410,55962152
O,2,0,9,85737,55980449
O,2,1,20,67115,55967936
O,3,0,9,85717,55940989
O,3,1,21,67004,55929628
O,3,1,21,32538,55904737
O,0,1,21,32756,55981355
O,1,0,9,85969,55941030
O,2,1,21,67115,55987083
O,3,1,21,32539,55943028
O,0,1,21,67255,55987107
O,1,1,21,67363,55948832
O,2,0,9,48455,55993965
O,3,1,21,67004,55948773
O,0,1,20,32756,56000500
O,1,0,9,85970,55960759
O,2,1,20,32410,56000442
O,3,1,20,32539,55962173
O,0,1,20,67255,56006250
O,1,1,20,32625,55962187
O,2,1,20,67115,56006226
O,3,1,20,67004,55967917
O,0,0,9,48821,56013753
O,1,0,9,48618,55974262
O,2,0,9,85737,56019906
O,3,0,9,85717,55980445
O,0,1,21,67254,56025395
O,1,1,21,32625,55981333
O,2,1,21,67115,56025372
O,3,1,21,32539,55981319
O,0,1,21,32756,55981355
O,1,1,21,67364,55987124
O,2,0,9,48457,56033422
O,3,1,21,67004,55987065
O,0,0,9,85954,56039671
O,1,0,9,85967,56000216
O,2,1,21,67114,56044517
O,3,1,20,32539,56000464
Q,56050553,0,1.38129,-1.72872,1.39668
Q,56050553,1,1.37384,-1.76001,1.39815
Q,56050553,2,1.33972,-1.75426,1.39642
Q,56050553,3,1.34702,-1.72330,1.39465
A,0,0,31.05,-2.63
ANG S0 | BS0 h= +31.05 v=  -2.63 deg
A,0,1,-20.95,-4.16
ANG S0 | BS1 h= -20.95 v=  -4.16 deg
A,1,0,30.76,-1.92
ANG S1 | BS0 h= +30.76 v=  -1.92 deg
A,1,1,-21.00,-3.45
ANG S1 | BS1 h= -21.00 v=  -3.45 deg
A,2,0,30.14,-2.12
ANG S2 | BS0 h= +30.14 v=  -2.12 deg
A,2,1,-21.75,-3.54
ANG S2 | BS1 h= -21.75 v=  -3.54 deg
A,3,0,30.43,-2.82
ANG S3 | BS0 h= +30.43 v=  -2.82 deg
A,3,1,-21.71,-4.26
ANG S3 | BS1 h= -21.71 v=  -4.26 deg
C_RAW,1.3605,-1.7416,1.3965
C,1.3605,-1.7416,1.0372
RUN: main loop
O,0,0,8,85952,56079128
O,0,1,21,67255,56063686
O,1,0,9,85970,56019945
O,1,1,21,67364,56025414
O,1,0,9,48618,56013720
O,1,1,21,32624,56038769
O,2,0,8,48456,56072879
O,2,1,21,67114,56063663
O,2,0,8,85736,56059364
O,2,1,20,32410,56000442
O,3,0,9,85717,56019903
O,3,1,20,67004,56006209
O,3,0,9,48658,56033455
O,3,1,21,32539,56019609
O,2,0,8,85738,56079092
O,3,0,9,85719,56039631
O,0,1,20,67255,56082836
O,1,0,9,85971,56039673
O,2,1,20,67115,56082808
O,3,1,21,67003,56044500
O,0,1,20,32758,56096229
O,1,0,8,48618,56053177
O,2,0,8,85738,56098827
O,3,0,8,85717,56059360
O,0,1,20,67256,56101977
O,1,0,8,85969,56059402
O,3,1,21,67004,56063644
O,0,0,8,85952,56059399
O,1,1,21,67364,56063704
O,2,1,20,32412,56115316
O,3,1,20,32540,56077045
O,0,0,8,85954,56118586
O,1,0,8,85970,56079131
O,2,1,20,67117,56121100
O,3,0,8,85717,56079089
O,0,1,20,67256,56121124
O,1,1,20,67363,56082851
O,2,0,9,48458,56132067
O,3,0,8,48658,56092642
O,0,1,21,32757,56134518
O,1,1,20,32626,56096205
O,2,0,9,85740,56138284
O,3,0,8,85718,56098819
O,0,1,21,67256,56140270
O,1,0,8,85971,56098860
Q,56150597,0,1.38134,-1.72875,1.39661
Q,56150597,1,1.37385,-1.76003,1.39813
Q,56150597,2,1.55922,-1.75320,1.05028
Q,56150597,3,1.34701,-1.72325,1.39459
A,0,0,31.05,-2.63
ANG S0 | BS0 h= +31.05 v=  -2.63 deg
A,0,1,-20.95,-4.16
ANG S0 | BS1 h= -20.95 v=  -4.16 deg
A,1,0,30.75,-1.92
ANG S1 | BS0 h= +30.75 v=  -1.92 deg
A,1,1,-21.00,-3.45
ANG S1 | BS1 h= -21.00 v=  -3.45 deg
A,2,0,30.14,-2.12
ANG S2 | BS0 h= +30.14 v=  -2.12 deg
A,2,1,-14.46,-10.91
ANG S2 | BS1 h= -14.46 v= -10.91 deg
A,3,0,30.43,-2.82
ANG S3 | BS0 h= +30.43 v=  -2.82 deg
A,3,1,-21.71,-4.26
ANG S3 | BS1 h= -21.71 v=  -4.26 deg
C_RAW,1.4154,-1.7413,1.3099
C,1.4154,-1.7413,0.9257
O,0,0,8,85954,56118586
O,0,1,20,32758,56172809
O,0,1,20,67255,56178559
O,1,0,8,85972,56118589
O,1,1,20,67365,56121141
O,1,0,9,48620,56132093
O,2,0,8,85739,56118555
O,2,1,20,67115,56159390
O,2,1,20,32411,56172752
O,3,0,9,85720,56138277
O,3,1,20,67006,56121083
O,3,1,20,32540,56115337
O,1,0,9,85972,56138318
O,2,1,20,67115,56178535
O,3,1,21,67005,56140229
O,0,0,9,85954,56138315
O,1,0,8,48619,56151822
O,2,1,21,32410,56191897
O,3,0,8,48658,56151828
O,0,1,21,67255,56197704
O,1,0,8,85971,56158047
O,2,1,21,67115,56197681
O,3,0,8,85718,56158005
O,0,0,8,85953,56158044
O,1,1,20,67363,56159432
O,2,0,8,85738,56158008
O,3,0,9,48658,56171557
O,0,1,21,32757,56211100
O,1,0,9,48620,56171550
O,2,0,9,85738,56217204
O,3,0,9,85718,56177733
O,0,0,9,85953,56217230
O,1,0,9,85970,56177775
O,2,0,9,85738,56177737
O,3,1,20,67005,56178517
O,0,0,8,48821,56230770
O,1,0,9,48620,56191279
O,2,1,20,67114,56235971
O,3,0,9,85719,56197463
O,0,0,8,85952,56236959
O,1,0,9,85971,56197504
O,2,0,8,85736,56236928
O,3,1,21,67004,56197662
Q,56250955,0,1.38135,-1.72876,1.39653
Q,56250955,1,1.37389,-1.75996,1.39821
Q,56250955,2,1.80259,-0.73924,2.37972
Q,56250955,3,1.34705,-1.72328,1.39459
A,0,0,31.05,-2.63
ANG S0 | BS0 h= +31.05 v=  -2.63 deg
A,0,1,-20.95,-4.16
ANG S0 | BS1 h= -20.95 v=  -4.16 deg
A,1,0,30.76,-1.92
ANG S1 | BS0 h= +30.76 v=  -1.92 deg
A,1,1,-21.00,-3.45
ANG S1 | BS1 h= -21.00 v=  -3.45 deg
A,2,0,58.85,-44.67
ANG S2 | BS0 h= +58.85 v= -44.67 deg
A,2,1,-17.08,-8.26
ANG S2 | BS1 h= -17.08 v=  -8.26 deg
A,3,0,30.43,-2.82
ANG S3 | BS0 h= +30.43 v=  -2.82 deg
A,3,1,-21.71,-4.26
ANG S3 | BS1 h= -21.71 v=  -4.26 deg
C_RAW,1.4762,-1.4878,1.6423
C,1.4762,-1.4878,1.3538
O,0,0,9,48821,56270227
O,0,1,21,67254,56216849
O,0,0,9,85952,56276416
O,1,0,9,85970,56217233
O,1,1,20,67363,56236013
O,1,0,9,48620,56211008
O,1,1,20,32624,56230223
O,2,0,8,85737,56256651
O,2,1,20,67114,56274262
O,2,0,8,48457,56250439
O,2,1,20,32411,56268478
O,3,1,20,67003,56235954
O,3,0,9,48658,56211014
O,3,1,20,32539,56230209
O,2,0,9,85737,56276380
O,3,0,8,85717,56236921
O,0,1,20,32755,56287681
O,1,1,20,32624,56249368
O,2,0,9,48454,56289896
O,3,0,8,48657,56250471
O,0,1,20,67254,56293430
O,1,1,20,67362,56255158
O,2,0,9,85735,56296128
O,3,1,20,67003,56255100
O,0,0,9,85951,56296146
O,1,0,8,85971,56256690
O,2,1,20,32411,56306770
O,3,1,20,32540,56268499
O,0,0,9,48819,56309687
O,1,0,9,48619,56270194
O,2,0,9,85735,56315843
O,3,1,20,67004,56274243
O,0,0,9,85951,56315873
O,1,1,20,67363,56274303
O,2,1,20,67114,56274262
O,3,0,9,85718,56276377
O,0,0,9,48821,56329413
O,1,0,9,48617,56289922
O,2,1,20,67116,56331698
O,3,1,20,67003,56293390
O,0,0,9,85952,56335601
O,1,1,20,67363,56293449
O,2,0,9,85738,56335572
O,3,0,9,85716,56296107
O,0,1,20,32755,56345117
Q,56351087,0,1.38128,-1.72879,1.39645
Q,56351087,1,1.37386,-1.75992,1.39824
Q,56351087,2,2.00408,-0.90571,1.57733
Q,56351087,3,1.34703,-1.72325,1.39458
A,0,0,31.05,-2.63
ANG S0 | BS0 h= +31.05 v=  -2.63 deg
A,0,1,-20.95,-4.16
ANG S0 | BS1 h= -20.95 v=  -4.16 deg
A,1,0,30.76,-1.92
ANG S1 | BS0 h= +30.76 v=  -1.92 deg
A,1,1,-21.00,-3.45
ANG S1 | BS1 h= -21.00 v=  -3.45 deg
A,2,0,48.52,-29.35
ANG S2 | BS0 h= +48.52 v= -29.35 deg
A,2,1,-7.38,-18.08
ANG S2 | BS1 h=  -7.38 v= -18.08 deg
A,3,0,30.43,-2.82
ANG S3 | BS0 h= +30.43 v=  -2.82 deg
A,3,1,-21.71,-4.26
ANG S3 | BS1 h= -21.71 v=  -4.26 deg
C_RAW,1.5266,-1.5294,1.4417
C,1.5266,-1.5294,1.0954
O,0,1,20,67254,56370012
O,0,0,9,85953,56375059
O,1,0,9,85967,56315876
O,1,1,20,67363,56312594
O,1,0,9,48619,56329379
O,1,1,20,32626,56306804
O,2,0,9,85738,56375023
O,2,1,20,32411,56364205
O,2,1,20,67114,56369989
O,3,0,9,85718,56335564
O,3,1,20,67005,56331680
O,3,0,9,48657,56309657
O,0,1,21,32755,56383409
O,1,0,9,85970,56335604
O,3,0,9,48659,56349115
O,0,1,21,67253,56389158
O,1,1,20,67362,56350885
O,2,0,8,85739,56394758
O,3,1,20,67003,56350826
O,0,0,8,85954,56394788
O,1,0,9,85971,56355333
O,2,1,20,32410,56402497
O,3,0,9,48659,56368844
O,0,0,8,48822,56408329
O,1,0,9,48620,56368837
O,2,0,8,85739,56414486
O,3,1,20,67004,56369970
O,0,0,8,85954,56414517
O,1,1,20,67363,56370030
O,2,1,20,32409,56421642
O,3,0,9,85719,56375020
O,0,1,20,67254,56427448
O,1,0,8,48620,56388566
O,3,1,21,67002,56389117
O,0,0,8,85952,56434246
O,2,0,8,85736,56434216
O,3,0,8,85718,56394750
O,0,1,21,32757,56440844
O,1,0,8,85971,56394791
O,2,0,9,48454,56447726
O,3,1,20,67004,56408268
Q,56451541,0,1.38127,-1.72874,1.39653
Q,56451541,1,1.37386,-1.75992,1.39817
Q,56451541,2,1.90002,-1.06277,1.49201
Q,56451541,3,1.34704,-1.72323,1.39461
A,0,0,31.05,-2.63
ANG S0 | BS0 h= +31.05 v=  -2.63 deg
A,0,1,-20.95,-4.16
ANG S0 | BS1 h= -20.95 v=  -4.16 deg
A,1,0,30.76,-1.92
ANG S1 | BS0 h= +30.76 v=  -1.92 deg
A,1,1,-21.00,-3.45
ANG S1 | BS1 h= -21.00 v=  -3.45 deg
A,2,0,44.84,-23.90
ANG S2 | BS0 h= +44.84 v= -23.90 deg
A,2,1,-10.25,-15.17
ANG S2 | BS1 h= -10.25 v= -15.17 deg
A,3,0,30.43,-2.82
ANG S3 | BS0 h= +30.43 v=  -2.82 deg
A,3,1,-21.71,-4.26
ANG S3 | BS1 h= -21.71 v=  -4.26 deg
C_RAW,1.5005,-1.5687,1.4203
C,1.5005,-1.5687,1.0679
O,0,0,9,48819,56447786
O,0,1,21,32756,56479135
O,0,0,9,85951,56473703
O,0,1,20,67254,56465739
O,1,0,8,85970,56434249
O,1,1,20,67363,56408321
O,1,0,8,48619,56428024
O,2,0,9,85736,56473667
O,2,1,20,32409,56459932
O,2,0,9,48456,56467454
O,3,0,8,85717,56434208
O,3,1,20,67003,56427407
O,3,0,8,48658,56408301
O,2,1,21,32409,56479077
O,3,1,21,67005,56446553
O,0,0,9,48821,56487244
O,2,0,9,85738,56493402
O,3,0,9,48655,56447759
O,0,0,9,85952,56493432
O,1,0,9,85967,56453977
O,2,1,21,32409,56498224
O,3,1,20,32539,56459953
O,0,1,21,67254,56504030
O,1,1,20,67363,56465757
O,2,0,9,48457,56506912
O,3,1,20,67004,56465697
O,0,0,9,85953,56513160
O,1,0,9,48618,56467481
O,2,0,9,85739,56513130
O,3,0,9,85717,56473664
O,0,1,20,32755,56517430
O,1,0,9,85968,56473706
O,2,1,20,67114,56523152
O,3,1,21,67003,56484845
O,0,0,8,48821,56526701
O,1,1,21,67363,56484902
O,2,0,8,85738,56532859
O,3,0,9,85718,56493395
O,0,1,21,32757,56536572
O,1,0,9,85970,56493435
O,3,1,21,32538,56498244
O,0,1,21,67256,56542321
O,1,1,21,67363,56504048
Q,56551740,0,1.38125,-1.72879,1.39650
Q,56551740,1,1.37382,-1.75994,1.39808
Q,56551740,2,1.77877,-1.29498,1.31326
Q,56551740,3,1.34699,-1.72328,1.39457
A,0,0,31.05,-2.63
ANG S0 | BS0 h= +31.05 v=  -2.63 deg
A,0,1,-20.95,-4.16
ANG S0 | BS1 h= -20.95 v=  -4.16 deg
A,1,0,30.75,-1.93
ANG S1 | BS0 h= +30.75 v=  -1.93 deg
A,1,1,-21.00,-3.45
ANG S1 | BS1 h= -21.00 v=  -3.45 deg
A,2,0,39.55,-16.06
ANG S2 | BS0 h= +39.55 v= -16.06 deg
A,2,1,-12.55,-12.85
ANG S2 | BS1 h= -12.55 v= -12.85 deg
A,3,0,30.43,-2.82
ANG S3 | BS0 h= +30.43 v=  -2.82 deg
A,3,1,-21.71,-4.26
ANG S3 | BS1 h= -21.71 v=  -4.26 deg
C_RAW,1.4702,-1.6267,1.3756
C,1.4702,-1.6267,1.0103
O,0,0,8,48820,56566158
O,0,1,21,32757,56574862
O,0,0,9,85954,56552621
O,0,1,21,67256,56580612
O,1,0,8,85971,56532892
O,1,1,20,67363,56523193
O,1,1,20,32624,56517405
O,2,1,21,32409,56574804
O,2,0,8,48456,56566098
O,2,1,21,67116,56561443
O,3,0,8,85718,56532851
O,3,1,20,67004,56523135
O,3,0,8,48658,56526673
O,1,1,21,32626,56536549
O,2,0,8,48457,56585828
O,3,1,21,67006,56542280
O,0,0,8,48821,56585887
O,1,0,9,48620,56546396
O,2,1,20,32410,56593951
O,3,0,9,85720,56552582
O,0,1,20,67255,56599757
O,1,1,21,32626,56555695
O,2,1,20,67115,56599734
O,3,1,21,67005,56561424
O,0,0,9,48819,56605616
O,1,1,21,67365,56561484
O,2,0,9,85737,56611774
O,3,0,8,85717,56572308
O,0,1,21,32756,56613153
O,1,0,8,85969,56572350
O,3,1,21,32539,56574826
O,0,1,21,67254,56618903
O,1,1,21,32625,56574840
O,2,0,9,48456,56625287
O,3,1,21,67005,56580570
O,0,0,9,48821,56625344
O,1,0,8,85971,56592078
O,2,1,21,32410,56632241
O,3,0,8,85718,56592038
O,0,1,21,67255,56638048
O,1,1,20,32625,56593986
O,3,1,20,67004,56599717
O,0,0,9,48821,56645073
O,1,1,20,67363,56599775
Q,56651959,0,1.38128,-1.72883,1.39651
Q,56651959,1,1.37386,-1.75994,1.39809
Q,56651959,2,1.62722,-1.46354,1.32179
Q,56651959,3,1.34700,-1.72329,1.39457
A,0,0,31.05,-2.63
ANG S0 | BS0 h= +31.05 v=  -2.63 deg
A,0,1,-20.95,-4.16
ANG S0 | BS1 h= -20.95 v=  -4.16 deg
A,1,0,30.76,-1.93
ANG S1 | BS0 h= +30.76 v=  -1.93 deg
A,1,1,-21.00,-3.45
ANG S1 | BS1 h= -21.00 v=  -3.45 deg
A,2,0,36.16,-11.04
ANG S2 | BS0 h= +36.16 v= -11.04 deg
A,2,1,-15.86,-9.50
ANG S2 | BS1 h= -15.86 v=  -9.50 deg
A,3,0,30.43,-2.82
ANG S3 | BS0 h= +30.43 v=  -2.82 deg
A,3,1,-21.71,-4.26
ANG S3 | BS1 h= -21.71 v=  -4.26 deg
C_RAW,1.4323,-1.6689,1.3777
C,1.4323,-1.6689,1.0131
O,0,0,9,48822,56664802
O,0,1,21,32757,56651443
O,0,0,9,85953,56670990
O,0,1,20,67255,56676338
O,1,0,9,48618,56625315
O,1,1,21,32625,56632279
O,2,0,9,85738,56670955
O,2,1,21,32410,56651386
O,2,0,9,48457,56664741
O,2,1,20,67115,56676315
O,3,0,9,85718,56631495
O,3,1,21,67004,56618862
O,3,1,21,32540,56632262
O,1,1,21,67364,56638066
O,2,0,8,48457,56684471
O,3,0,9,48658,56645046
O,0,0,8,85953,56690719
O,1,0,9,85970,56651265
O,2,1,21,67114,56695460
O,3,1,21,32539,56651409
O,0,1,21,67255,56695484
O,1,1,21,32625,56651422
O,2,1,21,32410,56651386
O,3,1,21,67004,56657153
O,0,0,9,48822,56704259
O,1,0,9,48620,56664768
O,2,0,9,85738,56710417
O,3,1,20,32540,56670553
O,0,1,21,67254,56714632
O,1,0,9,85971,56670993
O,2,1,21,67114,56714606
O,3,0,9,85719,56670951
O,0,0,9,48818,56723988
O,1,1,20,67363,56676356
O,2,1,21,32408,56727970
O,3,1,21,32539,56689698
O,0,0,9,85951,56730178
O,1,0,8,85971,56690722
O,2,1,21,67114,56733752
O,3,0,8,85718,56690682
O,0,1,21,67254,56733778
O,1,1,21,67364,56695502
O,2,0,8,48456,56743658
O,3,0,9,48658,56704232
Q,56752221,0,1.38127,-1.72884,1.39646
Q,56752221,1,1.37386,-1.75995,1.39811
Q,56752221,2,1.50375,-1.57038,1.37891
Q,56752221,3,1.34702,-1.72327,1.39457
A,0,0,31.05,-2.63
ANG S0 | BS0 h= +31.05 v=  -2.63 deg
A,0,1,-20.95,-4.16
ANG S0 | BS1 h= -20.95 v=  -4.16 deg
A,1,0,30.76,-1.92
ANG S1 | BS0 h= +30.76 v=  -1.92 deg
A,1,1,-21.00,-3.45
ANG S1 | BS1 h= -21.00 v=  -3.45 deg
A,2,0,33.99,-7.83
ANG S2 | BS0 h= +33.99 v=  -7.83 deg
A,2,1,-18.73,-6.59
ANG S2 | BS1 h= -18.73 v=  -6.59 deg
A,3,0,30.43,-2.82
ANG S3 | BS0 h= +30.43 v=  -2.82 deg
A,3,1,-21.71,-4.26
ANG S3 | BS1 h= -21.71 v=  -4.26 deg
C_RAW,1.4015,-1.6956,1.3920
C,1.4015,-1.6956,1.0314
O,0,1,20,32756,56766315
O,0,0,9,85951,56730178
O,0,1,20,67254,56772065
O,1,0,9,85967,56730180
O,1,1,21,67362,56714649
O,1,0,9,48616,56723955
O,2,0,8,85737,56769598
O,2,1,20,67114,56772041
O,2,0,9,85738,56710417
O,3,0,9,85716,56730139
O,3,1,21,67003,56733734
O,1,1,21,67362,56733794
O,2,1,20,32410,56785405
O,3,1,20,32539,56747134
O,0,1,20,67255,56791210
O,1,0,8,85969,56749908
O,2,1,20,67115,56791187
O,3,0,8,85717,56749867
O,0,0,8,85951,56749905
O,1,1,20,67363,56752938
O,2,0,9,48457,56802844
O,3,0,8,48657,56763418
O,0,1,20,32756,56804608
O,1,0,8,48619,56763412
O,2,1,20,67114,56810332
O,3,0,8,85717,56769595
O,0,1,20,67255,56810356
O,1,0,8,85970,56769637
O,2,0,8,85737,56769598
O,3,1,20,67003,56772023
O,0,0,8,85953,56769634
O,1,0,8,48620,56783141
O,2,1,20,32410,56823695
O,3,0,8,48658,56783147
O,0,1,20,67255,56829502
O,1,0,8,85972,56789366
O,2,1,20,67115,56829478
O,3,0,8,85719,56789326
O,0,0,8,85954,56789363
O,1,1,20,67364,56791228
O,2,0,8,85739,56789334
O,3,0,9,48659,56802878
O,0,1,21,32756,56842897
O,1,0,9,48620,56802870
O,2,1,21,67114,56848623
Q,56852232,0,1.38126,-1.72884,1.39649
Q,56852232,1,1.37386,-1.75995,1.39810
Q,56852232,2,1.62377,-1.15986,1.87096
Q,56852232,3,1.34700,-1.72321,1.39459
A,0,0,31.05,-2.63
ANG S0 | BS0 h= +31.05 v=  -2.63 deg
A,0,1,-20.95,-4.16
ANG S0 | BS1 h= -20.95 v=  -4.16 deg
A,1,0,30.76,-1.93
ANG S1 | BS0 h= +30.76 v=  -1.93 deg
A,1,1,-21.00,-3.45
ANG S1 | BS1 h= -21.00 v=  -3.45 deg
A,2,0,43.88,-22.48
ANG S2 | BS0 h= +43.88 v= -22.48 deg
A,2,1,-19.82,-5.49
ANG S2 | BS1 h= -19.82 v=  -5.49 deg
A,3,0,30.43,-2.82
ANG S3 | BS0 h= +30.43 v=  -2.82 deg
A,3,1,-21.71,-4.26
ANG S3 | BS1 h= -21.71 v=  -4.26 deg
C_RAW,1.4315,-1.5930,1.5150
C,1.4315,-1.5930,1.1899
O,0,0,8,48822,56862090
O,0,0,9,85951,56828821
O,0,1,21,67254,56848647
O,1,0,9,85968,56828823
O,1,1,20,67363,56829519
O,1,0,9,48618,56822598
O,2,0,8,48457,56862029
O,2,0,9,85737,56828790
O,3,0,9,85717,56828783
O,3,1,20,67005,56829461
O,3,0,8,48658,56842337
O,0,0,9,48821,56881818
O,1,0,8,48620,56842330
O,2,0,9,85738,56887977
O,3,0,8,85718,56848511
O,0,0,9,85952,56888007
O,1,0,8,85971,56848552
O,2,0,8,85738,56848519
O,3,1,21,67004,56848605
O,0,0,9,48821,56901547
O,1,1,20,32626,56862021
O,2,1,20,67115,56906060
O,3,1,20,67005,56867750
O,0,0,9,85952,56907735
O,1,1,20,67365,56867810
O,2,0,9,85738,56907705
O,3,0,8,85718,56868239
O,0,1,20,67256,56867792
O,1,1,21,32625,56881166
O,2,0,8,48457,56921216
O,3,1,21,32539,56881152
O,0,1,21,67255,56925228
O,1,1,21,67364,56886961
O,2,0,8,85738,56927434
O,3,1,21,67005,56886899
O,0,0,8,85953,56927464
O,1,0,9,85970,56888010
O,2,1,21,32410,56938568
O,3,1,20,32539,56900297
O,0,0,8,48821,56941004
O,1,0,9,48618,56901513
O,2,1,21,67116,56944350
Q,56952310,0,1.38127,-1.72880,1.39650
Q,56952310,1,1.37387,-1.75999,1.39805
Q,56952310,2,1.64478,-1.07226,2.00110
Q,56952310,3,1.34702,-1.72325,1.39456
A,0,0,31.05,-2.63
ANG S0 | BS0 h= +31.05 v=  -2.63 deg
A,0,1,-20.95,-4.16
ANG S0 | BS1 h= -20.95 v=  -4.16 deg
A,1,0,30.75,-1.92
ANG S1 | BS0 h= +30.75 v=  -1.92 deg
A,1,1,-21.00,-3.45
ANG S1 | BS1 h= -21.00 v=  -3.45 deg
A,2,0,46.59,-26.49
ANG S2 | BS0 h= +46.59 v= -26.49 deg
A,2,1,-20.20,-5.10
ANG S2 | BS1 h= -20.20 v=  -5.10 deg
A,3,0,30.43,-2.82
ANG S3 | BS0 h= +30.43 v=  -2.82 deg
A,3,1,-21.71,-4.26
ANG S3 | BS1 h= -21.71 v=  -4.26 deg
C_RAW,1.4367,-1.5711,1.5476
C,1.4367,-1.5711,1.2318
O,0,1,21,32756,56976915
O,0,0,9,85951,56966922
O,0,1,20,67254,56963519
O,1,0,8,85971,56927467
O,1,1,21,67364,56925247
O,1,1,21,32625,56938602
O,2,0,9,48455,56960672
O,2,0,9,85737,56966886
O,2,1,21,32409,56976857
O,3,0,8,85718,56927426
O,3,1,21,67004,56925188
O,3,0,8,48658,56921248
O,3,0,8,48657,56940977
O,0,0,8,85951,56986650
O,1,1,21,67364,56944392
O,2,0,8,85735,56986625
O,3,1,21,67005,56944333
O,0,1,21,32756,56996060
O,1,0,8,85970,56947197
O,2,1,21,32409,56996003
O,3,1,20,32539,56957733
O,0,1,21,67254,57001810
O,1,0,9,48618,56960700
O,2,0,8,85736,57006349
O,3,1,20,67004,56963477
O,0,0,8,85952,57006379
O,1,1,20,67363,56963537
O,2,1,20,67114,56963496
O,3,0,9,85717,56966882
O,0,1,21,32755,57015205
O,1,1,21,32624,56976893
O,2,1,21,67112,57020934
O,3,0,8,48655,56980434
O,0,0,9,85953,57026107
O,2,0,9,85738,57026079
O,3,1,21,67003,56982623
O,0,1,21,67254,56982664
O,1,0,8,85969,56986657
O,2,1,21,32409,57034295
O,3,0,8,48657,57000165
O,0,1,21,67254,57040100
O,1,0,8,48619,57000157
O,2,0,8,85739,57045806
O,3,1,21,67004,57001769
Q,57052488,0,1.38125,-1.72878,1.39654
Q,57052488,1,1.37384,-1.76000,1.39805
Q,57052488,2,1.91769,-1.11368,1.35737
Q,57052488,3,1.34702,-1.72328,1.39454
A,0,0,31.05,-2.63
ANG S0 | BS0 h= +31.05 v=  -2.63 deg
A,0,1,-20.95,-4.16
ANG S0 | BS1 h= -20.95 v=  -4.16 deg
A,1,0,30.75,-1.92
ANG S1 | BS0 h= +30.75 v=  -1.92 deg
A,1,1,-21.00,-3.45
ANG S1 | BS1 h= -21.00 v=  -3.45 deg
A,2,0,43.30,-21.62
ANG S2 | BS0 h= +43.30 v= -21.62 deg
A,2,1,-9.37,-16.06
ANG S2 | BS1 h=  -9.37 v= -16.06 deg
A,3,0,30.43,-2.82
ANG S3 | BS0 h= +30.43 v=  -2.82 deg
A,3,1,-21.71,-4.26
ANG S3 | BS1 h= -21.71 v=  -4.26 deg
C_RAW,1.5049,-1.5814,1.3866
C,1.5049,-1.5814,1.0245
RUN: main loop
O,0,0,9,48821,57079105
O,0,1,20,32756,57072642
O,0,0,9,85953,57065565
O,1,0,9,85971,57026110
O,1,1,21,67362,57020973
O,1,0,8,48620,57039614
O,2,0,9,48456,57079045
O,2,1,20,32410,57072584
O,2,0,9,85738,57065529
O,3,0,8,85717,57006341
O,3,1,21,67002,57020913
O,3,0,9,48659,57019892
O,3,1,21,32539,57034316
O,3,1,21,67004,57040059
O,0,0,9,85952,57085294
O,2,1,20,32411,57091731
O,3,0,8,85719,57045798
O,0,1,20,32758,57091787
O,2,0,8,48455,57098775
O,0,0,8,48819,57098834
O,1,0,9,48619,57059343
O,2,0,8,85735,57104993
O,3,0,9,85719,57065526
O,0,1,20,32757,57110932
O,1,0,9,85970,57065568
O,2,1,20,67116,57116659
O,3,1,20,67004,57078349
O,0,0,8,48821,57118563
O,1,1,20,67363,57078409
O,2,0,8,85738,57124721
O,3,0,9,48658,57079078
O,0,0,8,85953,57124751
O,1,0,9,85970,57085298
O,2,1,20,32411,57130022
O,3,1,20,32540,57091751
O,0,0,9,48821,57138291
O,2,0,9,48456,57138232
O,3,0,8,48655,57098807
O,0,0,9,85953,57144480
O,1,0,8,48618,57098801
Q,57152859,0,1.38125,-1.72881,1.39656
Q,57152859,1,1.37385,-1.76000,1.39808
Q,57152859,2,1.76585,-1.41245,1.14526
Q,57152859,3,1.34702,-1.72323,1.39459
A,0,0,31.05,-2.63
ANG S0 | BS0 h= +31.05 v=  -2.63 deg
A,0,1,-20.95,-4.16
ANG S0 | BS1 h= -20.95 v=  -4.16 deg
A,1,0,30.75,-1.92
ANG S1 | BS0 h= +30.75 v=  -1.92 deg
A,1,1,-21.00,-3.45
ANG S1 | BS1 h= -21.00 v=  -3.45 deg
A,2,0,36.88,-12.10
ANG S2 | BS0 h= +36.88 v= -12.10 deg
A,2,1,-11.85,-13.55
ANG S2 | BS1 h= -11.85 v= -13.55 deg
A,3,0,30.43,-2.82
ANG S3 | BS0 h= +30.43 v=  -2.82 deg
A,3,1,-21.71,-4.26
ANG S3 | BS1 h= -21.71 v=  -4.26 deg
C_RAW,1.4670,-1.6561,1.3336
C,1.4670,-1.6561,0.9562
O,0,0,9,48821,57177749
O,0,1,20,32757,57168369
O,0,1,20,67255,57174119
O,1,0,8,85970,57124754
O,1,1,20,67364,57135846
O,1,1,20,32626,57110911
O,2,0,9,48456,57177689
O,2,1,20,32411,57168311
O,2,0,9,85738,57164173
O,3,0,8,85716,57104985
O,3,1,20,67005,57135787
O,3,0,8,48658,57118535
O,3,1,20,32540,57130042
O,1,0,9,48620,57138258
O,2,1,20,32411,57187460
O,3,0,9,85719,57144442
O,0,1,20,32757,57187514
O,1,1,20,32626,57149202
O,3,1,20,67005,57154933
O,0,0,9,48822,57197478
O,2,0,9,85739,57203640
O,3,0,9,85718,57164170
O,0,1,20,32757,57206660
O,1,0,9,85970,57164212
O,2,1,20,67116,57212386
O,3,1,20,32540,57168333
O,0,0,9,48822,57217207
O,1,1,20,67363,57174137
O,2,0,9,48457,57217148
O,3,1,20,67004,57174077
O,0,0,9,85953,57223395
O,1,0,9,85970,57183941
O,2,1,20,32411,57225749
O,3,1,20,32540,57187479
O,0,1,20,67255,57231557
O,1,1,20,32626,57187493
O,2,1,20,67115,57231532
O,3,1,20,67005,57193224
O,0,0,9,48822,57236936
O,1,0,9,48620,57197444
O,2,1,20,32410,57244894
O,3,0,9,85720,57203629
O,0,1,20,32756,57244951
O,1,1,20,32626,57206638
Q,57253053,0,1.38128,-1.72879,1.39653
Q,57253053,1,1.37389,-1.75995,1.39807
Q,57253053,2,1.61212,-1.54389,1.22583
Q,57253053,3,1.34704,-1.72329,1.39451
A,0,0,31.05,-2.63
ANG S0 | BS0 h= +31.05 v=  -2.63 deg
A,0,1,-20.95,-4.16
ANG S0 | BS1 h= -20.95 v=  -4.16 deg
A,1,0,30.76,-1.93
ANG S1 | BS0 h= +30.76 v=  -1.93 deg
A,1,1,-21.00,-3.45
ANG S1 | BS1 h= -21.00 v=  -3.45 deg
A,2,0,34.45,-8.50
ANG S2 | BS0 h= +34.45 v=  -8.50 deg
A,2,1,-15.41,-9.95
ANG S2 | BS1 h= -15.41 v=  -9.95 deg
A,3,0,30.43,-2.82
ANG S3 | BS0 h= +30.43 v=  -2.82 deg
A,3,1,-21.71,-4.26
ANG S3 | BS1 h= -21.71 v=  -4.26 deg
C_RAW,1.4286,-1.6890,1.3537
C,1.4286,-1.6890,0.9821
O,0,0,8,48820,57276393
O,0,0,8,85951,57262853
O,0,1,20,67253,57269845
O,1,0,9,85970,57223398
O,1,1,20,67363,57231573
O,1,1,20,32626,57225784
O,2,0,8,48456,57276332
O,2,1,20,32409,57264038
O,2,1,20,67113,57269822
O,3,0,9,85719,57243086
O,3,1,20,67004,57231514
O,3,1,20,32540,57206624
O,0,1,20,32755,57283241
O,1,0,9,85971,57243127
O,2,1,20,67114,57288969
O,3,1,20,32539,57244914
O,0,1,20,67254,57288991
O,1,1,20,67363,57250721
O,2,0,9,48454,57296063
O,3,1,20,67004,57250660
O,0,1,20,32756,57302386
O,1,0,8,85969,57262856
O,2,1,20,32410,57302329
O,3,1,20,32538,57264060
O,0,1,20,67254,57308136
O,1,1,20,32624,57264074
O,2,1,20,67114,57308112
O,3,1,20,67002,57269804
O,0,0,9,48821,57315850
O,1,1,20,67361,57269863
O,2,0,9,85737,57322006
O,3,0,8,85717,57282542
O,0,1,20,67255,57327281
O,1,1,20,32624,57283219
O,2,1,20,67115,57327258
O,3,1,20,32539,57283205
O,0,0,8,48822,57335579
O,3,0,9,85716,57302273
O,0,0,8,85954,57341767
O,1,0,9,85968,57302313
O,3,1,20,32539,57302350
O,0,1,20,67256,57346427
Q,57353057,0,1.38125,-1.72875,1.39658
Q,57353057,1,1.37385,-1.75989,1.39810
Q,57353057,2,1.52676,-1.58959,1.30931
Q,57353057,3,1.34700,-1.72325,1.39457
A,0,0,31.05,-2.63
ANG S0 | BS0 h= +31.05 v=  -2.63 deg
A,0,1,-20.95,-4.16
ANG S0 | BS1 h= -20.95 v=  -4.16 deg
A,1,0,30.76,-1.93
ANG S1 | BS0 h= +30.76 v=  -1.93 deg
A,1,1,-21.00,-3.45
ANG S1 | BS1 h= -21.00 v=  -3.45 deg
A,2,0,33.59,-7.22
ANG S2 | BS0 h= +33.59 v=  -7.22 deg
A,2,1,-17.69,-7.64
ANG S2 | BS1 h= -17.69 v=  -7.64 deg
A,3,0,30.43,-2.82
ANG S3 | BS0 h= +30.43 v=  -2.82 deg
A,3,1,-21.71,-4.26
ANG S3 | BS1 h= -21.71 v=  -4.26 deg
C_RAW,1.4072,-1.7004,1.3746
C,1.4072,-1.7004,1.0091
O,0,0,9,85952,57322038
O,0,1,21,32756,57378968
O,0,1,20,67255,57365572
O,1,0,9,85970,57322041
O,1,1,20,67363,57327299
O,1,0,9,48619,57315818
O,1,1,20,32626,57340655
O,2,0,8,48458,57374976
O,2,0,8,85739,57381189
O,2,1,20,32410,57302329
O,3,0,9,85717,57322000
O,3,1,20,67004,57327241
O,3,1,20,32540,57340641
O,0,1,21,67254,57384718
O,1,0,8,85972,57341770
O,2,1,21,67114,57384694
O,3,0,8,85718,57341728
O,0,0,9,48821,57394766
O,1,0,9,48619,57355274
O,2,1,20,32410,57398058
O,3,1,20,32540,57359786
O,0,1,20,67255,57403863
O,1,0,9,85971,57361499
O,2,1,20,67115,57403840
O,3,0,9,85719,57361457
O,0,0,9,85953,57361496
O,1,1,20,67364,57365590
O,2,1,20,32409,57417202
O,3,0,8,48658,57375009
O,0,0,8,85954,57420683
O,1,0,8,85972,57381228
O,3,0,8,85720,57381186
O,0,1,20,67253,57423008
O,2,0,8,48457,57434164
O,3,1,21,67003,57384676
O,0,1,21,32754,57436403
O,1,0,9,48619,57394732
O,2,0,8,85738,57440382
O,3,0,9,85719,57400916
O,0,1,21,67253,57442153
O,1,0,9,85971,57400981
Q,57453194,0,1.38123,-1.72876,1.39662
Q,57453194,1,1.37388,-1.75993,1.39817
Q,57453194,2,1.45969,-1.65025,1.33805
Q,57453194,3,1.34701,-1.72324,1.39459
A,0,0,31.05,-2.63
ANG S0 | BS0 h= +31.05 v=  -2.63 deg
A,0,1,-20.96,-4.16
ANG S0 | BS1 h= -20.96 v=  -4.16 deg
A,1,0,30.76,-1.92
ANG S1 | BS0 h= +30.76 v=  -1.92 deg
A,1,1,-21.00,-3.45
ANG S1 | BS1 h= -21.00 v=  -3.45 deg
A,2,0,32.35,-5.38
ANG S2 | BS0 h= +32.35 v=  -5.38 deg
A,2,1,-19.15,-6.17
ANG S2 | BS1 h= -19.15 v=  -6.17 deg
A,3,0,30.43,-2.82
ANG S3 | BS0 h= +30.43 v=  -2.82 deg
A,3,1,-21.71,-4.26
ANG S3 | BS1 h= -21.71 v=  -4.26 deg
C_RAW,1.3905,-1.7155,1.3819
C,1.3905,-1.7155,1.0184
O,0,0,8,85954,57420683
O,0,1,21,32756,57474694
O,0,1,21,67256,57480444
O,1,0,8,85971,57420686
O,1,1,20,67361,57423026
O,1,0,8,48620,57434190
O,2,0,8,85736,57479833
O,2,1,20,67114,57461275
O,2,1,20,32409,57455493
O,3,0,8,85718,57440374
O,3,1,20,67004,57403822
O,3,0,8,48657,57434196
O,3,1,20,32539,57417222
O,1,0,8,85971,57440415
O,2,1,21,67116,57480420
O,3,1,21,67002,57442111
O,0,0,9,48821,57493409
O,1,0,8,48618,57453921
O,2,1,20,32409,57493782
O,3,1,20,32539,57455513
O,0,1,20,67254,57499589
O,1,1,20,32624,57455527
O,3,0,8,85716,57460102
O,0,1,20,32755,57455549
O,1,0,8,85968,57460144
O,2,0,8,48457,57513077
O,3,1,20,67003,57461256
O,0,0,8,48822,57513138
O,1,1,21,32625,57474672
O,2,0,8,85738,57519290
O,3,1,21,32539,57474658
O,0,0,8,85953,57519326
O,1,0,8,85970,57479872
O,2,1,21,32409,57474636
O,3,0,8,85717,57479830
O,0,1,21,32756,57474694
O,1,1,21,67364,57480462
O,2,0,8,48457,57532807
O,3,1,21,67005,57480402
O,0,0,8,85953,57539055
O,1,1,20,32624,57493818
O,2,0,8,85738,57539019
O,3,1,20,32538,57493803
O,0,1,20,32755,57493839
O,1,0,9,85970,57499600
O,2,1,20,32409,57493782
Q,57553503,0,1.38123,-1.72872,1.39665
Q,57553503,1,1.37387,-1.75993,1.39821
Q,57553503,2,1.14428,-1.24156,1.79266
Q,57553503,3,1.34699,-1.72326,1.39462
A,0,0,31.05,-2.63
ANG S0 | BS0 h= +31.05 v=  -2.63 deg
A,0,1,-20.96,-4.16
ANG S0 | BS1 h= -20.96 v=  -4.16 deg
A,1,0,30.76,-1.92
ANG S1 | BS0 h= +30.76 v=  -1.92 deg
A,1,1,-21.00,-3.45
ANG S1 | BS1 h= -21.00 v=  -3.45 deg
A,2,0,31.55,-4.21
ANG S2 | BS0 h= +31.55 v=  -4.21 deg
A,2,1,-31.43,-20.39
ANG S2 | BS1 h= -31.43 v= -20.39 deg
A,3,0,30.43,-2.82
ANG S3 | BS0 h= +30.43 v=  -2.82 deg
A,3,1,-21.71,-4.26
ANG S3 | BS1 h= -21.71 v=  -4.26 deg
C_RAW,1.3116,-1.6134,1.4955
C,1.3116,-1.6134,1.1648
O,0,0,9,48818,57552595
O,0,1,20,67255,57576171
O,0,0,8,85952,57578512
O,1,0,8,85971,57519329
O,1,1,21,67364,57537898
O,1,1,21,32624,57512963
O,2,0,8,48457,57572263
O,2,1,20,67113,57557002
O,2,0,8,85737,57578476
O,3,0,8,85718,57519287
O,3,1,21,67006,57537840
O,3,1,21,32540,57532094
O,1,0,8,85971,57539058
O,2,1,20,32411,57589511
O,3,1,20,32538,57551240
O,0,0,8,48819,57592053
O,1,0,9,48616,57552561
O,2,0,8,85736,57598212
O,3,1,20,67003,57556986
O,0,0,8,85952,57598241
O,1,1,20,67362,57557044
O,2,1,20,67113,57557002
O,3,0,9,85716,57558744
O,0,0,8,48820,57611781
O,1,1,20,32626,57570400
O,2,1,20,67115,57614438
O,3,0,8,48657,57572296
O,0,0,8,85951,57617970
O,1,1,20,67364,57576189
O,2,0,8,85736,57617939
O,3,1,20,67005,57576129
O,0,1,20,32756,57627857
O,1,0,8,85970,57578515
O,3,0,8,48655,57592025
O,0,1,20,67255,57633607
O,1,1,20,67364,57595334
O,2,0,8,85738,57637673
O,3,1,20,67005,57595276
O,0,0,8,85954,57637699
O,1,0,8,85969,57598244
O,2,1,20,32409,57646946
O,3,0,8,85717,57598204
Q,57653749,0,1.38120,-1.72884,1.39657
Q,57653749,1,1.37385,-1.76001,1.39819
Q,57653749,2,1.47717,-1.25703,1.54672
Q,57653749,3,1.34696,-1.72332,1.39453
A,0,0,31.05,-2.63
ANG S0 | BS0 h= +31.05 v=  -2.63 deg
A,0,1,-20.96,-4.16
ANG S0 | BS1 h= -20.96 v=  -4.16 deg
A,1,0,30.76,-1.92
ANG S1 | BS0 h= +30.76 v=  -1.92 deg
A,1,1,-21.00,-3.45
ANG S1 | BS1 h= -21.00 v=  -3.45 deg
A,2,0,31.27,-3.79
ANG S2 | BS0 h= +31.27 v=  -3.79 deg
A,2,1,-16.56,-25.84
ANG S2 | BS1 h= -16.56 v= -25.84 deg
A,3,0,30.43,-2.82
ANG S3 | BS0 h= +30.43 v=  -2.82 deg
A,3,1,-21.71,-4.26
ANG S3 | BS1 h= -21.71 v=  -4.26 deg
C_RAW,1.3948,-1.6173,1.4340
C,1.3948,-1.6173,1.0855
O,0,0,8,48820,57651239
O,0,1,20,67254,57671898
O,0,0,8,85954,57677156
O,0,1,20,32755,57666148
O,1,0,8,85969,57617973
O,1,1,20,67364,57633625
O,1,0,8,48620,57631477
O,2,0,8,85739,57677121
O,2,1,20,67115,57633584
O,3,0,8,85716,57617932
O,3,1,20,67005,57633567
O,3,0,8,48658,57631483
O,3,0,8,85718,57637665
O,0,1,20,32755,57685294
O,1,0,8,48618,57651205
O,2,1,20,67115,57691020
O,3,0,8,48655,57651212
O,0,0,8,85952,57696885
O,2,0,8,85736,57696854
O,3,1,20,67003,57652712
O,0,1,21,32757,57704441
O,1,0,8,85970,57657431
O,2,1,21,32410,57704382
O,3,0,8,48658,57670941
O,0,0,8,48821,57710425
O,1,0,8,48620,57670934
O,2,0,8,85738,57716583
O,3,1,20,67004,57671856
O,0,0,8,85953,57716614
O,1,1,20,67363,57671916
O,2,1,21,32409,57723528
O,3,0,8,85719,57677117
O,0,1,21,67255,57729334
O,1,0,8,48618,57690663
O,3,0,8,48655,57690669
O,0,0,9,85951,57736343
O,1,1,20,67363,57691061
O,2,0,9,85736,57736312
O,3,0,8,85717,57696847
O,0,1,20,32755,57742730
O,1,0,8,85970,57696888
O,2,1,20,67114,57748456
O,3,1,21,67005,57710148
Q,57754089,0,1.38122,-1.72883,1.39656
Q,57754089,1,1.37383,-1.75999,1.39812
Q,57754089,2,1.43529,-1.51417,1.31919
Q,57754089,3,1.34695,-1.72335,1.39452
A,0,0,31.05,-2.63
ANG S0 | BS0 h= +31.05 v=  -2.63 deg
A,0,1,-20.95,-4.16
ANG S0 | BS1 h= -20.95 v=  -4.16 deg
A,1,0,30.75,-1.92
ANG S1 | BS0 h= +30.75 v=  -1.92 deg
A,1,1,-21.00,-3.45
ANG S1 | BS1 h= -21.00 v=  -3.45 deg
A,2,0,31.27,-3.79
ANG S2 | BS0 h= +31.27 v=  -3.79 deg
A,2,1,-19.09,-14.96
ANG S2 | BS1 h= -19.09 v= -14.96 deg
A,3,0,30.43,-2.82
ANG S3 | BS0 h= +30.43 v=  -2.82 deg
A,3,1,-21.71,-4.26
ANG S3 | BS1 h= -21.71 v=  -4.26 deg
C_RAW,1.3843,-1.6816,1.3771
C,1.3843,-1.6816,1.0122
O,0,0,9,48821,57749883
O,0,1,20,67253,57767625
O,0,0,9,85953,57775800
O,0,1,20,32756,57781021
O,1,0,8,85971,57716617
O,1,1,21,67364,57729352
O,1,0,9,48617,57730121
O,2,0,9,48456,57769550
O,2,1,20,32408,57761818
O,2,0,9,85738,57775764
O,3,0,9,85717,57736305
O,3,1,21,67004,57729294
O,3,0,8,48657,57710398
O,1,1,20,32624,57742708
O,2,1,20,67115,57786748
O,3,1,20,67003,57748439
O,0,0,8,48821,57789342
O,1,0,9,48618,57749849
O,2,0,8,85738,57795499
O,3,0,9,48657,57749855
O,0,1,21,32757,57800166
O,1,0,9,85970,57756074
O,2,1,21,32410,57800110
O,3,1,20,32537,57761839
O,0,1,21,67256,57805916
O,1,1,20,67362,57767643
O,2,0,8,48456,57809009
O,3,1,20,67003,57767583
O,0,0,8,85952,57815257
O,1,0,9,48619,57769577
O,2,1,20,32410,57819255
O,3,0,9,85718,57775760
O,0,1,20,32756,57819312
O,1,1,20,32625,57780999
O,2,0,8,48457,57828738
O,3,1,20,67005,57786730
O,0,0,8,48821,57828797
O,1,0,8,48619,57789306
O,2,0,8,85738,57834955
O,3,0,8,85718,57795491
O,0,1,20,32757,57838460
O,1,1,21,32626,57800144
O,2,1,20,67115,57844183
O,3,1,21,32541,57800130
O,0,0,9,48822,57848526
Q,57854403,0,1.38123,-1.72880,1.39653
Q,57854403,1,1.37382,-1.76002,1.39813
Q,57854403,2,1.39894,-1.61422,1.32114
Q,57854403,3,1.34696,-1.72334,1.39451
A,0,0,31.05,-2.63
ANG S0 | BS0 h= +31.05 v=  -2.63 deg
A,0,1,-20.95,-4.16
ANG S0 | BS1 h= -20.95 v=  -4.16 deg
A,1,0,30.75,-1.92
ANG S1 | BS0 h= +30.75 v=  -1.92 deg
A,1,1,-21.00,-3.45
ANG S1 | BS1 h= -21.00 v=  -3.45 deg
A,2,0,30.72,-2.97
ANG S2 | BS0 h= +30.72 v=  -2.97 deg
A,2,1,-20.05,-10.85
ANG S2 | BS1 h= -20.05 v= -10.85 deg
A,3,0,30.43,-2.82
ANG S3 | BS0 h= +30.43 v=  -2.82 deg
A,3,1,-21.71,-4.26
ANG S3 | BS1 h= -21.71 v=  -4.26 deg
C_RAW,1.3752,-1.7066,1.3776
C,1.3752,-1.7066,1.0129
O,0,0,8,48822,57868255
O,0,1,20,67254,57863352
O,0,1,20,32755,57876748
O,1,0,8,85970,57815260
O,1,1,21,67365,57805934
O,1,0,8,48620,57828764
O,1,1,20,32626,57838435
O,2,0,8,48457,57868194
O,2,1,20,32408,57876690
O,2,0,9,85738,57854686
O,2,1,20,67113,57882474
O,3,0,8,85718,57834948
O,3,1,20,67005,57825021
O,3,0,8,48656,57809041
O,3,1,20,32540,57838423
O,0,0,9,48819,57887986
O,1,1,20,67364,57844225
O,2,0,9,48454,57887925
O,3,0,9,48658,57848499
O,0,1,20,32756,57895893
O,1,0,9,85971,57854718
O,2,1,20,32410,57895837
O,3,1,20,32538,57857566
O,0,1,20,67255,57901643
O,1,1,20,67362,57863370
O,2,0,8,48457,57907653
O,3,1,20,67003,57863310
O,0,0,8,48821,57907714
O,1,0,8,85972,57874446
O,2,1,20,32411,57914982
O,3,1,20,32537,57876712
O,0,1,20,67256,57920788
O,1,1,20,32623,57876726
O,2,1,20,67117,57920765
O,3,1,20,67002,57882456
O,0,0,8,48822,57927441
O,1,1,20,67361,57882515
O,2,1,20,32411,57934127
O,3,0,9,85716,57894135
O,0,1,20,32756,57934184
O,1,1,20,32625,57895871
O,2,1,20,67116,57939910
O,3,1,20,32539,57895857
O,0,1,20,67256,57939934
O,1,1,20,67363,57901661
O,2,0,9,48456,57947110
O,3,1,20,67004,57901602
Q,57954704,0,1.38125,-1.72883,1.39650
Q,57954704,1,1.37383,-1.75995,1.39817
Q,57954704,2,1.37387,-1.67865,1.35208
Q,57954704,3,1.34693,-1.72331,1.39454
A,0,0,31.05,-2.63
ANG S0 | BS0 h= +31.05 v=  -2.63 deg
A,0,1,-20.95,-4.16
ANG S0 | BS1 h= -20.95 v=  -4.16 deg
A,1,0,30.76,-1.92
ANG S1 | BS0 h= +30.76 v=  -1.92 deg
A,1,1,-21.00,-3.45
ANG S1 | BS1 h= -21.00 v=  -3.45 deg
A,2,0,30.60,-2.80
ANG S2 | BS0 h= +30.60 v=  -2.80 deg
A,2,1,-20.87,-7.28
ANG S2 | BS1 h= -20.87 v=  -7.28 deg
A,3,0,30.43,-2.82
ANG S3 | BS0 h= +30.43 v=  -2.82 deg
A,3,1,-21.71,-4.26
ANG S3 | BS1 h= -21.71 v=  -4.26 deg
C_RAW,1.3690,-1.7227,1.3853
C,1.3690,-1.7227,1.0228
O,0,0,9,48820,57966899
O,0,1,20,67254,57978225
O,0,0,9,85951,57973087
O,1,0,8,85972,57933633
O,1,1,20,32626,57934162
O,2,0,9,48456,57986566
O,2,1,20,32409,57972417
O,2,0,9,85738,57953322
O,2,1,20,67114,57978201
O,3,0,8,85719,57933592
O,3,1,20,67005,57920748
O,3,1,20,32539,57934148
O,3,1,20,67005,57939893
O,0,0,9,48821,57986627
O,1,1,21,32624,57953308
O,2,0,9,85738,57992780
O,3,1,21,32538,57953293
O,0,1,20,67253,57997370
O,1,0,9,85970,57953361
O,2,1,20,67113,57997347
O,3,0,9,85718,57953319
O,0,0,9,48821,58006356
O,1,1,21,67363,57959097
O,2,0,9,85737,58012514
O,3,1,20,32538,57972439
O,0,1,20,67254,58016516
O,1,0,9,85969,57973090
O,2,1,20,67114,58016492
O,3,0,9,85717,57973048
O,0,0,9,85951,57973087
O,1,1,20,67362,57978243
O,2,0,8,48456,58026025
O,3,0,9,48658,57986600
O,0,1,21,32756,58029911
O,1,1,20,32624,57991599
O,2,0,8,85736,58032253
O,3,0,9,85718,57992778
O,0,1,21,67254,58035660
O,1,0,9,85970,57992820
O,2,1,21,67114,58035639
O,3,1,20,67002,57997330
O,0,0,8,48819,58045813
O,1,0,9,48618,58006322
O,2,1,21,32409,58049000
O,3,1,20,32539,58010729
Q,58055175,0,1.38123,-1.72882,1.39647
Q,58055175,1,1.37381,-1.75996,1.39817
Q,58055175,2,1.36158,-1.70666,1.36616
Q,58055175,3,1.34693,-1.72329,1.39455
A,0,0,31.05,-2.63
ANG S0 | BS0 h= +31.05 v=  -2.63 deg
A,0,1,-20.95,-4.16
ANG S0 | BS1 h= -20.95 v=  -4.16 deg
A,1,0,30.75,-1.92
ANG S1 | BS0 h= +30.75 v=  -1.92 deg
A,1,1,-21.00,-3.45
ANG S1 | BS1 h= -21.00 v=  -3.45 deg
A,2,0,30.44,-2.55
ANG S2 | BS0 h= +30.44 v=  -2.55 deg
A,2,1,-21.19,-5.94
ANG S2 | BS1 h= -21.19 v=  -5.94 deg
A,3,0,30.43,-2.82
ANG S3 | BS0 h= +30.43 v=  -2.82 deg
A,3,1,-21.71,-4.26
ANG S3 | BS1 h= -21.71 v=  -4.26 deg
C_RAW,1.3659,-1.7297,1.3888
C,1.3659,-1.7297,1.0274
RUN: main loop
O,0,1,20,67255,58073951
O,0,0,8,85952,58032275
O,0,1,20,32756,58068201
O,1,0,8,85969,58032282
O,1,1,21,67364,58035679
O,1,0,8,48618,58026051
O,2,0,8,48454,58065483
O,2,0,8,85735,58071694
O,2,1,20,67115,58073928
O,3,0,8,85717,58032236
O,3,1,21,67004,58035620
O,2,1,21,32409,58087292
O,3,0,8,48655,58045786
O,0,0,8,85951,58091459
O,1,0,8,85969,58052005
O,2,1,21,67114,58093073
O,3,0,8,85716,58051964
O,0,1,21,67255,58093097
O,1,1,21,67364,58054824
O,2,0,8,85735,58051972
O,3,0,8,48655,58065515
O,0,1,21,32754,58106492
O,1,0,8,48618,58065508
O,2,1,21,67112,58112218
O,3,0,8,85716,58071691
O,0,1,21,67253,58112242
O,1,0,8,85969,58071733
O,2,0,8,85735,58071694
O,3,1,20,67004,58073909
O,0,0,8,48819,58124728
O,1,0,8,48617,58085237
O,2,1,21,32407,58125581
O,3,0,8,85716,58091422
O,0,1,21,67253,58131387
O,1,0,8,85969,58091462
O,3,1,21,67004,58093056
O,0,0,8,85951,58091459
O,1,1,21,67364,58093115
O,2,0,9,48456,58144398
O,3,0,8,48657,58104972
O,0,1,20,32756,58144783
O,1,0,8,85971,58111193
O,2,0,9,85738,58150610
Q,58155518,0,1.38118,-1.72886,1.39646
Q,58155518,1,1.37377,-1.75999,1.39808
Q,58155518,2,1.35362,-1.72416,1.37625
Q,58155518,3,1.34690,-1.72335,1.39446
A,0,0,31.04,-2.63
ANG S0 | BS0 h= +31.04 v=  -2.63 deg
A,0,1,-20.95,-4.16
ANG S0 | BS1 h= -20.95 v=  -4.16 deg
A,1,0,30.75,-1.92
ANG S1 | BS0 h= +30.75 v=  -1.92 deg
A,1,1,-21.00,-3.45
ANG S1 | BS1 h= -21.00 v=  -3.45 deg
A,2,0,30.33,-2.40
ANG S2 | BS0 h= +30.33 v=  -2.40 deg
A,2,1,-21.39,-5.07
ANG S2 | BS1 h= -21.39 v=  -5.07 deg
A,3,0,30.42,-2.82
ANG S3 | BS0 h= +30.42 v=  -2.82 deg
A,3,1,-21.71,-4.26
ANG S3 | BS1 h= -21.71 v=  -4.26 deg
C_RAW,1.3639,-1.7341,1.3913
C,1.3639,-1.7341,1.0305
O,0,0,9,48821,58183915
O,0,0,8,85955,58170375
O,1,0,8,85970,58130920
O,1,1,21,67362,58131405
O,1,0,9,48618,58144423
O,2,0,8,48457,58164125
O,2,0,8,85736,58130887
O,3,0,8,85717,58130879
O,3,1,21,67002,58112201
O,3,0,9,48657,58144430
O,3,1,21,32537,58125601
O,2,1,21,67116,58188804
O,3,1,20,67004,58150492
O,0,0,9,85953,58190105
O,1,1,20,67363,58150550
O,2,0,9,85738,58190077
O,3,0,9,85718,58150607
O,0,1,20,32755,58202220
O,1,1,20,32625,58163906
O,2,0,8,48455,58203584
O,3,1,20,32539,58163892
O,0,0,8,48819,58203644
O,1,1,20,67363,58169696
O,2,0,8,85736,58209814
O,3,1,20,67004,58169636
O,0,1,20,67254,58207968
O,1,0,8,85972,58170378
O,2,1,21,32409,58221307
O,3,1,21,32539,58183037
O,0,1,21,32756,58221364
O,1,0,9,48619,58183881
O,3,1,21,67004,58188783
O,0,1,21,67256,58227114
O,1,1,21,67364,58188841
O,2,0,9,85737,58229531
O,3,0,9,85719,58190066
O,0,0,9,85951,58229561
O,1,1,20,32624,58202197
O,2,0,8,48456,58243042
O,3,0,8,48655,58203616
O,0,1,21,67256,58246259
O,1,1,20,67363,58207986
Q,58255810,0,1.38121,-1.72889,1.39654
Q,58255810,1,1.37380,-1.76001,1.39814
Q,58255810,2,1.34967,-1.73299,1.37852
Q,58255810,3,1.34690,-1.72336,1.39452
A,0,0,31.05,-2.62
ANG S0 | BS0 h= +31.05 v=  -2.62 deg
A,0,1,-20.95,-4.16
ANG S0 | BS1 h= -20.95 v=  -4.16 deg
A,1,0,30.75,-1.92
ANG S1 | BS0 h= +30.75 v=  -1.92 deg
A,1,1,-21.00,-3.45
ANG S1 | BS1 h= -21.00 v=  -3.45 deg
A,2,0,30.24,-2.26
ANG S2 | BS0 h= +30.24 v=  -2.26 deg
A,2,1,-21.46,-4.77
ANG S2 | BS1 h= -21.46 v=  -4.77 deg
A,3,0,30.43,-2.82
ANG S3 | BS0 h= +30.43 v=  -2.82 deg
A,3,1,-21.71,-4.26
ANG S3 | BS1 h= -21.71 v=  -4.26 deg
C_RAW,1.3629,-1.7363,1.3919
C,1.3629,-1.7363,1.0313
O,0,0,8,48820,58282559
O,0,1,21,67257,58265405
O,0,0,9,85951,58269018
O,0,1,21,32757,58259655
O,1,0,9,85968,58229564
O,1,1,21,67364,58227132
O,1,0,8,48619,58243067
O,2,0,8,48456,58282498
O,2,1,21,32410,58259599
O,2,0,8,85738,58249258
O,3,0,9,85717,58229523
O,3,1,21,67005,58227073
O,3,1,21,32539,58240473
O,2,0,8,85738,58288718
O,3,1,21,67006,58246219
O,0,1,20,67256,58284550
O,1,1,21,67365,58246277
O,2,1,20,32410,58297891
O,3,0,8,85718,58249252
O,0,1,20,32756,58297946
O,1,0,9,48617,58262796
O,2,1,20,67115,58303673
O,3,1,21,67006,58265363
O,1,1,21,67365,58265423
O,2,0,8,85736,58308445
O,3,0,9,85717,58268979
O,0,0,8,85952,58308476
O,1,0,9,85968,58269021
O,2,1,21,67114,58322818
O,3,0,8,48656,58282531
O,0,0,8,48820,58322017
O,2,0,8,85738,58328174
O,3,1,20,67006,58284509
O,0,1,21,67254,58322842
O,1,0,8,85970,58288752
O,2,1,20,32410,58336181
O,3,0,8,85717,58288710
O,0,0,8,48822,58341745
O,1,0,8,48619,58302254
O,2,1,20,67115,58341964
O,3,1,20,67005,58303656
O,0,1,20,67255,58341987
O,1,1,20,67364,58303714
Q,58356161,0,1.38124,-1.72893,1.39645
Q,58356161,1,1.37378,-1.76000,1.39806
Q,58356161,2,1.34642,-1.74003,1.38517
Q,58356161,3,1.34691,-1.72339,1.39449
A,0,0,31.04,-2.63
ANG S0 | BS0 h= +31.04 v=  -2.63 deg
A,0,1,-20.95,-4.16
ANG S0 | BS1 h= -20.95 v=  -4.16 deg
A,1,0,30.75,-1.92
ANG S1 | BS0 h= +30.75 v=  -1.92 deg
A,1,1,-21.00,-3.45
ANG S1 | BS1 h= -21.00 v=  -3.45 deg
A,2,0,30.22,-2.23
ANG S2 | BS0 h= +30.22 v=  -2.23 deg
A,2,1,-21.56,-4.33
ANG S2 | BS1 h= -21.56 v=  -4.33 deg
A,3,0,30.42,-2.82
ANG S3 | BS0 h= +30.42 v=  -2.82 deg
A,3,1,-21.71,-4.26
ANG S3 | BS1 h= -21.71 v=  -4.26 deg
C_RAW,1.3621,-1.7381,1.3935
C,1.3621,-1.7381,1.0334
O,0,0,9,48822,58361474
O,0,1,21,67253,58380278
O,0,0,9,85953,58367662
O,1,0,8,85971,58328208
O,1,0,8,48620,58341711
O,2,0,8,48455,58381142
O,2,1,21,32408,58374470
O,2,0,9,85739,58367626
O,3,0,8,85717,58328167
O,3,1,21,67004,58322800
O,3,0,8,48658,58341717
O,1,1,20,67364,58342005
O,2,0,8,85736,58387355
O,3,0,8,85719,58347895
O,0,0,8,85951,58387391
O,1,0,8,85971,58347936
O,2,1,21,67114,58399400
O,3,1,21,67004,58361093
O,0,1,21,67254,58399423
O,1,1,21,67364,58361151
O,2,0,9,85737,58407094
O,3,0,9,48659,58361446
O,0,0,9,85951,58407120
O,1,0,9,85971,58367665
O,2,1,20,32409,58412764
O,3,1,21,32538,58374492
O,0,1,20,67253,58418568
O,1,1,21,67362,58380296
O,2,0,8,48456,58420600
O,3,0,8,48655,58381175
O,0,0,8,48820,58420660
O,1,0,8,48618,58381169
O,2,1,21,32410,58431907
O,3,0,8,85716,58387352
O,0,0,8,85952,58426848
O,1,1,21,32625,58393652
O,2,1,21,67116,58437690
O,3,1,21,67004,58399385
O,0,1,21,67256,58437714
O,1,0,9,48618,58400898
O,2,0,9,85738,58446546
O,3,0,9,85717,58407084
O,0,0,9,85953,58446577
Q,58456485,0,1.38125,-1.72890,1.39645
Q,58456485,1,1.37380,-1.75996,1.39813
Q,58456485,2,1.34335,-1.74664,1.39082
Q,58456485,3,1.34692,-1.72335,1.39452
A,0,0,31.05,-2.63
ANG S0 | BS0 h= +31.05 v=  -2.63 deg
A,0,1,-20.95,-4.16
ANG S0 | BS1 h= -20.95 v=  -4.16 deg
A,1,0,30.75,-1.92
ANG S1 | BS0 h= +30.75 v=  -1.92 deg
A,1,1,-21.00,-3.45
ANG S1 | BS1 h= -21.00 v=  -3.45 deg
A,2,0,30.19,-2.19
ANG S2 | BS0 h= +30.19 v=  -2.19 deg
A,2,1,-21.65,-3.94
ANG S2 | BS1 h= -21.65 v=  -3.94 deg
A,3,0,30.43,-2.82
ANG S3 | BS0 h= +30.43 v=  -2.82 deg
A,3,1,-21.71,-4.26
ANG S3 | BS1 h= -21.71 v=  -4.26 deg
C_RAW,1.3613,-1.7397,1.3950
C,1.3613,-1.7397,1.0353
O,0,0,8,48820,58460117
O,0,1,20,67254,58476004
O,0,0,8,85952,58466306
O,1,0,9,85969,58407123
O,1,1,21,67364,58437732
O,1,0,8,48619,58420626
O,1,1,21,32626,58431943
O,2,0,8,48456,58460059
O,2,1,20,32410,58470197
O,2,0,9,85738,58485999
O,2,1,20,67114,58475981
O,3,0,8,85717,58426811
O,3,1,21,67004,58437673
O,3,0,9,48659,58440365
O,3,1,20,32538,58412783
O,0,0,9,85953,58486034
O,1,0,9,85970,58446580
O,2,1,21,67114,58495126
O,3,1,21,32540,58451073
O,0,1,21,32756,58489400
O,1,1,21,67364,58456881
O,2,0,8,48457,58499516
O,3,1,21,67005,58456818
O,0,0,8,48822,58499575
O,1,0,8,85970,58466309
O,2,1,21,32410,58508489
O,3,0,8,85717,58466267
O,0,1,21,32757,58508545
O,1,1,20,32625,58470233
O,2,0,8,48457,58519244
O,3,1,20,67004,58475963
O,0,1,21,67255,58514295
O,1,1,20,67363,58476022
O,2,0,8,85738,58525462
O,3,0,9,85719,58485995
O,0,0,8,85954,58525492
O,1,0,9,85971,58486037
O,2,1,20,67115,58533417
O,3,1,21,32539,58489365
O,0,1,20,67255,58533440
O,1,1,21,67363,58495168
O,2,0,9,48454,58538973
O,3,0,8,48658,58499547
O,0,0,9,85951,58545221
O,1,0,8,85971,58505768
O,2,1,21,67115,58552563
O,3,1,21,32540,58508509
Q,58556881,0,1.38127,-1.72885,1.39648
Q,58556881,1,1.37383,-1.75999,1.39807
Q,58556881,2,1.34192,-1.74971,1.39263
Q,58556881,3,1.34698,-1.72331,1.39455
A,0,0,31.05,-2.63
ANG S0 | BS0 h= +31.05 v=  -2.63 deg
A,0,1,-20.95,-4.16
ANG S0 | BS1 h= -20.95 v=  -4.16 deg
A,1,0,30.75,-1.92
ANG S1 | BS0 h= +30.75 v=  -1.92 deg
A,1,1,-21.00,-3.45
ANG S1 | BS1 h= -21.00 v=  -3.45 deg
A,2,0,30.17,-2.15
ANG S2 | BS0 h= +30.17 v=  -2.15 deg
A,2,1,-21.68,-3.80
ANG S2 | BS1 h= -21.68 v=  -3.80 deg
A,3,0,30.43,-2.82
ANG S3 | BS0 h= +30.43 v=  -2.82 deg
A,3,1,-21.71,-4.26
ANG S3 | BS1 h= -21.71 v=  -4.26 deg
C_RAW,1.3610,-1.7405,1.3954
C,1.3610,-1.7405,1.0359
O,0,1,21,67254,58571731
O,0,0,9,85953,58564949
O,0,1,21,32756,58565982
O,1,0,9,85968,58545223
O,1,1,21,67364,58514313
O,1,1,20,32626,58527669
O,2,0,9,48457,58578429
O,2,1,20,32411,58585069
O,2,1,21,67114,58571708
O,3,0,8,85718,58525455
O,3,1,20,67005,58533400
O,3,1,20,32540,58527655
O,3,0,9,85716,58545183
O,0,1,20,32757,58585127
O,1,1,21,32626,58546814
O,2,1,20,67114,58590853
O,3,1,21,32539,58546800
O,0,1,20,67254,58590879
O,2,0,8,48456,58598159
O,3,0,9,85719,58564910
O,0,1,20,32756,58604272
O,1,0,9,85971,58564952
O,2,1,20,67114,58609998
O,3,1,21,32539,58565946
O,0,0,8,85953,58604407
O,1,1,21,32624,58565960
O,2,0,9,48457,58617888
O,3,1,21,67003,58571689
O,0,1,20,67254,58610022
O,1,0,9,85971,58584681
O,2,0,9,85739,58624100
O,3,1,20,32540,58585091
O,0,0,9,85953,58624136
O,1,1,20,32626,58585105
O,3,1,20,67004,58590837
O,0,1,21,67254,58629169
O,1,1,20,67363,58590895
O,2,1,21,32410,58642506
O,3,1,20,32539,58604236
O,0,1,21,32757,58642563
O,1,1,20,32625,58604250
O,3,0,8,85717,58604368
O,0,0,9,85951,58643864
Q,58657201,0,1.38125,-1.72879,1.39649
Q,58657201,1,1.37385,-1.75999,1.39803
Q,58657201,2,1.34124,-1.75118,1.39409
Q,58657201,3,1.34699,-1.72329,1.39451
A,0,0,31.05,-2.63
ANG S0 | BS0 h= +31.05 v=  -2.63 deg
A,0,1,-20.95,-4.16
ANG S0 | BS1 h= -20.95 v=  -4.16 deg
A,1,0,30.75,-1.92
ANG S1 | BS0 h= +30.75 v=  -1.92 deg
A,1,1,-21.00,-3.45
ANG S1 | BS1 h= -21.00 v=  -3.45 deg
A,2,0,30.16,-2.14
ANG S2 | BS0 h= +30.16 v=  -2.14 deg
A,2,1,-21.71,-3.71
ANG S2 | BS1 h= -21.71 v=  -3.71 deg
A,3,0,30.43,-2.82
ANG S3 | BS0 h= +30.43 v=  -2.82 deg
A,3,1,-21.71,-4.26
ANG S3 | BS1 h= -21.71 v=  -4.26 deg
C_RAW,1.3608,-1.7408,1.3958
C,1.3608,-1.7408,1.0363
O,0,0,8,48822,58677133
O,0,1,20,67254,58667458
O,0,0,8,85953,58683322
O,1,0,9,85971,58624139
O,1,0,9,48620,58617915
O,1,1,21,32625,58642541
O,2,0,8,48457,58677073
O,2,0,8,85738,58683286
O,2,1,20,67114,58667434
O,3,0,9,85717,58643827
O,3,1,21,67004,58629127
O,3,1,21,32539,58623381
O,1,0,9,85968,58643867
O,2,1,21,67116,58686580
O,3,1,21,67005,58648272
O,0,1,21,67256,58686603
O,1,1,21,67364,58648330
O,2,1,20,32412,58699943
O,3,1,20,32539,58661672
O,0,0,8,85953,58703050
O,1,0,8,85970,58663596
O,2,1,20,67117,58705726
O,3,0,8,85717,58663554
O,0,1,20,67256,58705750
O,1,1,20,67363,58667476
O,2,0,8,48457,58716531
O,3,0,8,48658,58677106
O,0,0,8,48821,58716591
O,1,1,21,32626,58680832
O,2,1,20,67117,58724871
O,3,0,8,85718,58683283
O,0,0,8,85953,58722779
O,1,0,8,85971,58683325
O,2,0,8,85738,58683286
O,3,1,21,67006,58686562
O,0,1,20,67256,58724894
O,1,0,8,48620,58696828
O,2,1,20,32412,58738235
O,3,0,8,85718,58703013
O,0,0,8,85952,58742508
O,1,0,8,85971,58703053
O,3,1,20,67006,58705710
Q,58757325,0,1.38126,-1.72876,1.39649
Q,58757325,1,1.37389,-1.75995,1.39809
Q,58757325,2,1.34084,-1.75221,1.39491
Q,58757325,3,1.34701,-1.72333,1.39449
A,0,0,31.05,-2.63
ANG S0 | BS0 h= +31.05 v=  -2.63 deg
A,0,1,-20.95,-4.16
ANG S0 | BS1 h= -20.95 v=  -4.16 deg
A,1,0,30.76,-1.92
ANG S1 | BS0 h= +30.76 v=  -1.92 deg
A,1,1,-21.00,-3.45
ANG S1 | BS1 h= -21.00 v=  -3.45 deg
A,2,0,30.16,-2.14
ANG S2 | BS0 h= +30.16 v=  -2.14 deg
A,2,1,-21.72,-3.65
ANG S2 | BS1 h= -21.72 v=  -3.65 deg
A,3,0,30.43,-2.82
ANG S3 | BS0 h= +30.43 v=  -2.82 deg
A,3,1,-21.71,-4.26
ANG S3 | BS1 h= -21.71 v=  -4.26 deg
C_RAW,1.3608,-1.7411,1.3960
C,1.3608,-1.7411,1.0366
O,0,0,8,48822,58775777
O,0,1,20,67254,58763185
O,0,0,8,85953,58781965
O,1,0,8,85970,58742511
O,1,0,8,48619,58736286
O,2,0,8,85738,58722749
O,2,1,20,32409,58757379
O,2,1,20,67114,58782307
O,3,0,8,85717,58742470
O,3,0,8,48656,58736292
O,2,0,8,85737,58742479
O,3,1,20,67005,58743999
O,0,1,20,67254,58782330
O,1,0,8,48619,58756014
O,2,1,20,32409,58795668
O,3,0,8,48656,58756021
O,0,1,20,67253,58801475
O,1,0,8,85970,58762239
O,2,0,9,85738,58801658
O,3,0,8,85717,58762199
O,0,0,9,85952,58801694
O,1,1,20,67362,58763203
O,2,0,8,85736,58762207
O,3,0,8,48658,58775749
O,0,1,20,32757,58814871
O,1,0,8,48620,58775743
O,2,0,8,85737,58821396
O,3,0,8,85718,58781926
O,0,1,20,67255,58820621
O,1,0,8,85971,58781968
O,2,0,8,85738,58781929
O,3,1,20,67004,58782288
O,0,0,8,85952,58821424
O,1,0,9,48618,58795472
O,2,0,8,48456,58834903
O,3,1,20,32538,58795690
O,0,1,20,67256,58839766
O,2,0,8,85736,58841118
O,3,1,20,67003,58801435
O,0,0,8,85952,58841152
O,1,0,9,85970,58801697
O,2,0,9,48457,58854632
Q,58857898,0,1.38126,-1.72871,1.39649
Q,58857898,1,1.37388,-1.75996,1.39808
Q,58857898,2,1.61561,-1.06403,2.07237
Q,58857898,3,1.34699,-1.72335,1.39450
A,0,0,31.05,-2.63
ANG S0 | BS0 h= +31.05 v=  -2.63 deg
A,0,1,-20.95,-4.17
ANG S0 | BS1 h= -20.95 v=  -4.17 deg
A,1,0,30.76,-1.92
ANG S1 | BS0 h= +30.76 v=  -1.92 deg
A,1,1,-21.00,-3.45
ANG S1 | BS1 h= -21.00 v=  -3.45 deg
A,2,0,47.09,-27.24
ANG S2 | BS0 h= +47.09 v= -27.24 deg
A,2,1,-21.72,-3.63
ANG S2 | BS1 h= -21.72 v=  -3.63 deg
A,3,0,30.43,-2.82
ANG S3 | BS0 h= +30.43 v=  -2.82 deg
A,3,1,-21.71,-4.26
ANG S3 | BS1 h= -21.71 v=  -4.26 deg
C_RAW,1.4294,-1.5690,1.5654
C,1.4294,-1.5690,1.2547
O,0,0,8,48820,58874421
O,0,1,20,67256,58878057
O,0,0,9,85953,58860880
O,1,0,8,85970,58821426
O,1,1,20,67365,58839784
O,1,1,20,32626,58833995
O,2,0,8,48456,58874360
O,2,0,8,85738,58880573
O,2,1,20,67115,58820597
O,3,0,8,85717,58821385
O,3,1,20,67005,58839725
O,3,0,8,48655,58834936
O,3,1,20,32540,58814835
O,1,0,8,85970,58841159
O,2,1,20,32412,58891401
O,3,1,20,32540,58853126
O,0,1,20,32757,58891453
O,1,0,9,48620,58854658
O,3,1,20,67005,58858877
O,0,1,20,67256,58897202
O,1,1,20,67364,58858931
O,2,0,9,85740,58900309
O,3,0,9,85719,58860842
O,0,0,9,85954,58900338
O,1,1,20,32626,58872286
O,2,0,8,48459,58913823
O,3,0,8,48656,58874393
O,0,0,8,48822,58913878
O,2,0,8,85740,58920036
O,3,1,20,67005,58878015
O,0,1,20,67254,58916350
O,1,0,8,85971,58880612
O,2,1,20,32411,58929687
O,3,1,20,32540,58891418
O,0,0,8,48820,58933607
O,1,0,9,48620,58894116
O,2,0,8,85736,58939767
O,3,1,20,67005,58897162
O,0,1,20,67255,58935495
O,1,1,20,67365,58897221
O,2,1,20,32411,58948833
O,3,0,9,85720,58900300
O,0,0,8,85952,58939796
O,1,0,8,48621,58913845
Q,58957980,0,1.38128,-1.72877,1.39648
Q,58957980,1,1.37393,-1.75995,1.39807
Q,58957980,2,1.53828,-1.27056,1.82472
Q,58957980,3,1.34701,-1.72342,1.39445
A,0,0,31.05,-2.63
ANG S0 | BS0 h= +31.05 v=  -2.63 deg
A,0,1,-20.95,-4.16
ANG S0 | BS1 h= -20.95 v=  -4.16 deg
A,1,0,30.76,-1.92
ANG S1 | BS0 h= +30.76 v=  -1.92 deg
A,1,1,-20.99,-3.45
ANG S1 | BS1 h= -20.99 v=  -3.45 deg
A,2,0,40.99,-18.20
ANG S2 | BS0 h= +40.99 v= -18.20 deg
A,2,1,-21.73,-3.61
ANG S2 | BS1 h= -21.73 v=  -3.61 deg
A,3,0,30.43,-2.82
ANG S3 | BS0 h= +30.43 v=  -2.82 deg
A,3,1,-21.71,-4.26
ANG S3 | BS1 h= -21.71 v=  -4.26 deg
C_RAW,1.4101,-1.6207,1.5034
C,1.4101,-1.6207,1.1749
O,0,0,8,48819,58973065
O,0,1,20,67256,58973784
O,0,0,9,85951,58959524
O,1,0,8,85973,58920070
O,1,1,20,67365,58935513
O,1,0,8,48618,58933574
O,2,1,20,32410,58987122
O,2,0,8,85736,58979217
O,2,1,20,67116,58954615
O,3,0,8,85720,58920029
O,3,1,20,67005,58935454
O,3,0,8,48655,58933580
O,0,0,9,48820,58992794
O,1,0,9,48618,58953302
O,3,0,9,48657,58953309
O,0,1,20,67255,58992930
O,1,1,20,67364,58954657
O,2,0,9,85737,58998951
O,3,0,9,85717,58959487
O,0,0,9,85951,58998982
O,1,0,9,85969,58959527
O,3,0,8,48655,58973037
O,0,1,21,67256,59012075
O,1,0,8,48618,58973031
O,2,0,8,85739,59018680
O,3,1,20,67005,58973742
O,0,0,8,48822,59012522
O,1,0,8,85969,58979256
O,2,1,20,32409,59025414
O,3,1,20,32539,58987144
O,0,1,20,67255,59031221
O,1,0,9,48618,58992760
O,2,0,9,48454,59032191
O,3,1,20,67004,58992889
O,0,0,9,48819,59032250
O,1,0,9,85968,58998984
O,2,1,20,32411,59044560
O,3,0,9,85717,58998944
O,0,1,20,32757,59044616
O,1,1,21,67364,59012097
O,2,0,9,48456,59051920
Q,59058329,0,1.38125,-1.72881,1.39639
Q,59058329,1,1.37389,-1.75999,1.39798
Q,59058329,2,1.50528,-1.35583,1.73252
Q,59058329,3,1.34700,-1.72347,1.39444
A,0,0,31.05,-2.63
ANG S0 | BS0 h= +31.05 v=  -2.63 deg
A,0,1,-20.95,-4.16
ANG S0 | BS1 h= -20.95 v=  -4.16 deg
A,1,0,30.75,-1.93
ANG S1 | BS0 h= +30.75 v=  -1.93 deg
A,1,1,-20.99,-3.45
ANG S1 | BS1 h= -20.99 v=  -3.45 deg
A,2,0,38.82,-14.98
ANG S2 | BS0 h= +38.82 v= -14.98 deg
A,2,1,-21.73,-3.60
ANG S2 | BS1 h= -21.73 v=  -3.60 deg
A,3,0,30.43,-2.81
ANG S3 | BS0 h= +30.43 v=  -2.81 deg
A,3,1,-21.71,-4.26
ANG S3 | BS1 h= -21.71 v=  -4.26 deg
C_RAW,1.4019,-1.6420,1.4803
C,1.4019,-1.6420,1.1452
RUN: main loop
O,0,0,9,48821,59071708
O,0,1,21,67256,59069512
O,0,0,9,85953,59077896
O,1,1,20,67363,59031239
O,1,0,9,48617,59032217
O,1,1,20,32626,59044594
O,2,0,9,48456,59071647
O,2,1,20,32411,59082849
O,2,0,9,85738,59058137
O,2,1,21,67116,59069488
O,3,0,9,85717,59038401
O,3,1,20,67004,59031180
O,3,0,9,48656,59032223
O,2,0,9,48455,59091378
O,3,1,20,67005,59050325
O,0,1,20,67255,59088657
O,1,0,9,48619,59051946
O,2,0,9,85737,59097596
O,3,0,9,85718,59058130
O,0,0,9,85951,59097625
O,1,0,9,85970,59058171
O,2,1,21,32411,59101996
O,3,1,21,32539,59063725
O,0,1,21,67257,59107802
O,1,1,21,67364,59069529
O,2,0,9,48457,59111106
O,3,0,9,48657,59071681
O,0,0,9,48822,59111165
O,1,0,9,85971,59077899
O,2,1,21,32410,59121146
O,3,0,9,85719,59077857
O,0,1,21,32756,59121198
O,1,1,20,32626,59082885
O,2,0,9,48457,59130835
O,0,1,21,67256,59126948
O,2,0,9,85740,59137052
O,3,0,9,85717,59097588
O,0,0,9,85954,59137083
O,1,0,9,85969,59097628
O,2,1,21,67116,59146070
O,3,1,21,32541,59102016
O,0,1,21,67256,59146093
O,1,1,21,67365,59107820
O,2,0,8,48458,59150564
Q,59158400,0,1.38128,-1.72882,1.39640
Q,59158400,1,1.37390,-1.75998,1.39798
Q,59158400,2,1.43125,-1.54002,1.55577
Q,59158400,3,1.34700,-1.72346,1.39445
A,0,0,31.05,-2.63
ANG S0 | BS0 h= +31.05 v=  -2.63 deg
A,0,1,-20.95,-4.16
ANG S0 | BS1 h= -20.95 v=  -4.16 deg
A,1,0,30.75,-1.92
ANG S1 | BS0 h= +30.75 v=  -1.92 deg
A,1,1,-20.99,-3.45
ANG S1 | BS1 h= -20.99 v=  -3.45 deg
A,2,0,34.59,-8.70
ANG S2 | BS0 h= +34.59 v=  -8.70 deg
A,2,1,-21.73,-3.58
ANG S2 | BS1 h= -21.73 v=  -3.58 deg
A,3,0,30.43,-2.81
ANG S3 | BS0 h= +30.43 v=  -2.81 deg
A,3,1,-21.71,-4.26
ANG S3 | BS1 h= -21.71 v=  -4.26 deg
C_RAW,1.3834,-1.6881,1.4361
C,1.3834,-1.6881,1.0883
O,0,0,8,48822,59150623
O,0,1,20,67256,59165238
O,0,0,8,85952,59176540
O,0,1,20,32758,59178634
O,1,0,9,85972,59137086
O,1,1,21,32626,59121176
O,2,1,20,32412,59159433
O,2,0,8,85737,59176505
O,2,1,20,67117,59165215
O,3,0,9,85720,59137045
O,3,1,21,67006,59126907
O,3,1,21,32540,59140307
O,1,1,21,67364,59146111
O,2,0,9,48457,59190020
O,3,1,21,67005,59146052
O,0,0,9,48822,59190081
O,1,0,8,85972,59156815
O,2,1,20,32411,59197723
O,3,1,20,32540,59159453
O,0,1,20,32757,59197779
O,1,1,20,32626,59159467
O,2,1,20,67115,59203506
O,0,1,20,67255,59203529
O,2,1,20,32409,59216868
O,3,0,8,85717,59176501
O,0,0,9,85952,59216000
O,1,1,20,32626,59178612
O,2,1,20,67114,59222651
O,3,1,20,32540,59178598
O,0,1,20,32755,59216925
O,1,1,20,67365,59184402
O,3,1,20,67005,59184342
O,0,0,9,85951,59235726
O,1,0,9,85971,59196272
O,2,1,21,32410,59236012
O,3,1,20,32540,59197743
O,0,1,21,32757,59236070
O,1,1,20,32626,59197758
O,2,1,21,67116,59241797
O,3,1,20,67004,59203488
O,0,1,21,67256,59241820
O,2,0,8,85738,59255419
Q,59258529,0,1.38133,-1.72880,1.39641
Q,59258529,1,1.37392,-1.76002,1.39795
Q,59258529,2,1.39981,-1.61522,1.49394
Q,59258529,3,1.34702,-1.72345,1.39440
A,0,0,31.05,-2.63
ANG S0 | BS0 h= +31.05 v=  -2.63 deg
A,0,1,-20.95,-4.16
ANG S0 | BS1 h= -20.95 v=  -4.16 deg
A,1,0,30.75,-1.92
ANG S1 | BS0 h= +30.75 v=  -1.92 deg
A,1,1,-20.99,-3.45
ANG S1 | BS1 h= -20.99 v=  -3.45 deg
A,2,0,32.99,-6.33
ANG S2 | BS0 h= +32.99 v=  -6.33 deg
A,2,1,-21.74,-3.56
ANG S2 | BS1 h= -21.74 v=  -3.56 deg
A,3,0,30.43,-2.81
ANG S3 | BS0 h= +30.43 v=  -2.81 deg
A,3,1,-21.70,-4.26
ANG S3 | BS1 h= -21.70 v=  -4.26 deg
C_RAW,1.3755,-1.7069,1.4207
C,1.3755,-1.7069,1.0684
O,0,1,21,67256,59280110
O,0,0,9,85954,59275184
O,0,1,20,32756,59255215
O,1,0,9,85968,59235729
O,1,1,21,67364,59241838
O,1,1,21,32626,59236048
O,2,0,8,48457,59288663
O,2,0,9,85740,59275148
O,2,1,21,67116,59280087
O,3,0,9,85717,59235688
O,3,1,20,67004,59222634
O,3,1,21,32540,59236034
O,3,1,21,67005,59241779
O,0,0,8,48822,59288724
O,1,1,20,32625,59255193
O,2,0,8,85738,59294883
O,3,0,8,85718,59255416
O,0,0,8,85953,59294914
O,1,0,8,85971,59255458
O,2,1,21,67116,59299233
O,3,1,20,67004,59260925
O,0,1,21,67256,59299256
O,1,0,9,48620,59268961
O,2,0,8,85739,59314611
O,3,1,21,32540,59274325
O,0,0,8,85954,59314641
O,1,0,9,85972,59275187
O,3,0,9,85720,59275145
O,0,1,21,67254,59318402
O,1,1,21,67365,59280129
O,2,0,9,48458,59328122
O,3,0,8,48658,59288697
O,0,0,9,48822,59328182
O,1,1,21,32626,59293484
O,2,1,21,67114,59337523
O,3,0,8,85718,59294875
O,0,0,9,85954,59334370
O,1,0,8,85971,59294917
O,2,0,8,85738,59294883
O,3,1,21,67006,59299215
O,0,0,8,48820,59347910
O,1,0,8,48621,59308419
O,2,0,8,85738,59354069
Q,59358727,0,1.38136,-1.72883,1.39652
Q,59358727,1,1.37396,-1.75999,1.39803
Q,59358727,2,1.37886,-1.66453,1.45654
Q,59358727,3,1.34704,-1.72339,1.39447
A,0,0,31.05,-2.63
ANG S0 | BS0 h= +31.05 v=  -2.63 deg
A,0,1,-20.95,-4.16
ANG S0 | BS1 h= -20.95 v=  -4.16 deg
A,1,0,30.76,-1.93
ANG S1 | BS0 h= +30.76 v=  -1.93 deg
A,1,1,-20.99,-3.45
ANG S1 | BS1 h= -20.99 v=  -3.45 deg
A,2,0,31.96,-4.81
ANG S2 | BS0 h= +31.96 v=  -4.81 deg
A,2,1,-21.74,-3.56
ANG S2 | BS1 h= -21.74 v=  -3.56 deg
A,3,0,30.43,-2.81
ANG S3 | BS0 h= +30.43 v=  -2.81 deg
A,3,1,-21.71,-4.26
ANG S3 | BS1 h= -21.71 v=  -4.26 deg
C_RAW,1.3703,-1.7192,1.4114
C,1.3703,-1.7192,1.0564
O,0,0,9,48822,59387368
O,0,1,21,67254,59356692
O,0,0,8,85954,59373828
O,0,1,21,32758,59370088
O,1,0,9,85972,59334373
O,1,0,9,48620,59328148
O,2,1,21,32411,59370030
O,2,0,9,85740,59334339
O,2,1,21,67116,59375814
O,3,0,9,85720,59334332
O,3,1,21,67004,59337506
O,3,1,21,32539,59331761
O,1,0,8,48619,59347877
O,2,0,9,85740,59393529
O,3,0,8,85717,59354061
O,0,0,9,85953,59393557
O,1,0,8,85970,59354102
O,2,1,21,67116,59394959
O,3,1,21,67004,59356651
O,0,1,21,67256,59394982
O,1,0,8,48621,59367605
O,2,1,21,32411,59408322
O,3,0,8,48658,59367612
O,0,0,8,85955,59413285
O,1,0,8,85972,59373831
O,2,1,21,67116,59414105
O,3,0,8,85719,59373788
O,0,1,21,67256,59414128
O,1,1,21,67364,59375855
O,2,0,8,85739,59373792
O,3,0,9,48659,59387341
O,0,0,8,48823,59426826
O,1,0,9,85971,59393560
O,2,1,20,67115,59433250
O,3,0,9,85720,59393519
O,0,0,8,85955,59433014
O,1,1,21,67364,59395001
O,2,0,9,85740,59393529
O,3,0,8,48658,59407070
O,0,0,8,48820,59446554
O,1,0,8,48621,59407063
O,2,0,8,85736,59452707
O,3,0,8,85719,59413247
O,0,1,21,67254,59452419
Q,59458967,0,1.38139,-1.72880,1.39660
Q,59458967,1,1.37399,-1.75994,1.39811
Q,59458967,2,1.37884,-1.66458,1.45662
Q,59458967,3,1.34707,-1.72332,1.39456
A,0,0,31.05,-2.63
ANG S0 | BS0 h= +31.05 v=  -2.63 deg
A,0,1,-20.95,-4.16
ANG S0 | BS1 h= -20.95 v=  -4.16 deg
A,1,0,30.76,-1.93
ANG S1 | BS0 h= +30.76 v=  -1.93 deg
A,1,1,-20.99,-3.45
ANG S1 | BS1 h= -20.99 v=  -3.45 deg
A,2,0,31.96,-4.81
ANG S2 | BS0 h= +31.96 v=  -4.81 deg
A,2,1,-21.74,-3.55
ANG S2 | BS1 h= -21.74 v=  -3.55 deg
A,3,0,30.43,-2.82
ANG S3 | BS0 h= +30.43 v=  -2.82 deg
A,3,1,-21.71,-4.26
ANG S3 | BS1 h= -21.71 v=  -4.26 deg
C_RAW,1.3703,-1.7192,1.4115
C,1.3703,-1.7192,1.0565
O,0,1,21,67256,59471564
O,0,0,8,85954,59472471
O,0,1,21,32758,59465815
O,1,0,8,85972,59433017
O,1,1,20,67363,59433292
O,1,0,8,48618,59446522
O,2,0,8,48456,59485951
O,2,0,8,85740,59432984
O,3,0,8,85720,59432976
O,3,1,20,67004,59433232
O,3,0,8,48655,59446527
O,0,0,8,48820,59486012
O,1,1,21,67364,59452437
O,2,0,8,85737,59492175
O,3,1,21,67004,59452378
O,0,1,20,67254,59490710
O,1,0,8,85969,59452746
O,2,1,21,32410,59504052
O,3,1,21,32541,59465778
O,0,1,21,32757,59504107
O,1,0,8,48620,59466249
O,2,0,8,85736,59511898
O,3,1,21,67005,59471522
O,0,1,21,67254,59509855
O,1,1,21,67364,59471582
O,2,1,21,67116,59471541
O,3,0,8,85719,59472432
O,0,1,20,32756,59523250
O,1,1,20,32624,59484938
O,2,1,20,67115,59528977
O,3,1,20,67004,59490668
O,0,1,20,67255,59529000
O,2,0,8,85739,59531627
O,3,0,8,85717,59492163
O,0,0,8,85955,59531657
O,1,0,8,85970,59492204
O,2,0,8,48457,59545138
O,3,1,21,32540,59504073
O,0,0,8,48822,59545198
O,1,0,8,48618,59505709
O,2,0,8,85739,59551357
O,3,1,21,67004,59509814
Q,59559141,0,1.38137,-1.72878,1.39664
Q,59559141,1,1.37394,-1.76000,1.39809
Q,59559141,2,1.36502,-1.69664,1.43388
Q,59559141,3,1.34707,-1.72335,1.39456
A,0,0,31.05,-2.62
ANG S0 | BS0 h= +31.05 v=  -2.62 deg
A,0,1,-20.95,-4.16
ANG S0 | BS1 h= -20.95 v=  -4.16 deg
A,1,0,30.76,-1.92
ANG S1 | BS0 h= +30.76 v=  -1.92 deg
A,1,1,-20.99,-3.45
ANG S1 | BS1 h= -20.99 v=  -3.45 deg
A,2,0,31.31,-3.84
ANG S2 | BS0 h= +31.31 v=  -3.84 deg
A,2,1,-21.74,-3.55
ANG S2 | BS1 h= -21.74 v=  -3.55 deg
A,3,0,30.43,-2.81
ANG S3 | BS0 h= +30.43 v=  -2.81 deg
A,3,1,-21.71,-4.26
ANG S3 | BS1 h= -21.71 v=  -4.26 deg
C_RAW,1.3669,-1.7272,1.4058
C,1.3669,-1.7272,1.0492
O,0,0,9,48822,59584656
O,0,1,20,67254,59567291
O,0,0,9,85954,59571115
O,0,1,20,32755,59561541
O,1,0,8,85972,59531661
O,1,1,20,67363,59529018
O,1,0,8,48620,59545164
O,2,1,21,32410,59580629
O,2,0,9,85740,59571080
O,2,1,21,67115,59586413
O,3,0,8,85716,59511891
O,3,1,20,67004,59528959
O,3,0,8,48658,59525441
O,3,1,21,32539,59542360
O,3,1,21,67003,59548105
O,0,1,21,67255,59586436
O,1,1,21,67362,59548163
O,2,0,9,85740,59590808
O,3,0,8,85718,59551349
O,0,0,9,85954,59590844
O,1,0,9,48620,59564893
O,2,1,20,67115,59605558
O,3,1,20,67004,59567249
O,0,1,20,67255,59605582
O,1,1,20,67363,59567309
O,2,0,9,85737,59610544
O,3,0,9,85720,59571076
O,0,0,9,85951,59610573
O,1,0,9,85971,59571118
O,2,1,20,67117,59624704
O,3,0,9,48659,59584628
O,0,0,9,48822,59624113
O,1,1,21,67364,59586454
O,2,0,9,85740,59630271
O,3,1,21,67004,59586394
O,0,0,9,85953,59630302
O,1,0,9,85972,59590847
O,2,1,21,32409,59638066
O,3,1,20,32540,59599796
O,0,0,8,48820,59643844
O,1,0,9,48618,59604351
O,2,0,8,85736,59650000
O,3,0,9,48657,59604357
O,0,1,21,67254,59643873
Q,59659174,0,1.38132,-1.72877,1.39660
Q,59659174,1,1.37396,-1.76001,1.39815
Q,59659174,2,1.36500,-1.69670,1.43395
Q,59659174,3,1.34707,-1.72328,1.39458
A,0,0,31.05,-2.63
ANG S0 | BS0 h= +31.05 v=  -2.63 deg
A,0,1,-20.95,-4.16
ANG S0 | BS1 h= -20.95 v=  -4.16 deg
A,1,0,30.76,-1.92
ANG S1 | BS0 h= +30.76 v=  -1.92 deg
A,1,1,-20.99,-3.45
ANG S1 | BS1 h= -20.99 v=  -3.45 deg
A,2,0,31.31,-3.84
ANG S2 | BS0 h= +31.31 v=  -3.84 deg
A,2,1,-21.74,-3.55
ANG S2 | BS1 h= -21.74 v=  -3.55 deg
A,3,0,30.43,-2.82
ANG S3 | BS0 h= +30.43 v=  -2.82 deg
A,3,1,-21.71,-4.26
ANG S3 | BS1 h= -21.71 v=  -4.26 deg
C_RAW,1.3668,-1.7272,1.4058
C,1.3668,-1.7272,1.0492
O,0,0,8,48821,59663571
O,0,1,21,67256,59682163
O,0,0,8,85953,59669759
O,1,0,9,85971,59630305
O,1,0,8,48618,59643809
O,2,0,9,48457,59683238
O,2,1,21,32410,59676355
O,2,0,8,85738,59669723
O,3,1,20,67004,59605540
O,3,0,8,48656,59643815
O,3,1,21,32539,59638087
O,0,0,9,48822,59683299
O,1,1,21,67363,59643891
O,2,1,21,32408,59695503
O,3,0,8,85717,59649992
O,0,1,21,32755,59695559
O,1,1,21,67364,59663036
O,2,0,8,48457,59702969
O,3,1,21,67004,59662978
O,0,0,8,48821,59703029
O,1,0,8,48619,59663537
O,2,0,8,85738,59709186
O,3,0,8,85718,59669720
O,0,0,8,85953,59709217
O,1,0,8,85971,59669762
O,2,1,21,67114,59720430
O,3,1,21,67005,59682121
O,0,1,21,67254,59720454
O,1,1,21,67365,59682181
O,2,0,8,85738,59728932
O,3,0,9,48659,59683272
O,0,0,8,85953,59728945
O,1,0,9,85971,59689491
O,2,1,20,67115,59739575
O,3,1,21,32538,59695523
O,0,1,20,67255,59739599
O,2,0,9,85738,59748645
O,3,0,8,48657,59703001
O,0,0,9,85952,59748674
O,1,0,8,85971,59709220
O,2,1,21,32409,59752938
Q,59759340,0,1.38131,-1.72880,1.39660
Q,59759340,1,1.37395,-1.76004,1.39814
Q,59759340,2,1.35598,-1.71735,1.42001
Q,59759340,3,1.34704,-1.72330,1.39458
A,0,0,31.05,-2.63
ANG S0 | BS0 h= +31.05 v=  -2.63 deg
A,0,1,-20.95,-4.16
ANG S0 | BS1 h= -20.95 v=  -4.16 deg
A,1,0,30.76,-1.92
ANG S1 | BS0 h= +30.76 v=  -1.92 deg
A,1,1,-20.99,-3.45
ANG S1 | BS1 h= -20.99 v=  -3.45 deg
A,2,0,30.89,-3.22
ANG S2 | BS0 h= +30.89 v=  -3.22 deg
A,2,1,-21.74,-3.54
ANG S2 | BS1 h= -21.74 v=  -3.54 deg
A,3,0,30.43,-2.82
ANG S3 | BS0 h= +30.43 v=  -2.82 deg
A,3,1,-21.71,-4.26
ANG S3 | BS1 h= -21.71 v=  -4.26 deg
C_RAW,1.3646,-1.7324,1.4023
C,1.3646,-1.7324,1.0447
O,0,0,9,48822,59762214
O,0,1,21,67257,59777890
O,0,0,9,85953,59768403
O,1,1,20,67363,59739617
O,1,0,8,48619,59722723
O,1,1,20,32626,59733828
O,2,0,9,48455,59781882
O,2,1,21,32410,59772082
O,2,1,21,67117,59777866
O,3,0,8,85718,59728913
O,3,1,20,67004,59739558
O,3,0,9,48658,59742459
O,3,1,21,32538,59714668
O,0,0,9,48820,59781943
O,1,0,9,85970,59748677
O,2,1,20,32410,59791228
O,3,1,21,32538,59752958
O,0,1,20,32756,59791286
O,1,1,21,32624,59752972
O,2,0,8,48454,59801613
O,3,1,21,67004,59758704
O,0,1,20,67255,59797035
O,1,0,9,48620,59762181
O,2,1,20,32409,59810378
O,3,0,9,85719,59768364
O,0,1,20,32755,59810433
O,1,1,21,32626,59772118
O,2,1,20,67114,59816158
O,3,1,21,67006,59777848
O,0,1,20,67254,59816181
O,1,1,21,67365,59777908
O,2,0,8,85738,59827557
O,3,0,9,85717,59788092
O,0,0,8,85953,59827588
O,1,0,9,85968,59788134
O,2,1,20,67115,59835303
O,3,1,20,32539,59791250
O,0,1,20,32756,59829576
O,1,1,20,67363,59797053
O,2,0,9,48457,59841069
O,3,1,20,67004,59796995
O,0,0,9,48822,59841128
O,1,0,8,85968,59807863
O,2,1,20,32412,59848664
O,3,1,20,32538,59810398
O,0,1,20,32758,59848724
Q,59859891,0,1.38130,-1.72880,1.39659
Q,59859891,1,1.37396,-1.76001,1.39810
Q,59859891,2,1.35017,-1.73073,1.41125
Q,59859891,3,1.34702,-1.72332,1.39464
A,0,0,31.05,-2.63
ANG S0 | BS0 h= +31.05 v=  -2.63 deg
A,0,1,-20.95,-4.16
ANG S0 | BS1 h= -20.95 v=  -4.16 deg
A,1,0,30.76,-1.92
ANG S1 | BS0 h= +30.76 v=  -1.92 deg
A,1,1,-20.99,-3.45
ANG S1 | BS1 h= -20.99 v=  -3.45 deg
A,2,0,30.62,-2.82
ANG S2 | BS0 h= +30.62 v=  -2.82 deg
A,2,1,-21.74,-3.54
ANG S2 | BS1 h= -21.74 v=  -3.54 deg
A,3,0,30.43,-2.82
ANG S3 | BS0 h= +30.43 v=  -2.82 deg
A,3,1,-21.71,-4.26
ANG S3 | BS1 h= -21.71 v=  -4.26 deg
C_RAW,1.3631,-1.7357,1.4001
C,1.3631,-1.7357,1.0419
O,0,1,21,67256,59873617
O,0,0,9,85954,59867046
O,0,1,21,32757,59867867
O,1,1,20,67363,59835344
O,1,0,9,48620,59841095
O,1,1,20,32626,59829555
O,2,0,8,48458,59880525
O,2,1,20,32412,59886955
O,2,1,21,67116,59873593
O,3,0,9,85719,59847279
O,3,1,20,67004,59835285
O,3,1,20,32539,59829540
O,0,1,20,32758,59887013
O,1,1,20,32626,59848700
O,2,1,20,67117,59892739
O,3,1,20,32540,59848686
O,0,1,20,67256,59892764
O,2,0,9,48456,59900256
O,3,0,9,85720,59867008
O,0,1,21,32757,59906158
O,1,0,9,85972,59867049
O,2,1,21,67117,59911885
O,3,1,21,32540,59867831
O,0,0,9,85952,59906503
O,1,1,21,32626,59867845
O,2,0,9,48456,59919984
O,3,1,21,67006,59873575
O,0,1,21,67257,59911908
O,1,0,8,85972,59886778
O,2,0,9,85738,59926202
O,3,1,20,32540,59886976
O,0,0,9,85953,59926232
O,1,1,20,32626,59886991
O,3,1,20,67006,59892723
O,0,1,20,67256,59931053
O,1,1,20,67366,59892781
O,2,1,20,32409,59944393
O,3,1,21,32540,59906122
O,0,1,20,32755,59944449
O,1,0,9,85970,59906506
O,2,1,20,67114,59950176
O,3,0,9,85718,59906464
Q,59960036,0,1.38135,-1.72886,1.39652
Q,59960036,1,1.37396,-1.76000,1.39802
Q,59960036,2,1.34812,-1.73551,1.40818
Q,59960036,3,1.34707,-1.72336,1.39457
A,0,0,31.05,-2.63
ANG S0 | BS0 h= +31.05 v=  -2.63 deg
A,0,1,-20.95,-4.16
ANG S0 | BS1 h= -20.95 v=  -4.16 deg
A,1,0,30.76,-1.93
ANG S1 | BS0 h= +30.76 v=  -1.93 deg
A,1,1,-20.99,-3.45
ANG S1 | BS1 h= -20.99 v=  -3.45 deg
A,2,0,30.52,-2.68
ANG S2 | BS0 h= +30.52 v=  -2.68 deg
A,2,1,-21.74,-3.54
ANG S2 | BS1 h= -21.74 v=  -3.54 deg
A,3,0,30.43,-2.82
ANG S3 | BS0 h= +30.43 v=  -2.82 deg
A,3,1,-21.71,-4.26
ANG S3 | BS1 h= -21.71 v=  -4.26 deg
C_RAW,1.3626,-1.7369,1.3993
C,1.3626,-1.7369,1.0409
O,0,1,21,67254,59969344
O,0,0,9,85953,59965690
O,0,1,21,32757,59982740
O,1,0,8,85969,59945964
O,1,1,20,67365,59931072
O,1,1,20,32626,59925282
O,2,0,9,48456,59959441
O,2,1,21,32410,59982682
O,2,0,9,85738,59965654
O,2,1,21,67116,59988466
O,3,0,8,85717,59945922
O,3,1,20,67005,59931013
O,3,0,9,48658,59920017
O,3,1,20,32539,59944413
O,0,0,8,85954,59985418
O,1,1,20,67363,59950218
O,2,0,8,85736,59945925
O,3,1,20,67004,59950160
O,0,0,9,48823,59998959
O,1,0,9,48619,59959467
O,2,0,9,85740,60005125
O,3,0,9,85719,59965650
O,0,0,9,85954,60005148
O,1,0,9,85971,59965692
O,2,1,20,67115,60007612
O,3,1,21,67004,59969302
O,0,1,20,67255,60007635
O,1,0,8,48620,59979196
O,2,1,20,32411,60020974
O,3,1,21,32540,59982704
O,0,0,9,85952,60024876
O,1,0,8,85972,59985421
O,2,1,20,67117,60026757
O,3,0,8,85719,59985379
O,0,1,20,67256,60026780
O,1,1,21,67364,59988508
O,2,1,20,32412,60040120
O,3,0,9,48659,59998931
O,0,1,20,32758,60040176
O,1,0,9,85972,60005151
O,2,1,20,67117,60045902
O,3,0,9,85720,60005110
O,0,0,8,85952,60044605
O,2,0,9,85740,60005125
Q,60060294,0,1.38138,-1.72880,1.39653
Q,60060294,1,1.37397,-1.76000,1.39801
Q,60060294,2,1.34648,-1.73929,1.40573
Q,60060294,3,1.34707,-1.72329,1.39457
A,0,0,31.05,-2.63
ANG S0 | BS0 h= +31.05 v=  -2.63 deg
A,0,1,-20.95,-4.16
ANG S0 | BS1 h= -20.95 v=  -4.16 deg
A,1,0,30.76,-1.93
ANG S1 | BS0 h= +30.76 v=  -1.93 deg
A,1,1,-20.99,-3.45
ANG S1 | BS1 h= -20.99 v=  -3.45 deg
A,2,0,30.45,-2.56
ANG S2 | BS0 h= +30.45 v=  -2.56 deg
A,2,1,-21.74,-3.54
ANG S2 | BS1 h= -21.74 v=  -3.54 deg
A,3,0,30.43,-2.82
ANG S3 | BS0 h= +30.43 v=  -2.82 deg
A,3,1,-21.71,-4.26
ANG S3 | BS1 h= -21.71 v=  -4.26 deg
C_RAW,1.3622,-1.7378,1.3987
C,1.3622,-1.7378,1.0401
RUN: main loop
O,0,0,9,48822,60077874
O,0,1,20,67257,60065071
O,0,0,9,85953,60084062
O,1,0,8,85970,60044608
O,1,0,9,48618,60018654
O,2,1,20,32412,60078409
O,2,0,9,85737,60024847
O,2,1,20,67117,60084193
O,3,0,8,85717,60044567
O,3,1,20,67005,60026740
O,3,0,8,48656,60038393
O,1,1,20,67366,60045944
O,2,0,8,85737,60044574
O,3,1,20,67006,60045885
O,0,1,20,67256,60084217
O,1,0,9,48617,60058111
O,2,1,20,67115,60103339
O,3,1,20,32540,60059285
O,0,1,20,67255,60103362
O,1,0,9,85968,60064336
O,2,0,9,85737,60103759
O,3,0,9,85716,60064296
O,0,0,9,85952,60103792
O,1,0,9,48620,60077840
O,2,0,8,48457,60117270
O,3,1,20,67006,60065030
O,0,1,20,67254,60122507
O,1,0,9,85971,60084065
O,2,0,8,85739,60123484
O,3,1,20,32540,60078431
O,0,0,8,85954,60123520
O,1,1,20,67365,60084235
O,2,1,21,32411,60135847
O,3,1,20,67005,60084175
O,0,1,21,32757,60135903
O,1,1,20,32625,60097592
O,2,0,8,85740,60143218
O,3,1,20,67005,60103322
O,0,1,21,67256,60141653
O,1,1,20,67364,60103380
O,2,1,20,67115,60103339
O,3,0,9,85718,60103753
O,0,1,20,32757,60155048
O,1,1,20,32624,60116736
Q,60160447,0,1.38137,-1.72877,1.39651
Q,60160447,1,1.37392,-1.76005,1.39801
Q,60160447,2,1.51947,-1.31907,1.77348
Q,60160447,3,1.34708,-1.72336,1.39449
A,0,0,31.05,-2.63
ANG S0 | BS0 h= +31.05 v=  -2.63 deg
A,0,1,-20.95,-4.16
ANG S0 | BS1 h= -20.95 v=  -4.16 deg
A,1,0,30.75,-1.92
ANG S1 | BS0 h= +30.75 v=  -1.92 deg
A,1,1,-20.99,-3.45
ANG S1 | BS1 h= -20.99 v=  -3.45 deg
A,2,0,39.75,-16.36
ANG S2 | BS0 h= +39.75 v= -16.36 deg
A,2,1,-21.74,-3.54
ANG S2 | BS1 h= -21.74 v=  -3.54 deg
A,3,0,30.43,-2.82
ANG S3 | BS0 h= +30.43 v=  -2.82 deg
A,3,1,-21.70,-4.26
ANG S3 | BS1 h= -21.70 v=  -4.26 deg
C_RAW,1.4055,-1.6328,1.4906
C,1.4055,-1.6328,1.1584
O,0,1,20,67255,60179943
O,0,0,9,85953,60162977
O,0,1,20,32757,60174194
O,1,0,8,85972,60123523
O,1,1,21,67365,60141671
O,1,0,8,48621,60137027
O,2,0,8,85740,60182670
O,2,1,21,67116,60141629
O,2,0,9,48456,60156728
O,3,0,8,85720,60143211
O,3,1,21,67005,60141612
O,3,0,8,48658,60117304
O,3,1,21,32540,60135867
O,0,0,8,85955,60182706
O,1,1,20,32626,60155027
O,2,0,8,48456,60196188
O,3,0,9,48658,60156761
O,0,0,8,48820,60196247
O,1,1,20,67365,60160816
O,2,0,8,85737,60202405
O,3,1,20,67005,60160757
O,0,1,20,67254,60199089
O,1,0,9,85971,60162980
O,2,1,20,32410,60212428
O,3,1,20,32540,60174157
O,0,0,8,48822,60215975
O,1,0,8,48621,60176484
O,2,0,8,85738,60222134
O,3,1,20,67005,60179901
O,0,1,20,67255,60218234
O,2,1,21,32408,60231573
O,3,0,8,85720,60182667
O,0,1,21,32755,60231629
O,1,0,8,48619,60196213
O,2,1,21,67114,60237356
O,3,1,20,67003,60199048
O,0,1,21,67254,60237379
O,1,1,20,67363,60199107
O,2,0,9,85739,60241863
O,3,0,8,85717,60202397
O,0,0,9,85953,60241892
O,1,0,8,85970,60202438
O,2,0,8,48457,60255373
O,3,0,8,48658,60215948
Q,60260673,0,1.38135,-1.72879,1.39658
Q,60260673,1,1.37396,-1.76001,1.39806
Q,60260673,2,1.44000,-1.51855,1.57580
Q,60260673,3,1.34711,-1.72334,1.39453
A,0,0,31.05,-2.63
ANG S0 | BS0 h= +31.05 v=  -2.63 deg
A,0,1,-20.95,-4.16
ANG S0 | BS1 h= -20.95 v=  -4.16 deg
A,1,0,30.76,-1.93
ANG S1 | BS0 h= +30.76 v=  -1.93 deg
A,1,1,-20.99,-3.45
ANG S1 | BS1 h= -20.99 v=  -3.45 deg
A,2,0,35.06,-9.40
ANG S2 | BS0 h= +35.06 v=  -9.40 deg
A,2,1,-21.74,-3.54
ANG S2 | BS1 h= -21.74 v=  -3.54 deg
A,3,0,30.43,-2.82
ANG S3 | BS0 h= +30.43 v=  -2.82 deg
A,3,1,-21.70,-4.26
ANG S3 | BS1 h= -21.70 v=  -4.26 deg
C_RAW,1.3856,-1.6827,1.4412
C,1.3856,-1.6827,1.0949
O,0,0,8,48820,60275162
O,0,1,21,67256,60275670
O,0,0,8,85952,60281350
O,1,0,8,85971,60222167
O,1,1,21,67363,60237398
O,1,0,9,48620,60235670
O,2,0,8,85736,60281314
O,2,1,21,32411,60269864
O,3,0,9,85719,60241855
O,3,1,21,67003,60237339
O,1,0,9,85971,60241895
O,2,0,8,48457,60294832
O,3,0,8,48658,60255405
O,0,1,21,67256,60294817
O,1,1,21,67364,60256542
O,2,0,8,85738,60301048
O,3,1,21,67005,60256484
O,0,0,8,85953,60301079
O,1,0,8,85972,60261626
O,2,1,21,32409,60308154
O,3,1,21,32541,60269884
O,0,1,21,67254,60313961
O,1,0,8,48619,60275128
O,2,0,8,48457,60314558
O,3,1,21,67006,60275628
O,0,0,8,48822,60314620
O,1,1,21,67365,60275688
O,2,1,20,32410,60327300
O,3,0,8,85717,60281311
O,0,0,8,85953,60320807
O,1,1,21,32625,60289044
O,2,0,8,48457,60334287
O,3,1,21,67005,60294775
O,0,1,20,67255,60333106
O,1,0,8,48620,60294859
O,2,0,8,85738,60340505
O,3,0,8,48658,60294863
O,0,0,8,85953,60340536
O,1,0,8,85971,60301082
O,3,1,21,67004,60313920
O,1,1,21,67363,60313979
Q,60361192,0,1.38134,-1.72880,1.39654
Q,60361192,1,1.37398,-1.76002,1.39812
Q,60361192,2,1.39314,-1.63093,1.48210
Q,60361192,3,1.34711,-1.72332,1.39449
A,0,0,31.05,-2.63
ANG S0 | BS0 h= +31.05 v=  -2.63 deg
A,0,1,-20.95,-4.16
ANG S0 | BS1 h= -20.95 v=  -4.16 deg
A,1,0,30.76,-1.92
ANG S1 | BS0 h= +30.76 v=  -1.92 deg
A,1,1,-20.99,-3.45
ANG S1 | BS1 h= -20.99 v=  -3.45 deg
A,2,0,32.66,-5.85
ANG S2 | BS0 h= +32.66 v=  -5.85 deg
A,2,1,-21.74,-3.54
ANG S2 | BS1 h= -21.74 v=  -3.54 deg
A,3,0,30.43,-2.82
ANG S3 | BS0 h= +30.43 v=  -2.82 deg
A,3,1,-21.70,-4.26
ANG S3 | BS1 h= -21.70 v=  -4.26 deg
C_RAW,1.3739,-1.7108,1.4178
C,1.3739,-1.7108,1.0647
O,0,0,8,48822,60354076
O,0,1,21,67254,60371396
O,0,0,8,85953,60379993
O,0,1,21,32756,60365647
O,1,0,8,85971,60340539
O,1,0,8,48620,60334314
O,1,1,20,32625,60327334
O,2,0,8,85738,60379957
O,2,1,20,32409,60384734
O,2,0,8,48457,60373744
O,3,0,8,85718,60320769
O,3,1,20,67004,60333065
O,3,0,8,48657,60334320
O,3,1,21,32539,60346465
O,0,1,20,32755,60384792
O,1,1,21,67363,60352269
O,3,0,8,48658,60354048
O,0,0,8,48821,60393533
O,1,0,8,85971,60360268
O,2,1,21,32408,60403881
O,3,0,8,85718,60360226
O,0,1,21,32755,60403938
O,1,1,21,32624,60413228
O,2,0,8,48456,60413203
O,3,1,21,67003,60371355
O,0,1,21,67254,60409687
O,1,0,8,85969,60419453
O,2,0,8,85736,60419420
O,3,0,8,85718,60379954
O,0,0,8,85951,60419450
O,1,1,20,67365,60428851
O,3,1,20,67003,60390500
O,0,1,20,67256,60428834
O,1,0,8,48620,60432957
O,2,0,8,85738,60439155
O,3,0,8,85718,60399685
O,0,0,8,85953,60439179
O,1,1,21,32626,60442207
O,2,1,21,32411,60442172
O,3,1,21,32538,60403901
O,0,1,21,32757,60442229
O,1,0,8,48620,60452686
O,2,0,8,48457,60452660
O,3,1,21,67003,60409647
Q,60461621,0,1.38132,-1.72878,1.39657
Q,60461621,1,1.37397,-1.75998,1.39809
Q,60461621,2,1.36760,-1.69061,1.43821
Q,60461621,3,1.34706,-1.72329,1.39455
A,0,0,31.05,-2.63
ANG S0 | BS0 h= +31.05 v=  -2.63 deg
A,0,1,-20.95,-4.16
ANG S0 | BS1 h= -20.95 v=  -4.16 deg
A,1,0,30.76,-1.93
ANG S1 | BS0 h= +30.76 v=  -1.93 deg
A,1,1,-20.99,-3.45
ANG S1 | BS1 h= -20.99 v=  -3.45 deg
A,2,0,31.43,-4.03
ANG S2 | BS0 h= +31.43 v=  -4.03 deg
A,2,1,-21.74,-3.54
ANG S2 | BS1 h= -21.74 v=  -3.54 deg
A,3,0,30.43,-2.82
ANG S3 | BS0 h= +30.43 v=  -2.82 deg
A,3,1,-21.71,-4.26
ANG S3 | BS1 h= -21.71 v=  -4.26 deg
C_RAW,1.3675,-1.7257,1.4069
C,1.3675,-1.7257,1.0506
O,0,0,8,48821,60472448
O,0,1,20,67256,60467124
O,0,0,8,85954,60458908
O,0,1,21,32756,60480520
O,1,1,20,67365,60467142
O,1,0,8,48620,60472415
O,1,1,21,32624,60480498
O,2,1,21,32409,60480462
O,2,0,8,48457,60472388
O,2,1,20,67117,60467101
O,3,0,8,85718,60439141
O,3,1,21,67006,60447940
O,3,0,8,48658,60432963
O,3,1,20,32540,60423048
O,0,1,21,67254,60486269
O,1,0,8,48618,60492143
O,2,1,20,32412,60499610
O,3,0,8,85720,60458870
O,0,0,8,85952,60498366
O,2,1,20,67116,60505392
O,3,1,20,32540,60461338
O,0,1,20,67256,60505415
O,1,0,8,48619,60511872
O,2,0,8,48456,60511846
O,3,0,8,48657,60472421
O,0,0,8,85952,60518094
O,1,1,21,32625,60518790
O,2,1,21,32410,60518754
O,3,1,21,32538,60480484
O,0,1,21,32756,60518811
O,1,1,21,67365,60524578
O,2,1,21,67116,60524537
O,3,1,21,67004,60486228
O,0,1,21,67256,60524560
O,1,0,8,48621,60531601
O,2,1,20,32410,60537898
O,3,0,8,85717,60498328
O,0,0,8,85954,60537823
O,1,1,20,67363,60543726
O,2,1,20,67114,60543684
O,3,1,20,32540,60499629
O,0,1,20,32756,60537959
O,1,0,8,48620,60551330
O,2,0,8,48457,60551304
O,3,1,20,67005,60505375
O,0,1,20,32756,60557101
Q,60561943,0,1.38133,-1.72883,1.39656
Q,60561943,1,1.37396,-1.76001,1.39811
Q,60561943,2,1.36760,-1.69062,1.43821
Q,60561943,3,1.34707,-1.72333,1.39458
A,0,0,31.05,-2.63
ANG S0 | BS0 h= +31.05 v=  -2.63 deg
A,0,1,-20.95,-4.16
ANG S0 | BS1 h= -20.95 v=  -4.16 deg
A,1,0,30.76,-1.93
ANG S1 | BS0 h= +30.76 v=  -1.93 deg
A,1,1,-20.99,-3.44
ANG S1 | BS1 h= -20.99 v=  -3.44 deg
A,2,0,31.43,-4.03
ANG S2 | BS0 h= +31.43 v=  -4.03 deg
A,2,1,-21.74,-3.54
ANG S2 | BS1 h= -21.74 v=  -3.54 deg
A,3,0,30.43,-2.82
ANG S3 | BS0 h= +30.43 v=  -2.82 deg
A,3,1,-21.71,-4.26
ANG S3 | BS1 h= -21.71 v=  -4.26 deg
C_RAW,1.3675,-1.7257,1.4069
C,1.3675,-1.7257,1.0506
O,0,1,20,67255,60562852
O,0,0,8,85953,60577281
O,0,1,20,32758,60576247
O,1,0,8,85972,60557555
O,1,1,20,32625,60537934
O,1,0,8,48620,60571058
O,2,0,8,85739,60557516
O,2,1,20,32412,60576189
O,2,0,9,48456,60590760
O,2,1,20,67117,60581973
O,3,0,8,85719,60537785
O,3,1,20,67004,60543665
O,3,1,20,32539,60537920
O,0,1,20,67256,60581996
O,1,0,9,85970,60597019
O,2,0,9,85738,60596982
O,3,0,8,85719,60557513
O,0,0,9,85952,60597009
O,1,1,21,67365,60601160
O,2,1,21,67116,60601118
O,3,1,20,67004,60562811
O,0,1,21,67256,60601142
O,1,0,8,48621,60610516
O,2,1,21,32411,60614481
O,3,1,20,32540,60576210
O,0,1,21,32758,60614538
O,2,1,21,67117,60620264
O,3,0,8,85718,60577241
O,0,0,8,85955,60616739
O,1,0,8,85971,60577284
O,2,0,8,48459,60630219
O,3,0,9,48657,60590794
O,0,0,8,48822,60630278
O,2,1,21,67116,60639409
O,3,0,9,85718,60596973
O,0,0,8,85955,60636467
O,1,1,21,67364,60639451
O,2,0,9,85738,60596982
O,3,1,21,67006,60601101
O,0,1,21,67256,60639433
O,1,1,21,32625,60652807
O,2,1,21,32409,60652772
O,3,1,21,32541,60614501
O,0,0,9,85954,60656198
Q,60662033,0,1.38138,-1.72882,1.39655
Q,60662033,1,1.37396,-1.75999,1.39814
Q,60662033,2,1.35773,-1.71351,1.42259
Q,60662033,3,1.34708,-1.72334,1.39453
A,0,0,31.05,-2.63
ANG S0 | BS0 h= +31.05 v=  -2.63 deg
A,0,1,-20.95,-4.16
ANG S0 | BS1 h= -20.95 v=  -4.16 deg
A,1,0,30.76,-1.93
ANG S1 | BS0 h= +30.76 v=  -1.93 deg
A,1,1,-20.99,-3.44
ANG S1 | BS1 h= -20.99 v=  -3.44 deg
A,2,0,30.97,-3.34
ANG S2 | BS0 h= +30.97 v=  -3.34 deg
A,2,1,-21.74,-3.54
ANG S2 | BS1 h= -21.74 v=  -3.54 deg
A,3,0,30.43,-2.82
ANG S3 | BS0 h= +30.43 v=  -2.82 deg
A,3,1,-21.71,-4.26
ANG S3 | BS1 h= -21.71 v=  -4.26 deg
C_RAW,1.3650,-1.7314,1.4030
C,1.3650,-1.7314,1.0455
O,0,0,8,48821,60669736
O,0,1,21,67256,60677724
O,0,0,8,85953,60675925
O,1,1,21,32626,60691097
O,1,0,8,85971,60675928
O,1,1,21,67365,60677742
O,2,0,8,85740,60636436
O,2,1,21,32410,60691061
O,2,1,21,67117,60677700
O,3,0,8,85720,60636429
O,3,1,21,67005,60639392
O,3,0,8,48658,60630251
O,3,0,9,48658,60649980
O,0,0,9,85952,60695655
O,1,1,21,67365,60696887
O,2,1,21,67116,60696848
O,3,0,9,85720,60656158
O,0,1,21,67256,60696871
O,1,0,9,85972,60656205
O,2,1,21,32409,60710207
O,3,0,8,48657,60669709
O,0,0,8,48822,60709194
O,1,1,21,67364,60716033
O,2,1,21,67116,60715991
O,3,0,8,85718,60675886
O,0,0,8,85953,60715382
O,1,0,8,85971,60675928
O,2,0,8,85738,60675889
O,3,0,9,48657,60689438
O,0,0,9,48822,60728922
O,1,1,21,32625,60729388
O,2,1,21,67116,60735136
O,3,0,9,85717,60695616
O,0,0,9,85953,60735111
O,1,1,21,67364,60735178
O,2,0,9,85737,60695624
O,3,1,21,67006,60696829
O,0,1,21,67255,60735160
O,1,0,9,48618,60748617
O,2,0,9,48456,60748590
O,3,1,21,32539,60710228
O,0,1,20,67255,60754305
O,1,0,9,85970,60754843
Q,60762060,0,1.38138,-1.72881,1.39653
Q,60762060,1,1.37395,-1.76002,1.39810
Q,60762060,2,1.66333,-0.93319,2.24709
Q,60762060,3,1.34709,-1.72337,1.39454
A,0,0,31.05,-2.63
ANG S0 | BS0 h= +31.05 v=  -2.63 deg
A,0,1,-20.95,-4.16
ANG S0 | BS1 h= -20.95 v=  -4.16 deg
A,1,0,30.76,-1.92
ANG S1 | BS0 h= +30.76 v=  -1.92 deg
A,1,1,-20.99,-3.45
ANG S1 | BS1 h= -20.99 v=  -3.45 deg
A,2,0,51.85,-34.29
ANG S2 | BS0 h= +51.85 v= -34.29 deg
A,2,1,-21.74,-3.54
ANG S2 | BS1 h= -21.74 v=  -3.54 deg
A,3,0,30.43,-2.82
ANG S3 | BS0 h= +30.43 v=  -2.82 deg
A,3,1,-21.71,-4.26
ANG S3 | BS1 h= -21.71 v=  -4.26 deg
C_RAW,1.4414,-1.5363,1.6091
C,1.4414,-1.5363,1.3110
O,0,1,20,67255,60773450
O,0,0,8,85953,60774568
O,0,1,21,32756,60786846
O,1,0,8,48620,60768346
O,1,1,21,32625,60786824
O,1,0,8,85971,60774571
O,2,0,8,48457,60788048
O,2,1,20,32410,60767645
O,2,0,9,85740,60735080
O,3,0,9,85720,60735073
O,3,1,21,67004,60735118
O,3,0,9,48659,60728895
O,3,1,20,32540,60748519
O,1,1,21,67363,60792614
O,2,0,8,85739,60794264
O,3,1,20,67005,60754264
O,0,1,21,67254,60792595
O,1,0,8,85971,60794308
O,2,1,20,67116,60754282
O,3,1,20,32539,60767664
O,0,1,20,32757,60805991
O,1,0,8,48621,60807804
O,2,1,20,67116,60811717
O,3,1,20,67005,60773408
O,0,1,20,67255,60811741
O,1,0,8,85972,60814029
O,2,0,8,85739,60813995
O,3,0,8,85718,60774529
O,0,0,8,85954,60814026
O,1,0,8,48620,60827532
O,2,0,8,48457,60827507
O,3,0,8,48657,60788081
O,0,1,20,67256,60830886
O,1,0,8,85972,60833758
O,2,0,8,85739,60833723
O,3,1,21,67004,60792554
O,0,0,8,85954,60833755
O,1,1,21,32626,60844260
O,2,1,21,32410,60844225
O,3,1,20,32540,60805956
O,0,1,21,32757,60844282
O,1,1,21,67365,60850052
O,2,0,8,85736,60853454
O,3,1,20,67005,60811700
O,0,1,21,67256,60850034
Q,60862187,0,1.38137,-1.72878,1.39654
Q,60862187,1,1.37397,-1.75995,1.39817
Q,60862187,2,1.57894,-1.16239,1.95318
Q,60862187,3,1.34708,-1.72333,1.39457
A,0,0,31.05,-2.63
ANG S0 | BS0 h= +31.05 v=  -2.63 deg
A,0,1,-20.95,-4.16
ANG S0 | BS1 h= -20.95 v=  -4.16 deg
A,1,0,30.76,-1.92
ANG S1 | BS0 h= +30.76 v=  -1.92 deg
A,1,1,-20.99,-3.45
ANG S1 | BS1 h= -20.99 v=  -3.45 deg
A,2,0,44.04,-22.71
ANG S2 | BS0 h= +44.04 v= -22.71 deg
A,2,1,-21.74,-3.54
ANG S2 | BS1 h= -21.74 v=  -3.54 deg
A,3,0,30.43,-2.82
ANG S3 | BS0 h= +30.43 v=  -2.82 deg
A,3,1,-21.71,-4.26
ANG S3 | BS1 h= -21.71 v=  -4.26 deg
C_RAW,1.4203,-1.5936,1.5356
C,1.4203,-1.5936,1.2164
O,0,1,21,67257,60869177
O,0,0,8,85954,60873212
O,0,1,21,32758,60882573
O,1,0,8,48620,60866991
O,1,1,21,32626,60882551
O,1,0,8,85971,60873215
O,1,1,21,67366,60888340
O,2,1,21,32411,60882515
O,2,0,8,85738,60873176
O,2,1,21,67118,60888299
O,3,0,8,85719,60833717
O,3,1,21,67006,60849993
O,3,0,8,48658,60827539
O,0,1,21,67257,60888322
O,1,0,8,85970,60892944
O,2,0,8,85738,60892905
O,3,0,8,85716,60853445
O,0,0,8,85952,60892940
O,1,1,20,32626,60901696
O,2,1,20,67117,60907445
O,0,0,8,48821,60906481
O,1,0,8,85970,60912672
O,2,0,8,85738,60912639
O,3,1,21,67006,60869135
O,0,1,20,67256,60907468
O,1,1,20,32626,60920842
O,2,1,20,32411,60920809
O,3,0,8,48656,60886725
O,0,0,9,48820,60926209
O,2,0,9,85737,60932367
O,3,1,21,67006,60888281
O,0,1,20,67256,60926613
O,1,0,9,85970,60932401
O,2,1,20,32411,60939953
O,3,0,8,85717,60892901
O,0,0,9,85952,60932398
O,1,0,9,48620,60945904
O,2,0,9,48458,60945877
O,3,0,8,48658,60906454
O,0,0,9,48822,60945938
O,1,0,9,85971,60952129
O,2,0,9,85740,60952096
O,3,0,8,85717,60912631
Q,60962192,0,1.38137,-1.72884,1.39644
Q,60962192,1,1.37400,-1.75999,1.39812
Q,60962192,2,1.54170,-1.26122,1.83763
Q,60962192,3,1.34706,-1.72333,1.39449
A,0,0,31.05,-2.63
ANG S0 | BS0 h= +31.05 v=  -2.63 deg
A,0,1,-20.95,-4.16
ANG S0 | BS1 h= -20.95 v=  -4.16 deg
A,1,0,30.76,-1.92
ANG S1 | BS0 h= +30.76 v=  -1.92 deg
A,1,1,-20.99,-3.45
ANG S1 | BS1 h= -20.99 v=  -3.45 deg
A,2,0,41.26,-18.59
ANG S2 | BS0 h= +41.26 v= -18.59 deg
A,2,1,-21.74,-3.54
ANG S2 | BS1 h= -21.74 v=  -3.54 deg
A,3,0,30.43,-2.82
ANG S3 | BS0 h= +30.43 v=  -2.82 deg
A,3,1,-21.71,-4.26
ANG S3 | BS1 h= -21.71 v=  -4.26 deg
C_RAW,1.4110,-1.6183,1.5067
C,1.4110,-1.6183,1.1791
O,0,0,8,48821,60965667
O,0,1,20,67255,60984049
O,0,0,9,85953,60952127
O,0,1,20,32756,60978300
O,1,0,8,48620,60985362
O,1,1,20,32626,60978278
O,1,0,8,85971,60991587
O,2,0,8,48457,60985335
O,2,1,20,32410,60978242
O,2,0,8,85738,60971820
O,3,0,9,85717,60932360
O,3,1,20,67005,60945718
O,3,0,9,48657,60926182
O,2,0,8,85738,60991548
O,3,0,9,85719,60952089
O,0,0,8,85953,60991584
O,1,1,20,32624,60997423
O,3,1,21,67003,60964864
O,0,1,20,67253,61003200
O,1,0,8,48620,61005095
O,2,0,8,85737,61011282
O,3,0,8,48657,60965640
O,0,0,8,85953,61011313
O,1,1,20,32624,61016568
O,2,1,20,32408,61016533
O,3,1,20,32539,60978263
O,0,1,20,32755,61016590
O,1,0,9,48618,61024821
O,2,0,9,48455,61024793
O,3,0,8,48657,60985368
O,0,0,9,48820,61024853
O,1,1,20,32626,61035713
O,2,1,20,32412,61035679
O,3,0,8,85718,60991545
O,0,1,20,32758,61035735
O,3,1,20,67003,61003154
O,0,1,20,67255,61041485
O,1,0,8,85972,61050774
O,2,0,8,85739,61050740
O,3,0,8,85717,61011275
O,0,0,8,85954,61050771
O,1,1,20,32626,61054859
Q,61062553,0,1.38132,-1.72881,1.39649
Q,61062553,1,1.37400,-1.76002,1.39814
Q,61062553,2,1.47920,-1.42171,1.66716
Q,61062553,3,1.34703,-1.72332,1.39452
A,0,0,31.05,-2.63
ANG S0 | BS0 h= +31.05 v=  -2.63 deg
A,0,1,-20.95,-4.16
ANG S0 | BS1 h= -20.95 v=  -4.16 deg
A,1,0,30.76,-1.92
ANG S1 | BS0 h= +30.76 v=  -1.92 deg
A,1,1,-20.99,-3.45
ANG S1 | BS1 h= -20.99 v=  -3.45 deg
A,2,0,37.26,-12.66
ANG S2 | BS0 h= +37.26 v= -12.66 deg
A,2,1,-21.74,-3.54
ANG S2 | BS1 h= -21.74 v=  -3.54 deg
A,3,0,30.43,-2.82
ANG S3 | BS0 h= +30.43 v=  -2.82 deg
A,3,1,-21.71,-4.26
ANG S3 | BS1 h= -21.71 v=  -4.26 deg
C_RAW,1.3954,-1.6585,1.4641
C,1.3954,-1.6585,1.1243
RUN: main loop
O,0,0,8,48821,61064311
O,0,1,20,67257,61079776
O,0,0,8,85951,61090228
O,0,1,20,32758,61074026
O,1,0,8,48619,61084006
O,1,1,20,32626,61074004
O,1,1,20,67366,61079794
O,2,0,8,48456,61083979
O,2,1,20,32412,61073969
O,2,1,20,67117,61079753
O,3,0,9,85717,61031004
O,3,1,20,67005,61041444
O,3,0,8,48658,61044555
O,3,1,20,32537,61016554
O,1,1,21,32625,61093150
O,2,1,21,32409,61093114
O,3,1,20,32540,61054844
O,0,1,21,32756,61093172
O,1,1,21,67363,61098940
O,2,0,8,48458,61103709
O,3,1,20,67006,61060590
O,0,1,21,67254,61098922
O,1,0,8,85971,61109960
O,2,1,20,32412,61112261
O,3,0,8,85718,61070461
O,0,1,20,32758,61112317
O,2,1,20,67117,61118044
O,3,1,20,67006,61079734
O,0,1,20,67256,61118067
O,1,0,8,48620,61123463
O,2,0,8,85739,61129655
O,3,0,8,85717,61090189
O,0,0,8,85955,61129685
O,1,1,20,32625,61131441
O,2,1,20,67114,61137189
O,3,1,21,32539,61093136
O,0,1,20,32756,61131463
O,1,0,8,48619,61143192
O,2,0,8,48456,61143166
O,3,1,21,67004,61098885
O,0,0,8,48820,61143226
O,1,1,21,32626,61150586
O,2,1,21,32411,61150552
O,3,0,8,85718,61109919
O,0,1,21,32757,61150608
O,1,1,21,67365,61156376
Q,61162989,0,1.38136,-1.72886,1.39652
Q,61162989,1,1.37399,-1.76003,1.39812
Q,61162989,2,1.43318,-1.53535,1.56091
Q,61162989,3,1.34704,-1.72337,1.39450
A,0,0,31.05,-2.62
ANG S0 | BS0 h= +31.05 v=  -2.62 deg
A,0,1,-20.95,-4.16
ANG S0 | BS1 h= -20.95 v=  -4.16 deg
A,1,0,30.76,-1.92
ANG S1 | BS0 h= +30.76 v=  -1.92 deg
A,1,1,-20.99,-3.45
ANG S1 | BS1 h= -20.99 v=  -3.45 deg
A,2,0,34.70,-8.86
ANG S2 | BS0 h= +34.70 v=  -8.86 deg
A,2,1,-21.74,-3.54
ANG S2 | BS1 h= -21.74 v=  -3.54 deg
A,3,0,30.43,-2.82
ANG S3 | BS0 h= +30.43 v=  -2.82 deg
A,3,1,-21.71,-4.26
ANG S3 | BS1 h= -21.71 v=  -4.26 deg
C_RAW,1.3839,-1.6869,1.4375
C,1.3839,-1.6869,1.0900
O,0,1,20,67255,61175503
O,0,0,9,85952,61188871
O,0,1,20,32756,61169753
O,1,0,9,48618,61182649
O,1,1,20,32626,61169731
O,2,0,9,48456,61182622
O,2,1,20,32410,61169696
O,2,1,20,67115,61175480
O,3,0,8,85717,61149376
O,3,1,20,67004,61137172
O,3,1,20,32539,61131426
O,2,1,20,67115,61194625
O,3,1,21,32541,61150572
O,0,1,20,32756,61188898
O,1,0,8,48620,61202379
O,2,0,8,48457,61202353
O,3,1,21,67005,61156317
O,0,1,20,32755,61208044
O,1,0,8,85971,61208603
O,2,0,8,85738,61208564
O,3,1,20,32539,61169717
O,0,0,8,85953,61208600
O,1,1,20,67362,61213812
O,2,0,8,48457,61222081
O,3,1,20,67005,61175461
O,0,1,20,67254,61213795
O,1,0,8,85972,61228332
O,2,0,8,85739,61228293
O,3,1,20,32540,61188862
O,0,0,8,85955,61228329
O,1,1,20,67363,61232958
O,2,1,20,67115,61232916
O,3,1,20,67004,61194606
O,0,1,20,67255,61232942
O,1,0,8,48619,61241836
O,2,1,21,32410,61246278
O,3,1,20,32538,61208008
O,0,1,21,32757,61246334
O,2,1,21,67116,61252061
O,3,0,8,85718,61208561
O,0,0,8,85952,61248058
O,1,0,8,85971,61208603
Q,61263259,0,1.38133,-1.72884,1.39656
Q,61263259,1,1.37398,-1.75998,1.39816
Q,61263259,2,1.40117,-1.61206,1.49688
Q,61263259,3,1.34705,-1.72334,1.39449
A,0,0,31.05,-2.62
ANG S0 | BS0 h= +31.05 v=  -2.62 deg
A,0,1,-20.95,-4.16
ANG S0 | BS1 h= -20.95 v=  -4.16 deg
A,1,0,30.76,-1.92
ANG S1 | BS0 h= +30.76 v=  -1.92 deg
A,1,1,-20.99,-3.45
ANG S1 | BS1 h= -20.99 v=  -3.45 deg
A,2,0,33.06,-6.43
ANG S2 | BS0 h= +33.06 v=  -6.43 deg
A,2,1,-21.74,-3.54
ANG S2 | BS1 h= -21.74 v=  -3.54 deg
A,3,0,30.43,-2.82
ANG S3 | BS0 h= +30.43 v=  -2.82 deg
A,3,1,-21.71,-4.26
ANG S3 | BS1 h= -21.71 v=  -4.26 deg
C_RAW,1.3759,-1.7061,1.4215
C,1.3759,-1.7061,1.0695
O,0,0,9,48820,61261598
O,0,1,20,67255,61271230
O,0,0,9,85952,61267786
O,0,1,21,32756,61284626
O,1,0,9,48618,61281293
O,1,0,9,85970,61287518
O,2,0,9,48456,61261538
O,2,1,21,32409,61284568
O,2,0,9,85738,61267751
O,2,1,21,67116,61290352
O,3,0,8,85717,61248020
O,3,1,20,67004,61232899
O,3,0,8,48656,61241842
O,0,0,9,85952,61287515
O,1,1,21,67364,61290393
O,2,0,8,85736,61248028
O,3,1,21,67006,61252044
O,0,0,9,48822,61301055
O,1,1,20,32624,61303749
O,2,0,9,85738,61307214
O,3,0,9,85718,61267747
O,0,0,9,85953,61307243
O,1,1,20,67363,61309539
O,2,1,20,67114,61309497
O,3,1,20,67005,61271188
O,0,1,20,67254,61309521
O,1,1,21,32626,61322895
O,2,1,21,32410,61322860
O,3,1,21,32539,61284589
O,0,0,9,85953,61326972
O,1,1,21,67365,61328684
O,2,1,21,67116,61328643
O,3,0,9,85717,61287476
O,0,1,21,67256,61328666
O,1,0,9,85970,61287518
O,2,0,8,48456,61340454
O,3,0,9,48658,61301028
O,0,0,8,48820,61340513
O,1,0,8,85971,61346704
O,2,1,21,67116,61347788
O,3,0,9,85719,61307206
O,0,0,8,85953,61346701
O,1,1,21,67365,61347830
O,2,0,9,85738,61307214
O,3,1,20,67004,61309480
Q,61363644,0,1.38130,-1.72884,1.39651
Q,61363644,1,1.37394,-1.75999,1.39815
Q,61363644,2,1.37968,-1.66257,1.45838
Q,61363644,3,1.34702,-1.72335,1.39448
A,0,0,31.05,-2.63
ANG S0 | BS0 h= +31.05 v=  -2.63 deg
A,0,1,-20.95,-4.16
ANG S0 | BS1 h= -20.95 v=  -4.16 deg
A,1,0,30.76,-1.92
ANG S1 | BS0 h= +30.76 v=  -1.92 deg
A,1,1,-20.99,-3.45
ANG S1 | BS1 h= -20.99 v=  -3.45 deg
A,2,0,32.01,-4.88
ANG S2 | BS0 h= +32.01 v=  -4.88 deg
A,2,1,-21.74,-3.54
ANG S2 | BS1 h= -21.74 v=  -3.54 deg
A,3,0,30.43,-2.82
ANG S3 | BS0 h= +30.43 v=  -2.82 deg
A,3,1,-21.71,-4.26
ANG S3 | BS1 h= -21.71 v=  -4.26 deg
C_RAW,1.3705,-1.7187,1.4119
C,1.3705,-1.7187,1.0570
O,0,0,9,48822,61379970
O,0,1,21,67256,61386103
O,0,0,9,85954,61366430
O,1,0,8,85971,61346704
O,1,1,21,32625,61361185
O,1,0,9,85972,61386162
O,1,1,21,67364,61366975
O,2,0,9,85740,61386123
O,2,1,21,32411,61380295
O,2,1,21,67116,61366934
O,3,0,8,85718,61346663
O,3,1,21,67006,61328626
O,3,0,8,48656,61340485
O,2,0,8,85738,61346671
O,3,1,21,67005,61347771
O,0,1,21,32757,61399499
O,1,0,8,48619,61399666
O,2,1,21,67117,61405225
O,3,0,9,85720,61366393
O,0,1,21,67257,61405248
O,1,0,8,85970,61405891
O,2,0,8,85737,61405858
O,3,1,21,67005,61366915
O,0,0,8,85952,61405888
O,1,0,8,48620,61419394
O,2,0,8,48457,61419367
O,3,0,9,48659,61379943
O,0,1,21,67256,61424394
O,1,0,8,85972,61425620
O,2,0,8,85739,61425583
O,3,1,21,67006,61386061
O,0,0,8,85954,61425617
O,1,1,21,67365,61386121
O,2,0,8,48454,61439096
O,3,1,21,32540,61399462
O,0,0,8,48819,61439157
O,1,0,8,85969,61445348
O,2,0,8,85736,61445316
O,3,1,21,67006,61405209
O,0,1,21,67254,61443539
O,1,1,21,67365,61405266
O,2,1,21,67117,61405225
O,3,0,8,85717,61405851
O,0,1,20,32755,61456935
O,1,0,9,48620,61458852
Q,61463954,0,1.38129,-1.72885,1.39656
Q,61463954,1,1.49110,-1.47115,1.62563
Q,61463954,2,1.36556,-1.69541,1.43492
Q,61463954,3,1.34706,-1.72336,1.39453
A,0,0,31.05,-2.62
ANG S0 | BS0 h= +31.05 v=  -2.62 deg
A,0,1,-20.95,-4.16
ANG S0 | BS1 h= -20.95 v=  -4.16 deg
A,1,0,36.79,-10.92
ANG S1 | BS0 h= +36.79 v= -10.92 deg
A,1,1,-20.99,-3.45
ANG S1 | BS1 h= -20.99 v=  -3.45 deg
A,2,0,31.33,-3.88
ANG S2 | BS0 h= +31.33 v=  -3.88 deg
A,2,1,-21.74,-3.54
ANG S2 | BS1 h= -21.74 v=  -3.54 deg
A,3,0,30.43,-2.82
ANG S3 | BS0 h= +30.43 v=  -2.82 deg
A,3,1,-21.71,-4.26
ANG S3 | BS1 h= -21.71 v=  -4.26 deg
C_RAW,1.3963,-1.6547,1.4629
C,1.3963,-1.6547,1.1228
O,0,0,9,48819,61478614
O,0,1,21,67254,61481829
O,0,0,9,85953,61465075
O,1,1,21,67363,61443557
O,1,0,9,85968,61484806
O,2,0,9,48454,61478553
O,2,0,9,85737,61484767
O,2,1,21,67114,61443516
O,3,0,8,85719,61425579
O,3,1,21,67004,61443499
O,3,1,21,32538,61437753
O,3,0,8,85716,61445307
O,0,1,20,32755,61495225
O,1,1,20,67363,61500992
O,2,1,20,67114,61500951
O,3,1,20,67003,61462644
O,0,1,20,67253,61500974
O,1,0,8,85970,61504534
O,2,0,8,85736,61504501
O,3,0,9,85719,61465037
O,0,0,8,85952,61504531
O,1,1,21,32625,61514348
O,2,0,9,48455,61518016
O,3,0,9,48655,61478587
O,0,0,9,48821,61518073
O,1,0,9,85970,61524263
O,2,0,9,85738,61524229
O,3,1,21,67003,61481787
O,0,1,21,67256,61520119
O,1,1,21,32625,61533493
O,2,1,21,32410,61533459
O,3,0,9,85717,61484764
O,0,0,8,48820,61537800
O,1,1,21,67365,61539283
O,2,1,21,67116,61539241
O,3,1,20,67003,61500934
O,0,1,21,67256,61539265
O,1,0,8,85971,61544008
O,2,0,8,85738,61543958
O,3,0,8,85717,61504494
O,0,0,8,85953,61543992
O,1,0,9,48620,61557495
O,2,1,21,67116,61558387
Q,61564029,0,1.38126,-1.72886,1.39655
Q,61564029,1,1.74486,-1.50943,1.11329
Q,61564029,2,1.35633,-1.71659,1.42049
Q,61564029,3,1.34703,-1.72340,1.39456
A,0,0,31.05,-2.62
ANG S0 | BS0 h= +31.05 v=  -2.62 deg
A,0,1,-20.95,-4.16
ANG S0 | BS1 h= -20.95 v=  -4.16 deg
A,1,0,35.59,-9.12
ANG S1 | BS0 h= +35.59 v=  -9.12 deg
A,1,1,-11.88,-12.71
ANG S1 | BS1 h= -11.88 v= -12.71 deg
A,2,0,30.90,-3.24
ANG S2 | BS0 h= +30.90 v=  -3.24 deg
A,2,1,-21.74,-3.54
ANG S2 | BS1 h= -21.74 v=  -3.54 deg
A,3,0,30.43,-2.81
ANG S3 | BS0 h= +30.43 v=  -2.81 deg
A,3,1,-21.71,-4.26
ANG S3 | BS1 h= -21.71 v=  -4.26 deg
C_RAW,1.4574,-1.6696,1.3312
C,1.4574,-1.6696,0.9532
O,0,0,9,48821,61577258
O,0,1,20,67256,61577555
O,0,0,9,85953,61583447
O,1,1,20,32626,61590930
O,1,0,9,85971,61583450
O,1,1,20,67366,61577574
O,2,1,20,32412,61590894
O,2,0,9,85739,61583411
O,3,0,8,85717,61543951
O,3,1,21,67005,61539223
O,3,0,8,48656,61537773
O,2,0,9,48457,61596928
O,3,0,9,48659,61557502
O,0,1,20,67256,61596702
O,1,0,9,85972,61603178
O,2,0,9,85740,61603146
O,3,1,21,67005,61558369
O,0,0,9,85954,61603175
O,1,1,21,32624,61610075
O,2,1,21,32409,61610041
O,3,0,9,48657,61577231
O,0,1,21,67256,61615847
O,1,0,9,48619,61616682
O,2,0,9,85738,61622875
O,3,1,20,67006,61577514
O,0,0,9,48821,61616716
O,1,1,20,32626,61629221
O,2,1,20,32410,61629186
O,3,0,9,85719,61583408
O,0,1,20,32755,61629242
O,1,0,8,48619,61636411
O,2,0,8,48456,61636385
O,3,1,20,67006,61596661
O,0,0,8,48820,61636444
O,1,0,8,85970,61642636
O,2,0,8,85737,61642602
O,3,0,9,85720,61603138
O,0,0,8,85952,61642633
O,1,1,20,32625,61648366
O,2,1,20,67114,61654114
O,3,1,21,32538,61610061
O,0,1,20,67254,61654138
O,1,0,9,48619,61656139
O,2,0,9,48456,61656114
Q,61664367,0,1.38126,-1.72887,1.39657
Q,61664367,1,1.65553,-1.60322,1.13881
Q,61664367,2,1.34830,-1.73501,1.40845
Q,61664367,3,1.34702,-1.72344,1.39456
A,0,0,31.05,-2.63
ANG S0 | BS0 h= +31.05 v=  -2.63 deg
A,0,1,-20.95,-4.16
ANG S0 | BS1 h= -20.95 v=  -4.16 deg
A,1,0,33.85,-6.53
ANG S1 | BS0 h= +33.85 v=  -6.53 deg
A,1,1,-13.70,-10.86
ANG S1 | BS1 h= -13.70 v= -10.86 deg
A,2,0,30.53,-2.69
ANG S2 | BS0 h= +30.53 v=  -2.69 deg
A,2,1,-21.74,-3.54
ANG S2 | BS1 h= -21.74 v=  -3.54 deg
A,3,0,30.43,-2.81
ANG S3 | BS0 h= +30.43 v=  -2.81 deg
A,3,1,-21.71,-4.26
ANG S3 | BS1 h= -21.71 v=  -4.26 deg
C_RAW,1.4330,-1.6976,1.3346
C,1.4330,-1.6976,0.9575
O,0,0,9,48821,61656174
O,0,1,21,67254,61673283
O,0,0,8,85953,61682090
O,0,1,21,32756,61686678
O,1,1,21,32626,61686657
O,1,0,8,85971,61682093
O,1,1,21,67364,61692446
O,2,0,8,48457,61675841
O,2,1,21,32410,61686621
O,2,0,8,85738,61682054
O,3,0,9,85719,61622867
O,3,1,20,67005,61634952
O,3,0,8,48656,61636417
O,3,1,20,32539,61648352
O,2,0,8,48457,61695570
O,3,1,20,67004,61654097
O,0,1,21,67255,61692428
O,1,0,8,85971,61701824
O,2,0,8,85738,61701794
O,3,0,9,85718,61662324
O,0,0,8,85953,61701820
O,1,1,21,67365,61711592
O,2,1,21,67117,61711550
O,3,1,21,67003,61673241
O,0,1,21,67256,61711573
O,1,0,9,48618,61715325
O,2,0,9,85737,61721517
O,3,0,8,48656,61675874
O,0,0,9,85951,61721548
O,1,1,20,32624,61724947
O,2,1,20,32410,61724913
O,3,1,21,32539,61686642
O,0,1,20,32755,61724969
O,1,0,8,48618,61735054
O,2,0,8,48456,61735028
O,3,1,21,67005,61692386
O,0,0,8,48819,61735088
O,1,0,8,85969,61741279
O,2,1,20,32412,61744058
O,3,0,8,85719,61701783
O,0,1,20,32758,61744115
O,1,1,20,67365,61749883
O,3,1,21,67006,61711533
O,0,1,20,67256,61749864
O,1,0,9,48618,61754783
Q,61764378,0,1.38127,-1.72890,1.39648
Q,61764378,1,1.54409,-1.68492,1.21701
Q,61764378,2,1.34417,-1.74449,1.40243
Q,61764378,3,1.34700,-1.72343,1.39457
A,0,0,31.05,-2.63
ANG S0 | BS0 h= +31.05 v=  -2.63 deg
A,0,1,-20.95,-4.16
ANG S0 | BS1 h= -20.95 v=  -4.16 deg
A,1,0,32.34,-4.28
ANG S1 | BS0 h= +32.34 v=  -4.28 deg
A,1,1,-16.33,-8.19
ANG S1 | BS1 h= -16.33 v=  -8.19 deg
A,2,0,30.34,-2.41
ANG S2 | BS0 h= +30.34 v=  -2.41 deg
A,2,1,-21.74,-3.54
ANG S2 | BS1 h= -21.74 v=  -3.54 deg
A,3,0,30.43,-2.81
ANG S3 | BS0 h= +30.43 v=  -2.81 deg
A,3,1,-21.71,-4.26
ANG S3 | BS1 h= -21.71 v=  -4.26 deg
C_RAW,1.4041,-1.7204,1.3526
C,1.4041,-1.7204,0.9807
O,0,0,9,48820,61774545
O,0,1,21,67256,61788155
O,0,0,9,85951,61761007
O,0,1,21,32757,61782406
O,1,0,9,48618,61774511
O,1,1,21,32626,61782384
O,1,1,21,67365,61788173
O,2,0,9,48455,61774484
O,2,1,21,32410,61782348
O,2,0,9,85737,61760978
O,2,1,20,67117,61768987
O,3,0,8,85716,61741239
O,3,1,20,67004,61730679
O,3,1,20,32540,61744079
O,1,0,9,48619,61794240
O,2,0,9,48456,61794213
O,3,0,9,85717,61760969
O,0,0,9,85952,61800462
O,1,1,20,32626,61801529
O,2,1,20,67117,61807277
O,3,1,20,32540,61763226
O,0,1,20,32758,61801551
O,1,0,8,48619,61813969
O,2,0,8,48456,61813944
O,3,1,20,67005,61768970
O,0,1,20,67256,61807301
O,1,1,21,32625,61820674
O,2,1,21,32410,61820640
O,3,0,9,85717,61780694
O,0,1,21,32756,61820696
O,1,1,21,67365,61826464
O,2,1,21,67116,61826423
O,3,1,21,32539,61782369
O,0,1,21,67256,61826446
O,1,0,9,48620,61833697
O,2,0,9,48457,61833672
O,3,0,9,85718,61800425
O,0,1,21,32757,61839842
O,1,0,9,85971,61839925
O,2,1,21,67116,61845568
O,3,1,20,32540,61801515
O,0,0,9,85953,61839922
O,1,0,8,48621,61853426
O,3,1,20,67005,61807260
O,0,1,20,32758,61858987
O,1,0,8,85972,61859651
Q,61864656,0,1.38129,-1.72893,1.39639
Q,61864656,1,1.46393,-1.71379,1.31121
Q,61864656,2,1.34330,-1.74656,1.40115
Q,61864656,3,1.34703,-1.72343,1.39452
A,0,0,31.05,-2.63
ANG S0 | BS0 h= +31.05 v=  -2.63 deg
A,0,1,-20.95,-4.16
ANG S0 | BS1 h= -20.95 v=  -4.16 deg
A,1,0,31.77,-3.43
ANG S1 | BS0 h= +31.77 v=  -3.43 deg
A,1,1,-18.60,-5.87
ANG S1 | BS1 h= -18.60 v=  -5.87 deg
A,2,0,30.30,-2.35
ANG S2 | BS0 h= +30.30 v=  -2.35 deg
A,2,1,-21.74,-3.54
ANG S2 | BS1 h= -21.74 v=  -3.54 deg
A,3,0,30.43,-2.81
ANG S3 | BS0 h= +30.43 v=  -2.81 deg
A,3,1,-21.71,-4.26
ANG S3 | BS1 h= -21.71 v=  -4.26 deg
C_RAW,1.3839,-1.7282,1.3758
C,1.3839,-1.7282,1.0106
O,0,1,20,67255,61883882
O,0,0,8,85955,61879377
O,0,1,20,32756,61878133
O,1,0,8,48621,61873155
O,1,0,8,85973,61879380
O,2,1,20,32410,61878075
O,2,0,9,85739,61839894
O,2,1,20,67115,61883859
O,3,0,9,85719,61839884
O,3,1,21,67004,61845551
O,3,1,21,32540,61839809
O,1,1,21,32626,61897256
O,2,0,8,85739,61899079
O,3,1,20,32540,61858951
O,0,0,8,85954,61899107
O,1,1,21,67365,61903047
O,2,1,21,67116,61903004
O,3,0,8,85720,61859609
O,0,1,21,67256,61903028
O,1,0,9,48619,61912613
O,2,0,9,48456,61912587
O,3,0,8,48658,61873161
O,0,1,20,32757,61916423
O,1,0,9,85971,61918838
O,2,1,20,67117,61922150
O,3,0,8,85720,61879338
O,0,0,9,85953,61918835
O,1,1,20,67365,61922191
O,2,0,9,48455,61932316
O,3,1,20,67004,61883840
O,0,0,9,48820,61932375
O,1,1,21,32627,61935547
O,2,0,9,85737,61938534
O,3,0,8,85719,61899070
O,0,0,9,85951,61938564
O,1,1,21,67365,61941337
O,2,1,21,67117,61941295
O,3,1,21,67006,61902987
O,0,1,21,67257,61941319
O,1,1,20,32626,61954693
O,2,1,20,32411,61954658
O,3,1,20,32540,61916387
O,0,1,20,32757,61954715
Q,61964915,0,1.38132,-1.72895,1.39638
Q,61964915,1,1.42248,-1.73045,1.35756
Q,61964915,2,1.34161,-1.75047,1.39874
Q,61964915,3,1.34707,-1.72340,1.39454
A,0,0,31.05,-2.63
ANG S0 | BS0 h= +31.05 v=  -2.63 deg
A,0,1,-20.95,-4.16
ANG S0 | BS1 h= -20.95 v=  -4.16 deg
A,1,0,31.41,-2.89
ANG S1 | BS0 h= +31.41 v=  -2.89 deg
A,1,1,-19.77,-4.69
ANG S1 | BS1 h= -19.77 v=  -4.69 deg
A,2,0,30.22,-2.23
ANG S2 | BS0 h= +30.22 v=  -2.23 deg
A,2,1,-21.74,-3.54
ANG S2 | BS1 h= -21.74 v=  -3.54 deg
A,3,0,30.43,-2.81
ANG S3 | BS0 h= +30.43 v=  -2.81 deg
A,3,1,-21.71,-4.26
ANG S3 | BS1 h= -21.71 v=  -4.26 deg
C_RAW,1.3731,-1.7333,1.3868
C,1.3731,-1.7333,1.0247
O,0,0,8,48821,61971833
O,0,1,20,67254,61979610
O,0,0,8,85953,61978021
O,1,0,8,48618,61991528
O,1,0,8,85971,61978024
O,1,1,20,67363,61979628
O,2,0,9,85737,61938534
O,2,1,21,32409,61992947
O,2,1,20,67114,61979586
O,3,0,9,85717,61938526
O,3,1,21,67006,61941278
O,3,0,8,48658,61952077
O,0,1,21,32756,61993005
O,1,1,21,67363,61998774
O,2,1,21,67114,61998731
O,3,0,8,85719,61958255
O,0,0,8,85951,61997751
O,1,0,8,85972,61958296
O,2,0,8,48457,62011231
O,3,0,8,48656,61971805
O,0,0,8,48822,62011290
O,1,0,8,85971,62017482
O,2,1,21,67113,62017878
O,3,0,8,85718,61977982
O,0,0,8,85954,62017478
O,1,1,21,67362,62017918
O,2,0,8,85738,61977985
O,3,1,20,67003,61979568
O,0,0,8,48820,62031019
O,1,1,21,32626,62031274
O,2,1,21,32410,62031241
O,3,0,8,85717,61997713
O,0,1,21,67255,62037045
O,1,0,8,85970,62037210
O,2,0,8,85736,62037177
O,3,1,21,67004,61998715
O,0,0,8,85951,62037208
O,1,0,8,85969,61997756
O,2,0,8,48458,62050687
O,3,0,8,48658,62011263
O,0,1,21,32756,62050443
O,1,0,8,85972,62056939
O,2,0,8,85739,62056901
O,3,0,8,85718,62017441
Q,62065240,0,1.38130,-1.72888,1.39641
Q,62065240,1,1.41271,-1.73645,1.36563
Q,62065240,2,1.51721,-1.32472,1.76744
Q,62065240,3,1.34706,-1.72337,1.39450
A,0,0,31.05,-2.63
ANG S0 | BS0 h= +31.05 v=  -2.63 deg
A,0,1,-20.95,-4.16
ANG S0 | BS1 h= -20.95 v=  -4.16 deg
A,1,0,31.28,-2.70
ANG S1 | BS0 h= +31.28 v=  -2.70 deg
A,1,1,-20.01,-4.44
ANG S1 | BS1 h= -20.01 v=  -4.44 deg
A,2,0,39.61,-16.14
ANG S2 | BS0 h= +39.61 v= -16.14 deg
A,2,1,-21.74,-3.54
ANG S2 | BS1 h= -21.74 v=  -3.54 deg
A,3,0,30.43,-2.82
ANG S3 | BS0 h= +30.43 v=  -2.82 deg
A,3,1,-21.71,-4.26
ANG S3 | BS1 h= -21.71 v=  -4.26 deg
C_RAW,1.4146,-1.6284,1.4810
C,1.4146,-1.6284,1.1460
RUN: main loop
O,0,1,21,67255,62075336
O,0,0,8,85955,62076665
O,0,1,21,32756,62088731
O,1,0,8,48621,62090171
O,1,0,8,85973,62076668
O,1,1,21,67364,62037063
O,2,0,8,48459,62070415
O,2,1,21,32409,62088674
O,2,0,8,85740,62076629
O,2,1,21,67116,62094458
O,3,0,8,85717,62037169
O,3,1,21,67004,62056150
O,3,1,21,32539,62050407
O,0,1,21,67255,62094481
O,1,0,8,85973,62096397
O,2,0,8,85740,62096358
O,3,0,8,85720,62056897
O,0,0,8,85955,62096394
O,1,1,20,32626,62107855
O,2,0,8,48459,62109875
O,3,1,21,32539,62069550
O,0,0,8,48822,62109934
O,1,0,8,85972,62116126
O,2,0,8,85740,62116092
O,3,1,21,67004,62075294
O,0,1,20,67256,62113626
O,2,1,21,32409,62126966
O,3,1,21,32539,62088695
O,0,1,21,32756,62127022
O,1,1,21,67363,62132790
O,2,1,21,67114,62132749
O,3,1,21,67004,62094439
O,0,1,21,67254,62132772
O,1,0,8,85972,62135854
O,2,0,8,85739,62135820
O,3,0,8,85720,62096355
O,0,0,8,85955,62135851
O,1,0,8,48621,62149358
O,2,1,21,67116,62151894
O,3,0,8,48658,62109907
O,0,1,21,67255,62151918
O,1,0,8,85972,62155583
O,2,0,8,85739,62155549
O,3,1,20,67005,62113586
Q,62165785,0,1.38131,-1.72886,1.39651
Q,62165785,1,1.40322,-1.74535,1.36953
Q,62165785,2,1.46075,-1.46746,1.62290
Q,62165785,3,1.34705,-1.72334,1.39459
A,0,0,31.05,-2.63
ANG S0 | BS0 h= +31.05 v=  -2.63 deg
A,0,1,-20.95,-4.16
ANG S0 | BS1 h= -20.95 v=  -4.16 deg
A,1,0,31.09,-2.42
ANG S1 | BS0 h= +31.09 v=  -2.42 deg
A,1,1,-20.21,-4.24
ANG S1 | BS1 h= -20.21 v=  -4.24 deg
A,2,0,36.20,-11.09
ANG S2 | BS0 h= +36.20 v= -11.09 deg
A,2,1,-21.74,-3.54
ANG S2 | BS1 h= -21.74 v=  -3.54 deg
A,3,0,30.43,-2.81
ANG S3 | BS0 h= +30.43 v=  -2.81 deg
A,3,1,-21.71,-4.26
ANG S3 | BS1 h= -21.71 v=  -4.26 deg
C_RAW,1.3981,-1.6663,1.4459
C,1.3981,-1.6663,1.1008
O,0,0,8,48820,62188849
O,0,1,20,67255,62171063
O,0,0,8,85953,62175309
O,1,0,8,48618,62188815
O,1,1,20,32625,62165294
O,1,0,8,85969,62195040
O,1,1,20,67363,62171081
O,2,1,20,32410,62165259
O,2,0,8,85738,62175273
O,2,1,20,67117,62190185
O,3,0,8,85719,62135813
O,3,1,21,67004,62132732
O,3,0,8,48658,62149364
O,3,1,21,32538,62126986
O,2,0,8,85736,62195002
O,3,1,21,67004,62151877
O,0,1,20,67256,62190208
O,1,1,20,32626,62203582
O,2,1,20,32412,62203549
O,3,1,20,32539,62165277
O,0,0,8,48822,62208578
O,2,1,20,67117,62209331
O,3,1,20,67004,62171021
O,0,1,20,67256,62209354
O,1,0,8,85971,62214769
O,2,1,20,32412,62222693
O,3,0,8,85717,62175270
O,0,0,8,85953,62214766
O,1,1,20,67365,62228517
O,2,1,20,67117,62228479
O,3,1,20,67005,62190167
O,0,1,20,67256,62228500
O,1,0,8,85973,62234498
O,2,0,8,85740,62234465
O,3,0,8,85717,62194998
O,0,0,8,85955,62234495
O,1,1,21,32626,62241873
O,3,0,8,48658,62208555
O,0,1,21,67256,62247645
O,1,0,8,48619,62248001
O,2,0,8,85738,62254193
O,3,1,20,67005,62209313
O,0,0,8,48821,62248035
O,1,1,21,32626,62261019
O,2,1,21,32410,62260984
Q,62266130,0,1.38134,-1.72886,1.39660
Q,62266130,1,1.38982,-1.75044,1.38486
Q,62266130,2,1.46083,-1.46751,1.62282
Q,62266130,3,1.34703,-1.72330,1.39461
A,0,0,31.05,-2.62
ANG S0 | BS0 h= +31.05 v=  -2.62 deg
A,0,1,-20.95,-4.16
ANG S0 | BS1 h= -20.95 v=  -4.16 deg
A,1,0,30.97,-2.24
ANG S1 | BS0 h= +30.97 v=  -2.24 deg
A,1,1,-20.59,-3.86
ANG S1 | BS1 h= -20.59 v=  -3.86 deg
A,2,0,36.20,-11.09
ANG S2 | BS0 h= +36.20 v= -11.09 deg
A,2,1,-21.74,-3.54
ANG S2 | BS1 h= -21.74 v=  -3.54 deg
A,3,0,30.43,-2.82
ANG S3 | BS0 h= +30.43 v=  -2.82 deg
A,3,1,-21.71,-4.26
ANG S3 | BS1 h= -21.71 v=  -4.26 deg
C_RAW,1.3948,-1.6675,1.4497
C,1.3948,-1.6675,1.1058
O,0,0,9,48820,62287493
O,0,1,20,67255,62285935
O,0,0,9,85953,62273952
O,0,1,21,32757,62261040
O,1,0,9,48618,62287459
O,1,1,20,32626,62280164
O,1,0,9,85970,62293684
O,2,0,9,48456,62287432
O,2,1,20,32412,62280128
O,2,0,9,85738,62273917
O,3,0,8,85720,62234457
O,3,0,8,48656,62248008
O,3,1,21,32540,62241859
O,2,1,20,32412,62299275
O,3,0,8,85717,62254186
O,0,0,9,85952,62293681
O,2,0,9,48457,62307162
O,3,1,21,67004,62266750
O,0,1,20,67255,62305080
O,1,0,9,85971,62313413
O,2,0,9,85738,62313383
O,3,0,9,48658,62267737
O,0,0,9,85953,62313410
O,1,1,20,32626,62318455
O,2,1,20,32412,62318420
O,3,1,20,32540,62280149
O,0,1,20,67255,62324226
O,1,0,9,48621,62326917
O,2,0,9,48458,62326891
O,3,0,9,48657,62287465
O,0,0,9,48823,62326951
O,1,1,21,32626,62337600
O,2,1,21,32411,62337566
O,3,0,9,85717,62293642
O,0,1,21,32758,62337622
O,1,1,21,67365,62343389
O,2,0,8,48457,62346621
O,3,1,20,67005,62305041
O,0,1,21,67256,62343373
O,1,0,8,85971,62352870
O,2,0,8,85738,62352837
O,3,0,9,85719,62313372
O,0,0,8,85953,62352867
O,1,1,21,67364,62362535
Q,62366430,0,1.38136,-1.72881,1.39655
Q,62366430,1,1.38593,-1.75407,1.38640
Q,62366430,2,1.39243,-1.63275,1.48074
Q,62366430,3,1.34703,-1.72332,1.39454
A,0,0,31.05,-2.63
ANG S0 | BS0 h= +31.05 v=  -2.63 deg
A,0,1,-20.95,-4.16
ANG S0 | BS1 h= -20.95 v=  -4.16 deg
A,1,0,30.89,-2.12
ANG S1 | BS0 h= +30.89 v=  -2.12 deg
A,1,1,-20.67,-3.77
ANG S1 | BS1 h= -20.67 v=  -3.77 deg
A,2,0,32.62,-5.79
ANG S2 | BS0 h= +32.62 v=  -5.79 deg
A,2,1,-21.74,-3.54
ANG S2 | BS1 h= -21.74 v=  -3.54 deg
A,3,0,30.43,-2.82
ANG S3 | BS0 h= +30.43 v=  -2.82 deg
A,3,1,-21.71,-4.26
ANG S3 | BS1 h= -21.71 v=  -4.26 deg
C_RAW,1.3767,-1.7097,1.4146
C,1.3767,-1.7097,1.0605
O,0,1,21,67256,62381662
O,0,0,9,85953,62392325
O,0,1,21,32757,62375912
O,1,0,9,48620,62386103
O,1,1,21,32626,62375890
O,2,0,9,48457,62386075
O,2,1,21,32410,62375854
O,2,0,9,85740,62392289
O,3,0,8,85718,62352829
O,3,1,21,67006,62343332
O,3,0,9,48659,62326925
O,1,1,20,32626,62395036
O,2,1,20,67117,62400785
O,3,1,21,32539,62356731
O,0,1,20,32758,62395058
O,1,0,9,48619,62405831
O,2,0,9,48456,62405805
O,3,1,21,67005,62362477
O,0,0,9,48821,62405865
O,1,1,21,32626,62414181
O,2,1,21,32409,62414147
O,3,0,9,85718,62372559
O,0,1,21,32757,62414203
O,1,1,21,67364,62419973
O,2,1,21,67115,62419929
O,3,1,21,67005,62381620
O,0,1,21,67255,62419954
O,1,0,8,48618,62425560
O,2,1,20,32409,62433291
O,3,0,9,85719,62392286
O,0,0,8,85951,62431782
O,1,1,20,67363,62439116
O,2,1,20,67114,62439075
O,3,1,20,32540,62395022
O,0,1,20,67254,62439098
O,1,0,8,48621,62445289
O,2,0,8,48458,62445263
O,3,0,9,48657,62405838
O,0,0,8,85954,62451511
O,1,1,20,32626,62452472
O,2,1,20,32410,62452438
O,3,1,21,32539,62414167
O,0,1,20,32756,62452494
O,1,1,20,67364,62458262
O,2,1,20,67115,62458220
Q,62466681,0,1.38134,-1.72880,1.39656
Q,62466681,1,1.38093,-1.75496,1.39335
Q,62466681,2,1.38219,-1.65668,1.46277
Q,62466681,3,1.34706,-1.72334,1.39455
A,0,0,31.05,-2.63
ANG S0 | BS0 h= +31.05 v=  -2.63 deg
A,0,1,-20.95,-4.16
ANG S0 | BS1 h= -20.95 v=  -4.16 deg
A,1,0,30.87,-2.08
ANG S1 | BS0 h= +30.87 v=  -2.08 deg
A,1,1,-20.83,-3.62
ANG S1 | BS1 h= -20.83 v=  -3.62 deg
A,2,0,32.13,-5.06
ANG S2 | BS0 h= +32.13 v=  -5.06 deg
A,2,1,-21.74,-3.54
ANG S2 | BS1 h= -21.74 v=  -3.54 deg
A,3,0,30.43,-2.82
ANG S3 | BS0 h= +30.43 v=  -2.82 deg
A,3,1,-21.71,-4.26
ANG S3 | BS1 h= -21.71 v=  -4.26 deg
C_RAW,1.3729,-1.7159,1.4118
C,1.3729,-1.7159,1.0569
O,0,1,21,67255,62477389
O,0,0,8,85955,62471240
O,0,1,21,32757,62490785
O,1,0,8,48619,62484746
O,1,1,21,32626,62471617
O,1,1,21,67364,62496553
O,2,0,8,48456,62484719
O,2,1,21,32410,62471582
O,2,0,8,85738,62490932
O,2,1,21,67116,62477366
O,3,0,8,85719,62451474
O,3,1,20,67003,62439058
O,3,1,20,32539,62433313
O,2,1,21,67116,62496511
O,3,1,20,32540,62452458
O,0,0,8,85952,62490968
O,1,0,8,48621,62504475
O,2,0,8,48458,62504450
O,3,1,20,67005,62458203
O,0,1,20,32757,62509930
O,1,0,8,85972,62510700
O,2,1,20,67117,62515657
O,3,1,21,32540,62471603
O,0,0,8,85954,62510697
O,2,1,21,32410,62471582
O,3,1,21,67004,62477347
O,0,1,20,67256,62515680
O,1,1,20,32626,62529054
O,2,0,9,85736,62530392
O,3,1,21,32539,62490749
O,0,0,9,85951,62530426
O,1,1,20,67363,62534843
O,2,1,20,67115,62534802
O,3,0,8,85717,62490929
O,0,1,20,67255,62534825
O,1,0,9,48618,62543932
O,2,0,9,85737,62550118
O,3,1,20,32540,62509894
O,0,0,9,85951,62550154
O,1,1,21,67364,62553989
O,2,1,21,67114,62553947
O,3,0,8,85719,62510659
O,0,1,21,67254,62553971
Q,62566742,0,1.38135,-1.72881,1.39654
Q,62566742,1,1.37882,-1.75586,1.39564
Q,62566742,2,1.36720,-1.69154,1.43765
Q,62566742,3,1.34706,-1.72331,1.39455
A,0,0,31.05,-2.63
ANG S0 | BS0 h= +31.05 v=  -2.63 deg
A,0,1,-20.95,-4.16
ANG S0 | BS1 h= -20.95 v=  -4.16 deg
A,1,0,30.85,-2.05
ANG S1 | BS0 h= +30.85 v=  -2.05 deg
A,1,1,-20.89,-3.56
ANG S1 | BS1 h= -20.89 v=  -3.56 deg
A,2,0,31.41,-4.00
ANG S2 | BS0 h= +31.41 v=  -4.00 deg
A,2,1,-21.74,-3.54
ANG S2 | BS1 h= -21.74 v=  -3.54 deg
A,3,0,30.43,-2.82
ANG S3 | BS0 h= +30.43 v=  -2.82 deg
A,3,1,-21.71,-4.26
ANG S3 | BS1 h= -21.71 v=  -4.26 deg
C_RAW,1.3686,-1.7249,1.4061
C,1.3686,-1.7249,1.0496
O,0,1,21,67254,62573116
O,0,0,8,85953,62569883
O,0,1,21,32757,62586512
O,1,0,8,48620,62563661
O,1,1,21,32626,62586490
O,1,0,8,85971,62569886
O,1,1,21,67364,62592279
O,2,0,8,48457,62563635
O,2,1,21,67115,62592238
O,2,0,9,85736,62530392
O,2,1,21,32410,62586454
O,3,0,9,85717,62550115
O,3,1,20,67004,62534785
O,3,0,9,48656,62524210
O,3,1,21,32539,62548185
O,0,0,8,85953,62589612
O,1,0,9,85970,62550157
O,2,0,9,48456,62603093
O,3,0,8,48658,62563667
O,0,0,9,48822,62603152
O,1,0,9,85971,62609344
O,2,1,20,67114,62611384
O,3,0,8,85718,62569846
O,0,0,9,85953,62609341
O,1,1,20,67363,62611425
O,2,0,8,85738,62569853
O,3,1,21,67003,62573074
O,0,0,8,48820,62622881
O,1,1,20,32626,62624780
O,2,1,20,32412,62624745
O,3,0,8,85718,62589573
O,0,0,8,85953,62629070
O,1,1,20,67364,62630570
O,2,1,20,67115,62630528
O,3,1,21,67004,62592220
O,0,1,20,67255,62630552
O,1,0,8,48619,62642576
O,2,1,20,32412,62643891
O,3,0,9,48658,62603125
O,0,1,20,32757,62643947
O,3,0,9,85719,62609303
O,0,0,8,85953,62648798
O,1,0,9,85971,62609344
O,2,0,9,85739,62609310
O,3,0,8,48656,62622853
Q,62667129,0,1.38134,-1.72880,1.39653
Q,62667129,1,1.37737,-1.75660,1.39698
Q,62667129,2,1.35744,-1.71402,1.42214
Q,62667129,3,1.34703,-1.72331,1.39455
A,0,0,31.05,-2.63
ANG S0 | BS0 h= +31.05 v=  -2.63 deg
A,0,1,-20.95,-4.16
ANG S0 | BS1 h= -20.95 v=  -4.16 deg
A,1,0,30.83,-2.03
ANG S1 | BS0 h= +30.83 v=  -2.03 deg
A,1,1,-20.93,-3.52
ANG S1 | BS1 h= -20.93 v=  -3.52 deg
A,2,0,30.95,-3.32
ANG S2 | BS0 h= +30.95 v=  -3.32 deg
A,2,1,-21.74,-3.54
ANG S2 | BS1 h= -21.74 v=  -3.54 deg
A,3,0,30.43,-2.82
ANG S3 | BS0 h= +30.43 v=  -2.82 deg
A,3,1,-21.71,-4.26
ANG S3 | BS1 h= -21.71 v=  -4.26 deg
C_RAW,1.3658,-1.7307,1.4026
C,1.3658,-1.7307,1.0450
O,0,0,9,48820,62682067
O,0,1,21,67255,62687988
O,0,0,8,85954,62668527
O,1,0,8,85971,62648801
O,1,1,21,32625,62682216
O,1,1,21,67363,62668860
O,2,0,8,85738,62629040
O,2,1,21,67114,62668819
O,2,0,8,85738,62648767
O,2,1,21,32409,62682180
O,3,0,8,85717,62648760
O,3,0,8,48656,62642582
O,3,1,20,67005,62649655
O,0,1,20,32756,62701383
O,1,0,8,48620,62701763
O,2,0,8,48457,62701737
O,3,0,8,85719,62668490
O,0,1,20,67255,62707135
O,1,0,8,85972,62707988
O,2,0,8,85739,62707949
O,3,1,21,67004,62668801
O,0,0,8,85955,62707985
O,1,0,8,85972,62668530
O,2,0,9,48455,62721465
O,3,0,9,48657,62682040
O,0,0,9,48820,62721525
O,1,0,9,85969,62727716
O,2,0,9,85737,62727683
O,3,1,21,67004,62687946
O,0,1,20,67255,62726279
O,1,1,21,67364,62688006
O,2,1,21,67115,62687964
O,3,0,9,85717,62688217
O,0,1,21,32757,62739674
O,1,0,8,48619,62741220
O,2,1,21,67116,62745402
O,3,1,20,67005,62707093
O,0,1,21,67256,62745424
O,1,0,8,85970,62747446
O,2,0,8,85736,62747415
O,3,0,8,85719,62707945
O,0,0,8,85952,62747442
O,1,1,21,32626,62758798
O,2,0,8,48457,62760923
O,3,1,20,32540,62720493
Q,62767321,0,1.38133,-1.72884,1.39656
Q,62767321,1,1.37614,-1.75782,1.39739
Q,62767321,2,1.46602,-1.45430,1.63523
Q,62767321,3,1.34703,-1.72334,1.39452
A,0,0,31.05,-2.62
ANG S0 | BS0 h= +31.05 v=  -2.62 deg
A,0,1,-20.95,-4.16
ANG S0 | BS1 h= -20.95 v=  -4.16 deg
A,1,0,30.80,-1.99
ANG S1 | BS0 h= +30.80 v=  -1.99 deg
A,1,1,-20.95,-3.49
ANG S1 | BS1 h= -20.95 v=  -3.49 deg
A,2,0,36.50,-11.54
ANG S2 | BS0 h= +36.50 v= -11.54 deg
A,2,1,-21.74,-3.54
ANG S2 | BS1 h= -21.74 v=  -3.54 deg
A,3,0,30.43,-2.81
ANG S3 | BS0 h= +30.43 v=  -2.81 deg
A,3,1,-21.71,-4.26
ANG S3 | BS1 h= -21.71 v=  -4.26 deg
C_RAW,1.3926,-1.6661,1.4559
C,1.3926,-1.6661,1.1138
O,0,0,8,48821,62760982
O,0,1,20,67255,62783715
O,0,0,9,85952,62786900
O,0,1,20,32757,62777965
O,1,1,20,32625,62797089
O,1,0,9,85969,62786902
O,2,0,9,85737,62786864
O,2,1,20,67116,62783692
O,2,1,20,32411,62777910
O,3,0,8,85717,62747407
O,3,1,21,67006,62745384
O,2,0,8,48456,62800381
O,3,0,8,48657,62760955
O,0,0,8,48821,62800440
O,1,0,8,85971,62806631
O,2,0,8,85738,62806598
O,3,1,21,67006,62764531
O,0,1,20,67255,62802861
O,1,1,20,32625,62816234
O,2,1,20,32410,62816200
O,3,1,20,32540,62777929
O,0,0,9,48821,62820169
O,1,1,20,67363,62822024
O,2,1,20,67114,62821983
O,3,1,20,67005,62783673
O,0,1,20,67254,62822006
O,1,0,9,85970,62826367
O,2,0,9,85737,62826328
O,3,0,9,85717,62786860
O,0,0,9,85952,62826357
O,1,1,21,67364,62841169
O,2,1,21,67116,62841128
O,3,0,8,48656,62800412
O,0,1,21,67256,62841151
O,1,0,8,85971,62846089
O,2,0,8,85738,62846055
O,3,1,20,67004,62802821
O,0,0,8,85953,62846086
O,1,1,20,32626,62854527
O,2,0,9,48455,62859567
O,3,0,9,48657,62820141
O,0,0,9,48820,62859626
Q,62867714,0,1.38131,-1.72883,1.39648
Q,62867714,1,1.37570,-1.75776,1.39818
Q,62867714,2,1.42381,-1.55765,1.54153
Q,62867714,3,1.34703,-1.72338,1.39444
A,0,0,31.05,-2.63
ANG S0 | BS0 h= +31.05 v=  -2.63 deg
A,0,1,-20.95,-4.16
ANG S0 | BS1 h= -20.95 v=  -4.16 deg
A,1,0,30.80,-1.99
ANG S1 | BS0 h= +30.80 v=  -1.99 deg
A,1,1,-20.97,-3.48
ANG S1 | BS1 h= -20.97 v=  -3.48 deg
A,2,0,34.21,-8.15
ANG S2 | BS0 h= +34.21 v=  -8.15 deg
A,2,1,-21.74,-3.54
ANG S2 | BS1 h= -21.74 v=  -3.54 deg
A,3,0,30.43,-2.82
ANG S3 | BS0 h= +30.43 v=  -2.82 deg
A,3,1,-21.71,-4.26
ANG S3 | BS1 h= -21.71 v=  -4.26 deg
C_RAW,1.3820,-1.6919,1.4327
C,1.3820,-1.6919,1.0838
O,0,0,8,48822,62879355
O,0,1,21,67254,62879442
O,0,0,8,85953,62885543
O,1,1,20,32624,62892816
O,1,0,8,85971,62885546
O,1,1,21,67363,62879460
O,2,0,8,85738,62885507
O,2,1,21,67114,62879418
O,2,1,20,32408,62892780
O,3,0,9,85718,62826320
O,3,1,21,67005,62841109
O,3,0,9,48657,62859599
O,0,1,20,67253,62898587
O,1,0,9,48619,62899050
O,2,0,9,85738,62905242
O,3,1,20,67005,62860256
O,0,0,9,48821,62899083
O,1,1,21,32623,62911961
O,2,1,21,32408,62911927
O,3,0,9,85717,62865776
O,0,1,21,32754,62911983
O,1,0,8,48618,62918778
O,2,0,8,48455,62918753
O,3,0,8,48658,62879327
O,0,0,8,48819,62918812
O,1,0,8,85969,62925004
O,2,0,8,85736,62924970
O,3,0,8,85718,62885504
O,0,0,8,85951,62925000
O,1,1,20,32625,62931106
O,2,1,20,67115,62936857
O,3,1,20,67003,62898545
O,0,1,20,67254,62936878
O,1,0,9,85968,62944732
O,2,0,9,85737,62944698
O,3,0,9,48658,62899056
O,0,0,9,85951,62944729
O,1,1,20,32626,62950251
O,2,1,20,32411,62950217
O,3,1,21,32538,62911946
O,0,1,20,67256,62956023
O,1,0,9,48617,62958236
O,2,0,9,48454,62958209
O,3,0,8,48655,62918785
Q,62968225,0,1.38125,-1.72882,1.39650
Q,62968225,1,1.37499,-1.75891,1.39767
Q,62968225,2,1.39475,-1.62690,1.48525
Q,62968225,3,1.34701,-1.72333,1.39450
A,0,0,31.05,-2.63
ANG S0 | BS0 h= +31.05 v=  -2.63 deg
A,0,1,-20.95,-4.16
ANG S0 | BS1 h= -20.95 v=  -4.16 deg
A,1,0,30.78,-1.96
ANG S1 | BS0 h= +30.78 v=  -1.96 deg
A,1,1,-20.97,-3.47
ANG S1 | BS1 h= -20.97 v=  -3.47 deg
A,2,0,32.74,-5.97
ANG S2 | BS0 h= +32.74 v=  -5.97 deg
A,2,1,-21.74,-3.54
ANG S2 | BS1 h= -21.74 v=  -3.54 deg
A,3,0,30.43,-2.82
ANG S3 | BS0 h= +30.43 v=  -2.82 deg
A,3,1,-21.71,-4.26
ANG S3 | BS1 h= -21.71 v=  -4.26 deg
C_RAW,1.3745,-1.7095,1.4185
C,1.3745,-1.7095,1.0655
O,0,0,9,48819,62958269
O,0,1,20,67256,62975168
O,0,0,9,85951,62984186
O,0,1,20,32756,62988564
O,1,0,9,48618,62977964
O,1,1,20,32625,62988543
O,1,1,20,67364,62994332
O,2,0,9,85736,62984151
O,2,0,9,48456,62997666
O,2,1,20,32410,62988507
O,3,0,9,85717,62944691
O,3,1,20,67005,62955982
O,3,0,9,48657,62938513
O,0,1,20,67255,62994314
O,1,0,9,85971,63003918
O,2,0,9,85739,63003885
O,3,0,9,85716,62964420
O,0,0,9,85953,63003915
O,1,1,20,32626,63007688
O,2,1,20,67117,63013436
O,3,1,20,32540,62969382
O,0,1,20,67256,63013460
O,1,0,8,48621,63017422
O,2,0,8,48459,63017396
O,3,0,9,48657,62977971
O,0,0,8,48823,63017456
O,1,1,20,32626,63026834
O,2,1,20,32411,63026799
O,3,1,20,32539,62988528
O,0,1,20,32757,63026856
O,1,1,20,67365,63032624
O,2,0,9,48456,63037125
O,3,1,20,67005,62994272
O,0,1,20,67255,63032605
O,1,0,9,85970,63043377
O,2,1,20,32410,63045945
O,3,0,9,85719,63003878
O,0,0,9,85953,63043375
O,1,1,20,67364,63051769
O,2,1,20,67115,63051727
O,3,1,20,32540,63007674
O,0,1,20,67255,63051751
O,1,0,8,48619,63056884
O,2,0,8,48456,63056862
O,3,0,8,48658,63017428
O,0,0,8,85952,63063102
Q,63068581,0,1.38128,-1.72883,1.39646
Q,63068581,1,1.37462,-1.75930,1.39781
Q,63068581,2,1.37548,-1.67221,1.45134
Q,63068581,3,1.34701,-1.72338,1.39446
A,0,0,31.05,-2.63
ANG S0 | BS0 h= +31.05 v=  -2.63 deg
A,0,1,-20.95,-4.16
ANG S0 | BS1 h= -20.95 v=  -4.16 deg
A,1,0,30.77,-1.95
ANG S1 | BS0 h= +30.77 v=  -1.95 deg
A,1,1,-20.98,-3.46
ANG S1 | BS1 h= -20.98 v=  -3.46 deg
A,2,0,31.81,-4.58
ANG S2 | BS0 h= +31.81 v=  -4.58 deg
A,2,1,-21.74,-3.54
ANG S2 | BS1 h= -21.74 v=  -3.54 deg
A,3,0,30.43,-2.82
ANG S3 | BS0 h= +30.43 v=  -2.82 deg
A,3,1,-21.71,-4.26
ANG S3 | BS1 h= -21.71 v=  -4.26 deg
C_RAW,1.3696,-1.7209,1.4100
C,1.3696,-1.7209,1.0546
RUN: main loop
O,0,1,20,67255,63070896
O,0,0,8,85951,63082830
O,0,1,20,32757,63084292
O,1,0,9,48619,63096337
O,1,1,20,32626,63084270
O,1,1,20,67364,63070914
O,2,0,8,85736,63082795
O,2,1,20,67117,63090018
O,2,0,9,48456,63096310
O,2,1,20,32411,63065090
O,3,0,9,85718,63043335
O,3,1,20,67005,63051710
O,3,1,20,32539,63045965
O,0,1,20,67256,63090042
O,1,1,20,32626,63103417
O,2,1,20,32412,63103381
O,3,0,8,85717,63063064
O,0,1,20,32758,63103437
O,2,1,20,67117,63109165
O,3,1,20,67005,63070856
O,0,1,20,67256,63109190
O,1,0,8,48619,63116066
O,2,1,21,32410,63122525
O,3,0,8,85716,63082791
O,0,0,8,85952,63122288
L,1,0,0,1,34484,63131896
O,2,1,21,67116,63128309
O,3,1,20,32540,63084256
O,0,1,21,32757,63122583
O,1,0,8,48619,63135795
O,2,0,8,48456,63135769
O,3,1,20,67005,63090000
O,0,1,21,32757,63141728
O,1,0,8,85970,63142019
O,2,0,8,85737,63141981
O,3,1,20,32540,63103402
O,0,0,8,85952,63142017
O,1,1,21,67364,63147496
O,2,1,21,67116,63147454
O,3,1,20,67005,63109148
O,0,1,21,67255,63147478
O,1,1,20,32624,63160851
O,2,0,9,85738,63161719
O,3,0,8,85717,63122250
Q,63168893,0,1.38132,-1.72884,1.39641
Q,63168893,1,1.37436,-1.75943,1.39807
Q,63168893,2,1.36285,-1.70165,1.43055
Q,63168893,3,1.34704,-1.72338,1.39445
A,0,0,31.05,-2.63
ANG S0 | BS0 h= +31.05 v=  -2.63 deg
A,0,1,-20.95,-4.16
ANG S0 | BS1 h= -20.95 v=  -4.16 deg
A,1,0,30.77,-1.94
ANG S1 | BS0 h= +30.77 v=  -1.94 deg
A,1,1,-20.99,-3.45
ANG S1 | BS1 h= -20.99 v=  -3.45 deg
A,2,0,31.21,-3.70
ANG S2 | BS0 h= +31.21 v=  -3.70 deg
A,2,1,-21.74,-3.54
ANG S2 | BS1 h= -21.74 v=  -3.54 deg
A,3,0,30.43,-2.82
ANG S3 | BS0 h= +30.43 v=  -2.82 deg
A,3,1,-21.71,-4.26
ANG S3 | BS1 h= -21.71 v=  -4.26 deg
C_RAW,1.3664,-1.7283,1.4049
C,1.3664,-1.7283,1.0480
O,0,1,21,67254,63185768
O,0,0,8,85954,63181474
O,0,1,21,32756,63180018
O,1,0,9,48620,63194981
O,1,0,8,85972,63181477
O,1,1,21,67362,63185786
O,2,1,21,67113,63185745
O,2,0,8,85737,63141981
O,2,1,21,32409,63199106
O,3,0,8,85717,63141977
O,3,1,21,67004,63147437
O,3,0,8,48656,63135801
O,3,1,21,32540,63122547
O,3,1,20,32538,63160837
O,0,1,21,32756,63199163
O,1,1,21,67363,63204931
O,2,1,21,67114,63204891
O,3,0,9,85719,63161707
O,0,0,9,85954,63201205
O,1,0,8,48619,63214710
O,3,0,8,48658,63175258
O,0,1,21,32756,63218309
O,1,0,8,85970,63220935
O,2,1,21,67115,63224035
O,3,0,8,85719,63181435
O,0,0,8,85952,63220932
O,1,1,21,67363,63224077
O,2,0,8,85739,63181438
O,3,1,21,67003,63185726
O,0,1,21,67254,63224058
O,1,1,21,32626,63237432
O,2,0,8,85738,63240630
O,3,1,21,32539,63199127
O,0,0,8,85953,63240660
O,1,1,21,67365,63243222
O,2,1,21,67116,63243181
O,3,0,9,85720,63201164
O,0,1,21,67256,63243207
O,1,0,9,48617,63254167
O,2,0,9,48454,63254141
O,3,0,8,48656,63214716
O,0,0,9,48819,63254200
O,1,0,9,85967,63260393
O,2,1,20,67116,63262326
O,3,0,8,85717,63220893
Q,63269320,0,1.38127,-1.72884,1.39646
Q,63269320,1,1.37417,-1.75972,1.39789
Q,63269320,2,1.66473,-0.92926,2.25233
Q,63269320,3,1.34702,-1.72337,1.39455
A,0,0,31.05,-2.63
ANG S0 | BS0 h= +31.05 v=  -2.63 deg
A,0,1,-20.95,-4.16
ANG S0 | BS1 h= -20.95 v=  -4.16 deg
A,1,0,30.76,-1.93
ANG S1 | BS0 h= +30.76 v=  -1.93 deg
A,1,1,-20.99,-3.45
ANG S1 | BS1 h= -20.99 v=  -3.45 deg
A,2,0,52.00,-34.52
ANG S2 | BS0 h= +52.00 v= -34.52 deg
A,2,1,-21.74,-3.54
ANG S2 | BS1 h= -21.74 v=  -3.54 deg
A,3,0,30.43,-2.81
ANG S3 | BS0 h= +30.43 v=  -2.81 deg
A,3,1,-21.71,-4.26
ANG S3 | BS1 h= -21.71 v=  -4.26 deg
C_RAW,1.4418,-1.5353,1.6103
C,1.4418,-1.5353,1.3126
O,0,0,8,48820,63293658
O,0,1,20,67254,63281495
O,0,0,9,85951,63280117
O,1,1,21,32625,63294869
O,1,0,8,85970,63240670
O,1,1,20,67363,63281513
O,2,1,20,67114,63281472
O,2,0,8,48456,63293597
O,3,0,8,85717,63240623
O,3,1,21,67005,63243164
O,3,0,9,48656,63254173
O,2,1,21,67114,63300617
O,3,0,9,85716,63260351
O,0,0,8,85952,63299846
O,2,0,9,85735,63260358
O,3,1,20,67005,63262309
O,0,0,8,48822,63313386
O,1,1,21,32624,63314014
O,2,1,21,32409,63313979
O,3,0,9,85717,63280078
O,0,0,8,85953,63319575
O,1,1,21,67363,63319804
O,2,1,21,67114,63319763
O,3,1,20,67003,63281453
O,0,1,21,67254,63319786
O,1,0,9,85969,63280120
O,2,1,21,32411,63333124
O,3,0,8,48656,63293630
O,0,1,21,32758,63333182
O,1,0,8,85972,63339307
O,2,0,8,85740,63339268
O,3,0,8,85717,63299807
O,0,1,21,67255,63338931
O,1,0,8,85970,63299849
O,2,0,8,85736,63299810
O,3,1,21,67004,63300599
O,0,1,21,32756,63352327
O,1,0,8,48621,63352811
O,2,1,21,67114,63358058
O,3,0,8,85718,63319538
O,0,1,21,67254,63358077
O,1,0,8,85973,63359038
O,2,0,8,85740,63359001
Q,63369425,0,1.38127,-1.72880,1.39642
Q,63369425,1,1.37409,-1.75975,1.39801
Q,63369425,2,1.72688,-0.76297,2.48404
Q,63369425,3,1.34700,-1.72340,1.39449
A,0,0,31.05,-2.63
ANG S0 | BS0 h= +31.05 v=  -2.63 deg
A,0,1,-20.95,-4.16
ANG S0 | BS1 h= -20.95 v=  -4.16 deg
A,1,0,30.76,-1.93
ANG S1 | BS0 h= +30.76 v=  -1.93 deg
A,1,1,-20.99,-3.45
ANG S1 | BS1 h= -20.99 v=  -3.45 deg
A,2,0,59.40,-45.48
ANG S2 | BS0 h= +59.40 v= -45.48 deg
A,2,1,-21.74,-3.54
ANG S2 | BS1 h= -21.74 v=  -3.54 deg
A,3,0,30.43,-2.81
ANG S3 | BS0 h= +30.43 v=  -2.81 deg
A,3,1,-21.71,-4.26
ANG S3 | BS1 h= -21.71 v=  -4.26 deg
C_RAW,1.4573,-1.4937,1.6682
C,1.4573,-1.4937,1.3872
O,0,0,8,48822,63372573
O,0,1,20,67255,63396367
O,0,0,8,85955,63359033
O,0,1,20,32758,63390618
O,1,0,8,48621,63392268
O,1,0,8,85972,63378765
O,1,1,21,67364,63338949
O,2,0,8,85739,63378726
O,2,1,20,67116,63396344
O,2,0,8,48457,63372512
O,3,0,8,85720,63339265
O,3,1,21,67004,63358038
O,3,0,8,48658,63333088
O,1,0,8,85972,63398494
O,2,0,8,85739,63398455
O,3,0,8,85720,63358995
O,0,0,8,85955,63398491
O,1,0,8,48620,63411997
O,2,0,8,48457,63411972
O,3,0,8,48658,63372546
O,0,1,20,67254,63415513
O,1,0,8,85971,63418222
O,2,0,8,85738,63418188
O,3,1,20,67005,63377180
O,0,0,8,85953,63418219
O,1,1,21,32625,63428886
O,2,1,21,32409,63428856
O,3,1,20,32540,63390582
O,0,1,21,32756,63428911
O,1,1,21,67363,63434676
O,2,0,9,85739,63437917
O,3,1,20,67005,63396326
O,0,1,21,67254,63434658
O,1,0,9,85971,63437951
O,2,1,20,67116,63396344
O,3,0,8,85720,63398451
O,0,1,21,32757,63448054
O,1,0,8,48620,63451455
O,2,1,21,67115,63453780
O,3,0,8,48657,63412004
O,0,1,21,67255,63453805
O,1,0,8,85970,63457680
O,2,0,8,85738,63457646
O,3,1,20,67003,63415473
Q,63469455,0,1.38128,-1.72876,1.39645
Q,63469455,1,1.37407,-1.75983,1.39811
Q,63469455,2,1.91585,-0.92713,1.72983
Q,63469455,3,1.34706,-1.72337,1.39461
A,0,0,31.05,-2.63
ANG S0 | BS0 h= +31.05 v=  -2.63 deg
A,0,1,-20.95,-4.16
ANG S0 | BS1 h= -20.95 v=  -4.16 deg
A,1,0,30.76,-1.93
ANG S1 | BS0 h= +30.76 v=  -1.93 deg
A,1,1,-20.99,-3.45
ANG S1 | BS1 h= -20.99 v=  -3.45 deg
A,2,0,48.87,-29.87
ANG S2 | BS0 h= +48.87 v= -29.87 deg
A,2,1,-10.36,-15.06
ANG S2 | BS1 h= -10.36 v= -15.06 deg
A,3,0,30.43,-2.81
ANG S3 | BS0 h= +30.43 v=  -2.81 deg
A,3,1,-21.71,-4.26
ANG S3 | BS1 h= -21.71 v=  -4.26 deg
C_RAW,1.5046,-1.5348,1.4798
C,1.5046,-1.5348,1.1444
O,0,0,8,48821,63490946
O,0,1,21,67254,63472949
O,0,0,8,85953,63477406
O,1,1,20,32626,63486322
O,1,0,8,85971,63497137
O,2,0,8,85738,63497098
O,2,1,20,32411,63486287
O,2,0,8,48457,63471158
O,2,1,20,67115,63492071
O,3,0,9,85719,63437910
O,3,1,21,67004,63434617
O,3,0,8,48657,63451461
O,3,1,21,67004,63453763
O,0,1,20,67255,63492094
O,1,1,20,32626,63505468
O,2,1,20,32411,63505437
O,3,0,8,85717,63457639
O,0,0,8,48820,63510676
O,2,0,8,85736,63516833
O,3,1,21,67004,63472908
O,0,1,20,67255,63511239
O,1,0,8,85969,63516866
O,2,1,21,32410,63524579
O,3,0,8,85718,63477366
O,0,0,8,85951,63516863
O,1,1,21,67365,63530404
O,2,0,9,48456,63530343
O,3,0,8,48657,63490918
O,0,0,9,48822,63530403
O,1,0,9,85971,63536594
O,2,0,9,85738,63536561
O,3,0,8,85718,63497095
O,0,0,9,85953,63536591
O,1,1,21,32625,63543759
O,2,1,21,67115,63549507
O,3,0,8,48656,63510648
O,0,1,21,67255,63549530
O,1,0,9,48618,63550098
O,2,0,9,85737,63556289
O,3,1,20,67005,63511200
O,0,0,9,85951,63556320
O,1,1,21,32624,63562904
O,2,1,21,32409,63562870
Q,63569796,0,1.38128,-1.72875,1.39645
Q,63569796,1,1.37404,-1.75988,1.39811
Q,63569796,2,1.74940,-1.19863,1.54644
Q,63569796,3,1.34704,-1.72339,1.39457
A,0,0,31.05,-2.63
ANG S0 | BS0 h= +31.05 v=  -2.63 deg
A,0,1,-20.95,-4.16
ANG S0 | BS1 h= -20.95 v=  -4.16 deg
A,1,0,30.76,-1.93
ANG S1 | BS0 h= +30.76 v=  -1.93 deg
A,1,1,-20.99,-3.45
ANG S1 | BS1 h= -20.99 v=  -3.45 deg
A,2,0,42.13,-19.88
ANG S2 | BS0 h= +42.13 v= -19.88 deg
A,2,1,-14.46,-10.91
ANG S2 | BS1 h= -14.46 v= -10.91 deg
A,3,0,30.43,-2.81
ANG S3 | BS0 h= +30.43 v=  -2.81 deg
A,3,1,-21.71,-4.26
ANG S3 | BS1 h= -21.71 v=  -4.26 deg
C_RAW,1.4629,-1.6027,1.4339
C,1.4629,-1.6027,1.0854
O,0,0,9,48822,63589589
O,0,1,20,67254,63587821
O,0,0,9,85952,63576049
O,1,0,9,48620,63589555
O,1,0,9,85970,63576052
O,1,1,20,67362,63587839
O,2,0,9,85740,63595742
O,2,1,20,32409,63582014
O,2,0,9,48457,63589528
O,3,0,9,85719,63536553
O,3,1,21,67004,63549490
O,3,0,9,48657,63550106
O,3,1,21,32539,63524599
O,1,1,20,32626,63601195
O,2,1,20,32411,63601159
O,3,1,21,32538,63562890
O,0,1,20,67255,63606966
O,1,0,9,48620,63609284
O,2,0,9,48457,63609260
O,3,1,21,67003,63568636
O,0,0,9,48822,63609318
O,1,0,9,85971,63615514
O,2,1,21,32409,63620305
O,3,0,9,85718,63576012
O,0,0,9,85953,63615509
O,3,1,20,67003,63587779
O,0,1,21,67255,63626111
O,1,0,8,48621,63629013
O,2,0,8,85740,63635204
O,3,0,9,48659,63589562
O,0,0,8,85955,63635235
O,1,1,21,32626,63639485
O,2,1,21,32411,63639451
O,3,1,20,32540,63601180
O,0,1,21,32758,63639507
O,1,0,8,48620,63648742
O,2,0,8,48457,63648716
O,3,1,20,67005,63606926
O,0,0,8,48821,63648775
O,1,0,8,85971,63654967
O,2,1,21,32411,63658600
O,3,0,9,85718,63615469
O,0,1,21,32758,63658654
O,1,1,21,67366,63664421
Q,63669861,0,1.38132,-1.72873,1.39647
Q,63669861,1,1.37401,-1.75991,1.39812
Q,63669861,2,1.69568,-1.38257,1.32576
Q,63669861,3,1.34702,-1.72330,1.39462
A,0,0,31.05,-2.63
ANG S0 | BS0 h= +31.05 v=  -2.63 deg
A,0,1,-20.95,-4.17
ANG S0 | BS1 h= -20.95 v=  -4.17 deg
A,1,0,30.76,-1.93
ANG S1 | BS0 h= +30.76 v=  -1.93 deg
A,1,1,-20.99,-3.45
ANG S1 | BS1 h= -20.99 v=  -3.45 deg
A,2,0,37.81,-13.48
ANG S2 | BS0 h= +37.81 v= -13.48 deg
A,2,1,-14.46,-10.91
ANG S2 | BS1 h= -14.46 v= -10.91 deg
A,3,0,30.43,-2.81
ANG S3 | BS0 h= +30.43 v=  -2.81 deg
A,3,1,-21.71,-4.26
ANG S3 | BS1 h= -21.71 v=  -4.26 deg
C_RAW,1.4495,-1.6486,1.3787
C,1.4495,-1.6486,1.0144
O,0,1,21,67257,63683548
O,0,0,9,85953,63694422
O,0,1,21,32758,63677799
O,1,0,8,48621,63668471
O,1,1,21,32626,63677777
O,1,0,9,85971,63694425
O,1,1,21,67366,63683566
O,2,0,9,85740,63694386
O,2,1,21,32411,63677741
O,2,0,9,48457,63688172
O,3,0,8,85718,63654926
O,3,1,21,67006,63645217
O,3,1,21,32541,63639471
O,1,1,21,32626,63696922
O,3,1,21,32541,63658624
O,0,1,21,67256,63702695
O,1,0,8,48619,63707928
O,2,0,8,48456,63707903
O,3,0,8,48658,63668477
O,0,0,8,85952,63714151
O,1,1,20,32626,63716068
O,2,1,20,32412,63716037
O,3,1,21,32541,63677762
O,0,1,20,32758,63716090
O,2,1,20,67117,63721816
O,3,1,21,67006,63683506
O,0,1,20,67256,63721839
O,1,0,8,85971,63733882
O,2,1,20,32412,63735179
O,3,0,9,85719,63694382
O,0,0,8,85954,63733879
O,1,1,20,67365,63741004
O,2,1,20,67116,63740962
O,3,1,21,32541,63696908
O,0,1,20,67255,63740986
O,1,0,9,48621,63747386
O,2,0,9,48458,63747360
O,3,0,8,85717,63714113
O,0,0,9,85954,63753610
O,1,1,20,32625,63754359
O,2,1,20,67114,63760107
O,3,1,20,32540,63716053
O,0,1,20,32756,63754380
O,1,1,20,67363,63760148
Q,63770117,0,1.38136,-1.72879,1.39642
Q,63770117,1,1.37400,-1.75994,1.39813
Q,63770117,2,1.59251,-1.46110,1.39050
Q,63770117,3,1.34708,-1.72333,1.39453
A,0,0,31.05,-2.63
ANG S0 | BS0 h= +31.05 v=  -2.63 deg
A,0,1,-20.95,-4.16
ANG S0 | BS1 h= -20.95 v=  -4.16 deg
A,1,0,30.76,-1.93
ANG S1 | BS0 h= +30.76 v=  -1.93 deg
A,1,1,-20.99,-3.45
ANG S1 | BS1 h= -20.99 v=  -3.45 deg
A,2,0,36.28,-11.21
ANG S2 | BS0 h= +36.28 v= -11.21 deg
A,2,1,-17.08,-8.26
ANG S2 | BS1 h= -17.08 v=  -8.26 deg
A,3,0,30.43,-2.82
ANG S3 | BS0 h= +30.43 v=  -2.82 deg
A,3,1,-21.71,-4.26
ANG S3 | BS1 h= -21.71 v=  -4.26 deg
C_RAW,1.4237,-1.6683,1.3949
C,1.4237,-1.6683,1.0352
O,0,1,21,67254,63779275
O,0,0,8,85955,63793065
O,0,1,21,32757,63773526
O,1,0,8,48621,63786843
O,1,1,21,32626,63773504
O,1,0,8,85972,63793068
O,1,1,20,67363,63798438
O,2,0,8,85739,63793029
O,2,1,21,32410,63773468
O,2,0,8,48459,63786816
O,2,1,21,67114,63779252
O,3,0,9,85720,63753570
O,3,1,20,67005,63740945
O,3,1,20,32540,63735199
O,2,1,20,67114,63798397
O,3,1,20,32539,63754344
O,0,1,20,67254,63798420
O,1,0,8,48619,63806572
O,2,1,20,32409,63811760
O,3,0,9,85719,63773299
O,0,1,20,32755,63811816
O,1,1,20,67362,63817584
O,2,1,20,67114,63817542
O,3,1,21,32539,63773489
O,0,0,8,85952,63812796
O,1,0,9,48618,63826300
O,2,0,9,48454,63826274
O,3,1,21,67004,63779233
O,0,0,9,48819,63826334
O,1,0,9,85968,63832529
O,2,0,9,85736,63832493
O,3,0,8,85719,63793026
O,0,0,9,85951,63832523
O,1,1,20,67365,63836729
O,3,1,20,67004,63798378
O,0,1,20,67255,63836711
O,1,1,20,32626,63850085
O,2,0,8,85738,63852221
O,3,1,20,32538,63811780
O,0,0,8,85953,63852251
O,2,1,20,67117,63855842
O,3,0,8,85717,63812756
O,0,1,20,67256,63855856
O,1,0,9,48618,63865761
Q,63870650,0,1.38130,-1.72880,1.39646
Q,63870650,1,1.37398,-1.75995,1.39806
Q,63870650,2,1.50436,-1.56690,1.38333
Q,63870650,3,1.34705,-1.72333,1.39458
A,0,0,31.05,-2.63
ANG S0 | BS0 h= +31.05 v=  -2.63 deg
A,0,1,-20.95,-4.16
ANG S0 | BS1 h= -20.95 v=  -4.16 deg
A,1,0,30.76,-1.93
ANG S1 | BS0 h= +30.76 v=  -1.93 deg
A,1,1,-20.99,-3.45
ANG S1 | BS1 h= -20.99 v=  -3.45 deg
A,2,0,34.07,-7.93
ANG S2 | BS0 h= +34.07 v=  -7.93 deg
A,2,1,-18.76,-6.56
ANG S2 | BS1 h= -18.76 v=  -6.56 deg
A,3,0,30.43,-2.82
ANG S3 | BS0 h= +30.43 v=  -2.82 deg
A,3,1,-21.71,-4.26
ANG S3 | BS1 h= -21.71 v=  -4.26 deg
C_RAW,1.4017,-1.6947,1.3931
C,1.4017,-1.6947,1.0329
O,0,0,9,48823,63885520
O,0,0,9,85954,63891709
O,0,1,20,32756,63869252
O,1,0,9,85968,63832529
O,1,1,21,32625,63888375
O,1,1,21,67364,63894165
O,2,0,9,85740,63891673
O,2,1,20,32410,63869196
O,2,1,21,67115,63894124
O,3,0,8,85718,63852213
O,3,1,20,67005,63836670
O,3,1,20,32540,63850070
O,0,1,21,67254,63894147
O,1,0,9,48620,63905217
O,2,1,21,32409,63907486
O,3,0,9,48657,63865767
O,0,1,21,32756,63907543
O,1,1,21,67364,63913311
O,2,1,21,67115,63913269
O,3,0,9,85718,63871942
O,0,0,9,85953,63911438
O,1,0,9,85970,63871983
O,2,0,9,85738,63871951
O,3,1,20,67004,63874961
O,0,0,9,48822,63924978
O,1,1,20,32626,63926666
O,2,0,9,85739,63931140
O,3,0,9,85721,63891670
O,0,0,9,85953,63931166
O,1,1,20,67365,63932456
O,3,1,21,67004,63894105
O,0,1,20,67256,63932438
O,1,1,21,32625,63945815
O,2,1,21,32409,63945776
O,3,0,9,48658,63905223
O,0,0,9,85954,63950895
O,1,1,21,67363,63951601
O,2,1,21,67115,63951560
O,3,0,9,85719,63911400
O,0,1,21,67254,63951583
O,1,0,9,85971,63911441
O,2,1,21,32409,63964922
O,3,0,9,48659,63924951
Q,63970777,0,1.38131,-1.72876,1.39652
Q,63970777,1,1.37397,-1.75996,1.39808
Q,63970777,2,1.45443,-1.56601,1.47394
Q,63970777,3,1.34709,-1.72331,1.39463
A,0,0,31.05,-2.63
ANG S0 | BS0 h= +31.05 v=  -2.63 deg
A,0,1,-20.95,-4.16
ANG S0 | BS1 h= -20.95 v=  -4.16 deg
A,1,0,30.76,-1.93
ANG S1 | BS0 h= +30.76 v=  -1.93 deg
A,1,1,-20.99,-3.45
ANG S1 | BS1 h= -20.99 v=  -3.45 deg
A,2,0,34.07,-7.93
ANG S2 | BS0 h= +34.07 v=  -7.93 deg
A,2,1,-20.52,-4.78
ANG S2 | BS1 h= -20.52 v=  -4.78 deg
A,3,0,30.43,-2.82
ANG S3 | BS0 h= +30.43 v=  -2.82 deg
A,3,1,-21.71,-4.26
ANG S3 | BS1 h= -21.71 v=  -4.26 deg
C_RAW,1.3892,-1.6945,1.4158
C,1.3892,-1.6945,1.0621
O,0,0,8,48820,63964435
O,0,1,20,67254,63989874
O,0,0,9,85952,63990352
O,0,1,20,32755,63984124
O,1,0,9,48619,63984130
O,1,1,21,32626,64003248
O,1,0,9,85970,63990355
O,1,1,21,67363,63970746
O,2,0,9,85737,63990317
O,2,0,9,48456,63984103
O,2,1,21,67114,63970705
O,3,0,9,85720,63950857
O,3,1,21,67004,63951543
O,2,0,9,48456,64003834
O,3,0,8,48656,63964408
O,0,0,9,48820,64003894
O,1,1,21,67364,64009037
O,2,0,9,85737,64010052
O,3,0,8,85717,63970586
O,0,1,21,67256,64009019
O,1,0,9,85970,64010084
O,2,0,8,85738,63970593
O,3,1,20,32538,63984088
O,0,1,21,32757,64022415
O,1,1,21,32626,64022393
O,2,1,21,67116,64028141
O,3,1,20,67003,63989832
O,0,1,21,67256,64028164
O,2,0,9,85738,64029779
O,3,0,9,85718,63990313
O,0,0,9,85952,64029810
O,1,1,20,32625,64041538
O,2,0,9,48459,64043291
O,3,0,9,48657,64003869
O,0,1,20,67255,64047310
O,1,1,20,67363,64047328
O,2,0,9,85740,64049507
O,3,1,21,67004,64008979
O,0,0,9,85954,64049538
O,1,0,9,85972,64049541
O,2,1,20,32412,64060649
O,3,1,21,32541,64022378
O,0,1,20,32758,64060708
O,1,0,8,48621,64063047
Q,64070885,0,1.38131,-1.72881,1.39649
Q,64070885,1,1.37396,-1.75991,1.39813
Q,64070885,2,1.40969,-1.65772,1.41366
Q,64070885,3,1.34707,-1.72333,1.39462
A,0,0,31.05,-2.63
ANG S0 | BS0 h= +31.05 v=  -2.63 deg
A,0,1,-20.95,-4.16
ANG S0 | BS1 h= -20.95 v=  -4.16 deg
A,1,0,30.76,-1.93
ANG S1 | BS0 h= +30.76 v=  -1.93 deg
A,1,1,-20.99,-3.45
ANG S1 | BS1 h= -20.99 v=  -3.45 deg
A,2,0,32.15,-5.09
ANG S2 | BS0 h= +32.15 v=  -5.09 deg
A,2,1,-20.76,-4.53
ANG S2 | BS1 h= -20.76 v=  -4.53 deg
A,3,0,30.43,-2.81
ANG S3 | BS0 h= +30.43 v=  -2.81 deg
A,3,1,-21.71,-4.26
ANG S3 | BS1 h= -21.71 v=  -4.26 deg
C_RAW,1.3780,-1.7174,1.4007
C,1.3780,-1.7174,1.0427
RUN: main loop
O,0,0,8,48822,64082808
O,0,1,20,67256,64085601
O,0,0,8,85955,64069267
O,1,1,20,32626,64079829
O,1,0,8,85973,64088999
O,1,1,20,67364,64066473
O,2,0,8,85740,64088960
O,2,1,21,32411,64098939
O,2,0,8,48459,64082747
O,3,0,9,85720,64049500
O,3,1,20,67004,64047269
O,3,0,9,48659,64043323
O,0,1,21,32758,64098997
O,1,0,8,48621,64102503
O,2,1,21,67117,64104723
O,3,1,20,67005,64066415
O,0,1,21,67256,64104753
O,1,1,21,67365,64104767
O,2,0,8,85740,64108696
O,3,0,8,85719,64069229
O,0,0,8,85955,64108725
O,1,1,20,32626,64118120
O,2,1,20,67117,64123868
O,3,0,8,48658,64082780
O,0,0,8,48823,64122266
O,2,0,8,85740,64128424
O,3,1,20,67005,64085559
O,0,1,20,67256,64123892
O,1,0,8,85973,64128457
O,2,1,20,32412,64137235
O,3,1,21,32540,64098960
O,0,0,8,48822,64141994
O,1,0,8,48620,64141961
O,2,0,8,85739,64148153
O,3,1,21,67006,64104707
O,0,1,20,67256,64143038
O,2,1,21,32410,64156376
O,3,0,8,85720,64108687
O,0,1,21,32758,64156433
O,1,0,9,48620,64161689
O,2,1,21,67116,64162164
O,3,1,20,67005,64123851
Q,64171181,0,1.38139,-1.72878,1.39653
Q,64171181,1,1.37401,-1.75992,1.39821
Q,64171181,2,1.38817,-1.67634,1.42381
Q,64171181,3,1.34710,-1.72330,1.39464
A,0,0,31.05,-2.63
ANG S0 | BS0 h= +31.05 v=  -2.63 deg
A,0,1,-20.95,-4.16
ANG S0 | BS1 h= -20.95 v=  -4.16 deg
A,1,0,30.76,-1.92
ANG S1 | BS0 h= +30.76 v=  -1.92 deg
A,1,1,-20.99,-3.45
ANG S1 | BS1 h= -20.99 v=  -3.45 deg
A,2,0,31.75,-4.50
ANG S2 | BS0 h= +31.75 v=  -4.50 deg
A,2,1,-21.24,-4.05
ANG S2 | BS1 h= -21.24 v=  -4.05 deg
A,3,0,30.43,-2.81
ANG S3 | BS0 h= +30.43 v=  -2.81 deg
A,3,1,-21.71,-4.26
ANG S3 | BS1 h= -21.71 v=  -4.26 deg
C_RAW,1.3727,-1.7221,1.4033
C,1.3727,-1.7221,1.0460
O,0,0,9,48820,64181452
O,0,1,20,67253,64181328
O,0,0,9,85953,64167911
O,0,1,20,32755,64194724
O,1,0,9,85968,64187643
O,1,1,21,67365,64162201
O,2,0,9,85737,64187604
O,2,1,20,32409,64194666
O,2,0,9,48455,64181391
O,3,0,8,85718,64148145
O,3,1,20,67005,64142997
O,3,0,8,48658,64141967
O,2,0,9,48455,64201119
O,3,0,9,48659,64161696
O,0,0,9,48820,64201180
O,1,0,9,48618,64201146
O,2,1,21,32409,64213812
O,3,0,9,85719,64167874
O,0,0,9,85951,64207369
O,1,1,21,32624,64213847
O,2,0,8,48455,64220849
O,3,1,20,67003,64181286
O,0,1,21,67254,64219620
O,1,0,8,48618,64220875
O,2,0,8,85735,64227066
O,3,0,9,48657,64181424
O,0,0,8,85950,64227097
O,1,0,8,85968,64227100
O,2,1,21,32411,64232957
O,3,1,20,32539,64194687
O,0,1,21,67256,64238764
O,1,1,21,67365,64238782
O,2,0,8,85736,64246796
O,3,0,9,48657,64201153
O,0,0,8,48820,64240637
O,1,0,8,85969,64246828
O,2,1,20,32412,64252103
O,3,0,9,85717,64207331
O,0,1,20,32758,64252159
O,1,1,20,67365,64257927
O,2,0,8,48456,64260306
O,3,1,21,67003,64219578
O,0,0,8,48820,64260367
Q,64271450,0,1.38131,-1.72882,1.39640
Q,64271450,1,1.37395,-1.75997,1.39807
Q,64271450,2,1.37153,-1.71507,1.39702
Q,64271450,3,1.34706,-1.72327,1.39461
A,0,0,31.05,-2.63
ANG S0 | BS0 h= +31.05 v=  -2.63 deg
A,0,1,-20.95,-4.16
ANG S0 | BS1 h= -20.95 v=  -4.16 deg
A,1,0,30.76,-1.93
ANG S1 | BS0 h= +30.76 v=  -1.93 deg
A,1,1,-20.99,-3.45
ANG S1 | BS1 h= -20.99 v=  -3.45 deg
A,2,0,30.96,-3.34
ANG S2 | BS0 h= +30.96 v=  -3.34 deg
A,2,1,-21.24,-4.05
ANG S2 | BS1 h= -21.24 v=  -4.05 deg
A,3,0,30.43,-2.82
ANG S3 | BS0 h= +30.43 v=  -2.82 deg
A,3,1,-21.71,-4.26
ANG S3 | BS1 h= -21.71 v=  -4.26 deg
C_RAW,1.3685,-1.7318,1.3965
C,1.3685,-1.7318,1.0373
O,0,0,9,48821,64280094
O,0,1,21,67255,64277055
O,0,0,8,85952,64266554
O,0,1,21,32758,64290451
O,1,0,8,48619,64260332
O,1,1,21,32626,64290429
L,1,0,1,1,34484,64305250
O,1,0,9,85970,64286286
O,2,1,21,32411,64290393
O,2,0,8,48456,64299763
O,3,0,8,85716,64246787
O,3,1,20,67005,64257869
O,3,0,8,48655,64240610
O,0,1,21,67256,64296200
O,1,1,21,67365,64296218
O,2,0,8,85737,64305982
O,3,0,8,85717,64266516
O,0,0,8,85952,64306012
O,1,0,8,85970,64306016
O,2,1,20,67117,64315322
O,3,1,21,32539,64271269
O,0,1,20,67256,64315346
O,2,0,8,48458,64319493
O,3,1,21,67004,64277015
O,0,0,8,48822,64319552
O,1,0,8,85972,64325744
O,2,1,21,32410,64328685
O,3,0,9,85718,64286244
O,0,1,21,32757,64328742
O,1,1,21,32626,64328720
O,2,1,21,67116,64334468
O,3,1,21,67006,64296158
O,0,1,21,67256,64334491
O,1,0,8,48619,64339247
O,2,1,20,32409,64347830
O,3,0,8,85717,64305975
O,0,0,8,85952,64345470
O,1,1,20,32624,64347865
O,2,1,20,67114,64353613
O,3,1,20,32540,64309560
O,0,1,20,67253,64353637
O,2,0,8,48457,64358950
O,3,0,8,48658,64319525
O,0,0,8,85953,64365198
O,1,0,8,85971,64365202
Q,64371813,0,1.38133,-1.72880,1.39638
Q,64371813,1,1.37397,-1.76002,1.39805
Q,64371813,2,1.36118,-1.72253,1.40406
Q,64371813,3,1.34705,-1.72334,1.39449
A,0,0,31.05,-2.63
ANG S0 | BS0 h= +31.05 v=  -2.63 deg
A,0,1,-20.95,-4.16
ANG S0 | BS1 h= -20.95 v=  -4.16 deg
A,1,0,30.76,-1.92
ANG S1 | BS0 h= +30.76 v=  -1.92 deg
A,1,1,-20.99,-3.45
ANG S1 | BS1 h= -20.99 v=  -3.45 deg
A,2,0,30.80,-3.09
ANG S2 | BS0 h= +30.80 v=  -3.09 deg
A,2,1,-21.49,-3.80
ANG S2 | BS1 h= -21.49 v=  -3.80 deg
A,3,0,30.43,-2.82
ANG S3 | BS0 h= +30.43 v=  -2.82 deg
A,3,1,-21.71,-4.26
ANG S3 | BS1 h= -21.71 v=  -4.26 deg
C_RAW,1.3659,-1.7337,1.3982
C,1.3659,-1.7337,1.0395
O,0,1,21,67254,64391927
O,0,0,9,85953,64384927
O,0,1,21,32757,64386177
O,1,1,21,32625,64386155
O,1,0,9,85971,64384930
O,2,0,9,85740,64384891
O,2,1,21,32410,64366976
O,2,0,9,48458,64398407
O,2,1,21,67114,64372759
O,3,0,8,85717,64345432
O,3,1,20,67003,64353596
O,3,1,20,32538,64347851
O,1,1,21,67364,64391945
O,2,1,21,32411,64405267
O,3,0,8,85717,64365160
O,0,0,9,85955,64404656
O,1,1,21,32626,64405301
O,2,1,21,67116,64411049
O,3,1,21,32539,64366996
O,0,1,21,67256,64411076
O,1,1,21,67365,64411093
O,2,0,9,48457,64418137
O,3,0,9,85720,64384888
O,0,0,9,85953,64424385
O,1,0,9,85971,64424388
O,2,1,21,67116,64430194
O,3,1,21,32539,64386141
O,0,1,21,32756,64424468
O,1,1,21,32625,64424446
O,2,1,21,32410,64386120
O,3,1,21,67004,64391885
O,0,1,21,67255,64430218
O,1,0,8,48619,64437892
O,2,0,8,85738,64444084
O,3,0,9,85721,64404619
O,0,0,8,85953,64444114
O,1,0,8,85970,64444117
O,2,1,20,67115,64449340
O,3,1,21,32541,64405286
O,0,1,20,67255,64449364
O,1,1,20,67363,64449382
O,2,0,8,48457,64457595
O,3,0,9,85719,64424347
O,0,1,21,32756,64462759
O,1,1,21,32625,64462737
O,2,1,21,67114,64468485
Q,64472018,0,1.38131,-1.72880,1.39642
Q,64472018,1,1.37395,-1.76000,1.39808
Q,64472018,2,1.35262,-1.73387,1.40285
Q,64472018,3,1.34701,-1.72331,1.39454
A,0,0,31.05,-2.63
ANG S0 | BS0 h= +31.05 v=  -2.63 deg
A,0,1,-20.95,-4.16
ANG S0 | BS1 h= -20.95 v=  -4.16 deg
A,1,0,30.76,-1.92
ANG S1 | BS0 h= +30.76 v=  -1.92 deg
A,1,1,-20.99,-3.45
ANG S1 | BS1 h= -20.99 v=  -3.45 deg
A,2,0,30.56,-2.74
ANG S2 | BS0 h= +30.56 v=  -2.74 deg
A,2,1,-21.61,-3.68
ANG S2 | BS1 h= -21.61 v=  -3.68 deg
A,3,0,30.43,-2.82
ANG S3 | BS0 h= +30.43 v=  -2.82 deg
A,3,1,-21.71,-4.26
ANG S3 | BS1 h= -21.71 v=  -4.26 deg
C_RAW,1.3637,-1.7365,1.3980
C,1.3637,-1.7365,1.0391
O,0,0,9,48822,64497111
O,0,1,20,67255,64487654
O,0,0,8,85952,64483571
O,1,0,8,48619,64477349
O,1,1,21,32626,64501028
O,1,0,8,85970,64483574
O,1,1,20,67365,64487672
O,2,0,8,85737,64483535
O,2,1,20,67116,64487631
O,2,0,9,48457,64497050
O,3,0,8,85717,64444075
O,3,1,20,67004,64449322
O,3,1,20,32540,64443577
O,2,0,9,85738,64503264
O,3,0,8,85718,64463804
O,0,0,9,85953,64503300
O,1,0,9,85970,64503303
O,2,1,21,67116,64506780
O,3,1,21,67004,64468468
O,0,1,21,67256,64506800
O,1,1,21,67365,64506817
O,2,1,21,32409,64520139
O,3,1,20,32540,64481868
O,0,0,9,85954,64523029
O,1,0,9,85972,64523033
O,2,1,21,67114,64525921
O,3,0,8,85717,64483532
O,0,1,21,67254,64525945
O,1,1,21,67364,64525963
O,2,1,21,32411,64539284
O,3,0,9,48658,64497084
O,0,1,21,32758,64539341
O,1,0,8,85970,64542760
O,2,1,21,67116,64545067
O,3,0,9,85719,64503261
O,0,0,8,85952,64542757
O,1,1,21,67364,64545108
O,2,0,9,85738,64503264
O,3,1,21,67006,64506759
O,0,0,8,48822,64556298
O,1,1,20,32625,64558467
O,2,1,20,67114,64564213
O,3,0,9,85720,64522993
O,0,0,8,85953,64562486
O,1,0,8,85971,64562489
Q,64572470,0,1.38132,-1.72875,1.39643
Q,64572470,1,1.37394,-1.76001,1.39806
Q,64572470,2,1.34801,-1.74124,1.40044
Q,64572470,3,1.34705,-1.72331,1.39446
A,0,0,31.05,-2.63
ANG S0 | BS0 h= +31.05 v=  -2.63 deg
A,0,1,-20.95,-4.16
ANG S0 | BS1 h= -20.95 v=  -4.16 deg
A,1,0,30.76,-1.92
ANG S1 | BS0 h= +30.76 v=  -1.92 deg
A,1,1,-20.99,-3.45
ANG S1 | BS1 h= -20.99 v=  -3.45 deg
A,2,0,30.41,-2.51
ANG S2 | BS0 h= +30.41 v=  -2.51 deg
A,2,1,-21.66,-3.63
ANG S2 | BS1 h= -21.66 v=  -3.63 deg
A,3,0,30.43,-2.82
ANG S3 | BS0 h= +30.43 v=  -2.82 deg
A,3,1,-21.71,-4.26
ANG S3 | BS1 h= -21.71 v=  -4.26 deg
C_RAW,1.3626,-1.7383,1.3973
C,1.3626,-1.7383,1.0383
O,0,0,8,48821,64595755
O,0,1,20,67255,64583381
O,0,0,9,85952,64582215
O,1,0,8,48620,64595721
O,1,0,9,85970,64582217
O,1,1,20,67363,64583399
O,2,0,8,85737,64542727
O,2,1,20,67115,64583358
O,2,1,20,32412,64577574
O,3,0,8,85717,64542719
O,3,1,21,67004,64525904
O,3,0,8,48658,64556271
O,3,0,8,85718,64562448
O,1,0,8,85970,64601946
O,2,0,8,85738,64562455
O,3,1,20,67004,64564199
O,0,1,20,67255,64602526
O,1,0,9,48620,64615450
O,2,1,21,32411,64615864
O,3,0,9,48657,64575999
O,0,1,21,32758,64615924
O,1,1,21,32626,64615900
O,2,0,9,85738,64621643
O,3,1,20,32540,64577595
O,1,0,9,85971,64621678
O,2,1,20,32412,64577574
O,3,1,20,67004,64583339
O,0,1,20,32758,64635067
O,1,1,20,32626,64635046
O,2,0,8,85740,64641367
O,3,1,20,32540,64596741
O,0,1,20,67255,64640817
O,1,1,20,67364,64640835
O,2,1,20,32412,64596719
O,3,0,8,85717,64601904
O,0,0,8,85955,64641402
O,1,1,20,32626,64654191
O,2,0,9,48456,64654882
O,3,1,20,67005,64602484
O,0,1,20,67254,64659962
O,1,1,20,67363,64659980
O,2,0,9,85738,64661100
O,3,1,21,32541,64615886
O,0,0,9,85952,64661130
Q,64672830,0,1.38134,-1.72875,1.39641
Q,64672830,1,1.37394,-1.75994,1.39807
Q,64672830,2,1.34639,-1.74387,1.39961
Q,64672830,3,1.34706,-1.72330,1.39443
A,0,0,31.05,-2.63
ANG S0 | BS0 h= +31.05 v=  -2.63 deg
A,0,1,-20.95,-4.17
ANG S0 | BS1 h= -20.95 v=  -4.17 deg
A,1,0,30.76,-1.93
ANG S1 | BS0 h= +30.76 v=  -1.93 deg
A,1,1,-20.99,-3.45
ANG S1 | BS1 h= -20.99 v=  -3.45 deg
A,2,0,30.36,-2.43
ANG S2 | BS0 h= +30.36 v=  -2.43 deg
A,2,1,-21.67,-3.61
ANG S2 | BS1 h= -21.67 v=  -3.61 deg
A,3,0,30.43,-2.82
ANG S3 | BS0 h= +30.43 v=  -2.82 deg
A,3,1,-21.71,-4.26
ANG S3 | BS1 h= -21.71 v=  -4.26 deg
C_RAW,1.3622,-1.7390,1.3971
C,1.3622,-1.7390,1.0380
O,0,0,9,48823,64694399
O,0,1,21,67255,64679108
O,0,0,9,85953,64680858
O,0,1,21,32757,64673361
O,1,0,9,48621,64674636
O,1,1,21,32626,64692482
O,1,0,9,85970,64661133
O,1,1,21,67364,64698271
O,2,0,9,85740,64700552
O,2,0,9,48458,64694338
O,2,1,20,67116,64640794
O,3,0,8,85719,64641363
O,3,1,20,67004,64659922
O,3,1,20,32540,64654177
O,0,1,21,67255,64698253
O,1,0,9,85972,64700590
O,2,1,20,32410,64711593
O,3,1,21,32541,64673322
O,0,1,20,32756,64711649
O,1,0,9,48620,64714094
O,2,1,20,67114,64717378
O,3,1,21,67004,64679066
O,0,1,20,67254,64717398
O,1,1,20,67363,64717416
O,2,0,9,85738,64720286
O,3,0,9,85719,64680819
O,0,0,9,85953,64720316
O,1,1,20,32626,64730772
O,2,1,20,67116,64736520
O,3,0,9,48659,64694372
O,0,1,20,67255,64736544
O,1,1,20,67364,64736562
O,2,0,9,85740,64740014
O,3,1,21,67005,64698211
O,0,0,9,85954,64740045
O,1,0,9,85972,64740048
O,2,0,9,48457,64753526
O,3,0,9,48659,64714100
O,0,0,9,48822,64753585
O,1,1,20,67363,64755707
O,2,0,9,85739,64759743
O,3,1,20,67004,64717358
O,0,1,20,67254,64755689
O,1,0,9,85971,64759777
Q,64773051,0,1.38135,-1.72873,1.39648
Q,64773051,1,1.37397,-1.75990,1.39813
Q,64773051,2,1.34434,-1.74766,1.39797
Q,64773051,3,1.34708,-1.72326,1.39446
A,0,0,31.05,-2.63
ANG S0 | BS0 h= +31.05 v=  -2.63 deg
A,0,1,-20.95,-4.16
ANG S0 | BS1 h= -20.95 v=  -4.16 deg
A,1,0,30.76,-1.92
ANG S1 | BS0 h= +30.76 v=  -1.92 deg
A,1,1,-20.99,-3.45
ANG S1 | BS1 h= -20.99 v=  -3.45 deg
A,2,0,30.28,-2.32
ANG S2 | BS0 h= +30.28 v=  -2.32 deg
A,2,1,-21.69,-3.60
ANG S2 | BS1 h= -21.69 v=  -3.60 deg
A,3,0,30.43,-2.82
ANG S3 | BS0 h= +30.43 v=  -2.82 deg
A,3,1,-21.71,-4.26
ANG S3 | BS1 h= -21.71 v=  -4.26 deg
C_RAW,1.3617,-1.7399,1.3968
C,1.3617,-1.7399,1.0376
O,0,0,8,48820,64793043
O,0,1,20,67254,64793980
O,0,0,9,85954,64779502
O,1,0,8,48620,64793009
O,1,0,9,85972,64779505
O,1,1,20,67363,64774853
O,2,0,8,85737,64799195
O,2,1,20,67115,64774811
O,2,1,20,32410,64788173
O,3,0,9,85720,64740007
O,3,1,20,67004,64755649
O,3,0,9,48659,64753558
O,3,1,20,32540,64730758
O,1,1,20,67363,64793998
O,2,1,20,32410,64807324
O,3,0,9,85719,64759736
O,0,0,8,48822,64812771
O,1,0,8,48621,64812738
O,2,1,20,67114,64813102
O,3,1,20,67004,64774795
O,0,1,20,67254,64813125
O,1,1,20,67363,64813143
O,2,0,8,85738,64818930
O,3,0,9,85720,64779463
O,0,0,8,85953,64818960
O,2,0,8,48457,64832439
O,3,0,8,48656,64793015
O,0,1,20,67254,64832271
O,1,0,8,48620,64832466
O,2,0,8,85738,64838660
O,3,1,20,67004,64793938
O,0,0,8,85953,64838690
O,1,0,8,85971,64838695
O,2,1,20,32412,64845610
O,3,0,8,48658,64812744
O,0,1,20,67255,64851417
O,1,1,20,67364,64851435
O,2,0,8,85738,64858386
O,3,1,20,67003,64813084
O,0,0,8,48822,64852229
O,1,0,8,85971,64858420
O,2,1,21,32409,64864755
O,3,0,8,85718,64818922
Q,64873339,0,1.38135,-1.72874,1.39651
Q,64873339,1,1.37398,-1.75988,1.39816
Q,64873339,2,1.34318,-1.74896,1.39809
Q,64873339,3,1.34710,-1.72326,1.39455
A,0,0,31.05,-2.63
ANG S0 | BS0 h= +31.05 v=  -2.63 deg
A,0,1,-20.95,-4.16
ANG S0 | BS1 h= -20.95 v=  -4.16 deg
A,1,0,30.76,-1.92
ANG S1 | BS0 h= +30.76 v=  -1.92 deg
A,1,1,-20.99,-3.45
ANG S1 | BS1 h= -20.99 v=  -3.45 deg
A,2,0,30.25,-2.28
ANG S2 | BS0 h= +30.25 v=  -2.28 deg
A,2,1,-21.71,-3.58
ANG S2 | BS1 h= -21.71 v=  -3.58 deg
A,3,0,30.43,-2.82
ANG S3 | BS0 h= +30.43 v=  -2.82 deg
A,3,1,-21.71,-4.26
ANG S3 | BS1 h= -21.71 v=  -4.26 deg
C_RAW,1.3614,-1.7402,1.3968
C,1.3614,-1.7402,1.0377
O,0,0,8,48822,64891686
O,0,1,20,67255,64889707
O,0,0,9,85954,64878146
O,1,0,9,48621,64871924
O,1,1,20,32626,64883935
O,1,0,8,85972,64897877
O,1,1,20,67365,64889725
O,2,0,8,85739,64897839
O,2,0,9,48458,64871898
O,2,1,20,32412,64883900
O,3,0,8,85718,64838652
O,3,1,20,67005,64851377
O,3,0,8,48658,64852201
O,2,1,20,32412,64903045
O,3,0,8,85718,64858379
O,0,1,20,32758,64903103
O,1,1,20,67365,64908872
O,2,0,9,48458,64911356
O,3,1,21,67004,64870521
O,0,0,9,48823,64911416
O,1,0,9,48621,64911381
O,2,1,21,32410,64922192
O,3,0,9,85720,64878109
O,0,0,9,85953,64917603
O,1,1,21,32626,64922226
O,2,0,9,48457,64931084
O,3,1,20,67005,64889665
O,0,1,21,67255,64927998
O,1,1,21,67364,64928016
O,2,0,9,85738,64937302
O,3,0,8,85718,64897835
O,0,0,9,85953,64937332
O,1,0,9,85971,64937335
O,2,1,20,67116,64947120
O,3,1,20,32540,64903066
O,0,1,20,67255,64947143
O,2,0,9,48455,64950813
O,3,0,9,48659,64911388
O,0,0,9,48820,64950875
O,1,0,9,85968,64957064
O,2,1,21,32410,64960483
O,3,1,21,32540,64922212
O,0,1,21,32757,64960539
O,1,1,21,32626,64960517
O,2,0,8,48457,64970541
Q,64973540,0,1.38137,-1.72874,1.39651
Q,64973540,1,1.37402,-1.75988,1.39818
Q,64973540,2,1.34213,-1.75092,1.39720
Q,64973540,3,1.34711,-1.72324,1.39453
A,0,0,31.05,-2.63
ANG S0 | BS0 h= +31.05 v=  -2.63 deg
A,0,1,-20.95,-4.16
ANG S0 | BS1 h= -20.95 v=  -4.16 deg
A,1,0,30.76,-1.93
ANG S1 | BS0 h= +30.76 v=  -1.93 deg
A,1,1,-20.99,-3.45
ANG S1 | BS1 h= -20.99 v=  -3.45 deg
A,2,0,30.21,-2.22
ANG S2 | BS0 h= +30.21 v=  -2.22 deg
A,2,1,-21.72,-3.57
ANG S2 | BS1 h= -21.72 v=  -3.57 deg
A,3,0,30.43,-2.82
ANG S3 | BS0 h= +30.43 v=  -2.82 deg
A,3,1,-21.71,-4.26
ANG S3 | BS1 h= -21.71 v=  -4.26 deg
C_RAW,1.3612,-1.7407,1.3966
C,1.3612,-1.7407,1.0374
O,0,0,8,48822,64990330
O,0,1,21,67255,64985434
O,0,0,8,85953,64976789
O,0,1,20,32756,64998830
O,1,0,8,48620,64970567
O,1,0,8,85971,64996521
O,1,1,21,67364,64985452
O,2,0,8,85738,64976760
O,2,1,21,67115,64985411
O,2,0,8,48457,64990269
O,2,1,20,32410,64998772
O,3,0,9,85716,64957023
O,3,1,20,67005,64947103
O,3,1,20,32540,64941357
O,1,1,20,32626,64998808
O,3,1,21,67004,64966248
O,0,1,20,67255,65004579
O,1,1,20,67363,65004598
O,2,0,9,85739,65016229
O,3,0,8,85718,64976752
O,0,0,9,85953,65016247
O,1,1,21,32626,65017953
O,2,1,21,67115,65023702
O,3,1,21,32540,64979648
O,0,1,21,32757,65017976
O,1,1,21,67364,65023744
O,2,0,9,48457,65029727
O,3,1,21,67004,64985392
O,0,0,9,48822,65029787
O,1,0,9,85970,65035978
O,2,1,21,32409,65037064
O,3,0,8,85718,64996479
O,0,1,21,32756,65037121
O,1,1,21,32625,65037101
O,2,1,21,67115,65042847
O,3,1,20,67004,65004538
O,0,1,21,67254,65042870
O,2,1,21,32411,65056209
O,3,0,9,85719,65016212
O,0,0,9,85952,65055704
O,1,1,21,32626,65056244
O,2,1,21,67117,65061992
O,3,1,21,32540,65017939
O,0,1,21,32758,65056266
O,1,1,21,67365,65062034
Q,65073826,0,1.38134,-1.72872,1.39656
Q,65073826,1,1.37399,-1.75989,1.39810
Q,65073826,2,1.34114,-1.75218,1.39722
Q,65073826,3,1.34710,-1.72323,1.39455
A,0,0,31.05,-2.63
ANG S0 | BS0 h= +31.05 v=  -2.63 deg
A,0,1,-20.95,-4.16
ANG S0 | BS1 h= -20.95 v=  -4.16 deg
A,1,0,30.76,-1.93
ANG S1 | BS0 h= +30.76 v=  -1.93 deg
A,1,1,-20.99,-3.45
ANG S1 | BS1 h= -20.99 v=  -3.45 deg
A,2,0,30.19,-2.18
ANG S2 | BS0 h= +30.19 v=  -2.18 deg
A,2,1,-21.73,-3.55
ANG S2 | BS1 h= -21.73 v=  -3.55 deg
A,3,0,30.43,-2.82
ANG S3 | BS0 h= +30.43 v=  -2.82 deg
A,3,1,-21.71,-4.26
ANG S3 | BS1 h= -21.71 v=  -4.26 deg
C_RAW,1.3609,-1.7410,1.3966
C,1.3609,-1.7410,1.0374
RUN: main loop
O,0,1,20,67256,65081161
O,0,0,9,85954,65095162
O,0,1,21,32756,65094557
O,1,1,21,32625,65094535
O,1,0,9,85972,65095165
O,1,1,20,67365,65081179
O,2,0,9,85740,65095126
O,2,0,9,48458,65088912
O,3,0,9,85718,65055666
O,3,1,21,67004,65042830
O,3,1,21,32541,65056230
O,2,1,21,67115,65100283
O,3,1,21,67006,65061975
O,0,1,21,67255,65100307
O,1,1,21,67364,65100325
O,2,0,9,85740,65114855
O,3,1,20,32540,65075375
O,0,0,9,85954,65114891
O,1,0,9,85972,65114894
O,2,1,21,67114,65119428
O,3,0,9,85720,65075394
O,0,1,21,67254,65119452
O,1,1,21,67363,65119471
O,2,0,8,48456,65128372
O,3,0,9,48659,65088946
O,0,1,21,32756,65132848
O,1,1,21,32624,65132826
O,2,1,21,67113,65138574
O,3,0,9,85720,65095123
O,0,0,8,85952,65134620
O,1,0,8,85970,65134622
O,2,0,9,85740,65095126
O,3,1,21,67004,65100265
O,0,0,8,48820,65148160
O,1,1,20,32625,65151971
O,2,0,8,85736,65154317
O,3,0,9,85720,65114853
O,0,0,8,85951,65154348
O,1,0,8,85969,65154351
O,2,1,20,67114,65157721
O,3,1,21,67004,65119411
O,0,1,20,67254,65157742
O,1,0,8,48620,65167855
Q,65174178,0,1.38132,-1.72875,1.39653
Q,65174178,1,1.37395,-1.75990,1.39811
Q,65174178,2,1.55144,-1.23621,1.86565
Q,65174178,3,1.34713,-1.72325,1.39457
A,0,0,31.05,-2.63
ANG S0 | BS0 h= +31.05 v=  -2.63 deg
A,0,1,-20.95,-4.16
ANG S0 | BS1 h= -20.95 v=  -4.16 deg
A,1,0,30.76,-1.93
ANG S1 | BS0 h= +30.76 v=  -1.93 deg
A,1,1,-20.99,-3.45
ANG S1 | BS1 h= -20.99 v=  -3.45 deg
A,2,0,41.93,-19.59
ANG S2 | BS0 h= +41.93 v= -19.59 deg
A,2,1,-21.73,-3.55
ANG S2 | BS1 h= -21.73 v=  -3.55 deg
A,3,0,30.43,-2.82
ANG S3 | BS0 h= +30.43 v=  -2.82 deg
A,3,1,-21.70,-4.26
ANG S3 | BS1 h= -21.70 v=  -4.26 deg
C_RAW,1.4135,-1.6120,1.5137
C,1.4135,-1.6120,1.1882
O,0,0,9,48822,65187617
O,0,1,21,67254,65176888
O,0,0,9,85953,65193805
O,1,0,9,48620,65187583
O,1,0,9,85972,65193808
O,1,1,21,67363,65176906
O,2,0,8,85736,65134605
O,2,1,21,67114,65196010
O,2,0,9,85740,65193770
O,2,1,21,32410,65171082
O,3,0,8,85716,65154310
O,3,1,20,67003,65157702
O,3,1,21,32538,65132813
O,0,1,21,67254,65196033
O,1,1,21,67363,65196051
O,2,1,21,32411,65209374
O,3,1,21,32539,65171102
O,0,0,9,85954,65213534
O,1,0,9,85972,65213538
O,2,1,21,67116,65215155
O,3,0,8,85718,65174039
O,0,1,21,67255,65215178
O,1,1,21,67364,65215196
O,2,1,20,32409,65228518
O,3,0,9,48659,65187590
O,0,1,20,32755,65228574
O,1,0,9,85971,65233266
O,2,1,20,67114,65234301
O,3,0,9,85719,65193766
O,0,0,9,85953,65233263
O,2,0,9,85740,65193770
O,3,1,21,67004,65195991
O,0,0,9,48823,65246804
O,1,0,9,48621,65246770
O,2,1,20,67114,65253446
O,3,0,9,85720,65213497
O,0,0,9,85953,65252992
O,1,0,9,85971,65252995
O,2,0,9,85740,65213506
O,3,1,21,67005,65215138
O,0,1,20,67254,65253469
O,1,0,8,48620,65266499
O,2,1,20,32412,65266809
Q,65274469,0,1.38131,-1.72872,1.39654
Q,65274469,1,1.37396,-1.75988,1.39818
Q,65274469,2,1.65865,-0.94618,2.22933
Q,65274469,3,1.34709,-1.72321,1.39463
A,0,0,31.05,-2.63
ANG S0 | BS0 h= +31.05 v=  -2.63 deg
A,0,1,-20.95,-4.16
ANG S0 | BS1 h= -20.95 v=  -4.16 deg
A,1,0,30.76,-1.93
ANG S1 | BS0 h= +30.76 v=  -1.93 deg
A,1,1,-21.00,-3.45
ANG S1 | BS1 h= -21.00 v=  -3.45 deg
A,2,0,51.34,-33.53
ANG S2 | BS0 h= +51.34 v= -33.53 deg
A,2,1,-21.74,-3.55
ANG S2 | BS1 h= -21.74 v=  -3.55 deg
A,3,0,30.43,-2.82
ANG S3 | BS0 h= +30.43 v=  -2.82 deg
A,3,1,-21.71,-4.26
ANG S3 | BS1 h= -21.71 v=  -4.26 deg
C_RAW,1.4403,-1.5395,1.6047
C,1.4403,-1.5395,1.3053
O,0,1,20,67254,65291760
O,0,0,9,85951,65292449
O,0,1,20,32755,65286010
O,1,0,9,85967,65292452
O,1,1,20,67363,65291778
O,2,0,9,85740,65252962
O,3,0,9,85720,65252954
O,3,1,20,67004,65253428
O,3,0,9,48659,65246776
O,1,1,20,32624,65305134
O,2,0,8,48456,65305928
O,3,1,20,32540,65266829
O,0,1,20,67253,65310905
O,1,1,20,67362,65310923
O,2,0,8,85736,65312148
O,3,1,20,67005,65272574
O,0,0,8,85951,65312180
O,1,0,8,85969,65312191
O,2,0,8,48457,65325658
O,3,1,20,32539,65285974
O,0,0,8,48822,65325718
O,1,1,21,67363,65330069
O,2,0,8,85738,65331876
O,3,1,20,67003,65291718
O,0,1,21,67254,65330051
O,1,0,8,85971,65331911
O,2,1,20,32410,65343390
O,3,1,20,32539,65305120
O,0,1,20,32756,65343446
O,1,0,9,48620,65345413
O,2,0,9,85740,65351604
O,3,1,20,67003,65310865
O,0,1,20,67254,65349196
O,1,1,20,67363,65349214
O,2,1,20,67114,65310882
O,3,0,8,85716,65312140
O,0,0,9,85954,65351635
O,1,1,21,32626,65362570
O,3,0,8,48658,65325690
Q,65374552,0,1.38128,-1.72869,1.39655
Q,65374552,1,1.37394,-1.75986,1.39820
Q,65374552,2,1.57487,-1.17338,1.93961
Q,65374552,3,1.34707,-1.72320,1.39462
A,0,0,31.05,-2.63
ANG S0 | BS0 h= +31.05 v=  -2.63 deg
A,0,1,-20.95,-4.16
ANG S0 | BS1 h= -20.95 v=  -4.16 deg
A,1,0,30.76,-1.93
ANG S1 | BS0 h= +30.76 v=  -1.93 deg
A,1,1,-21.00,-3.45
ANG S1 | BS1 h= -21.00 v=  -3.45 deg
A,2,0,43.71,-22.22
ANG S2 | BS0 h= +43.71 v= -22.22 deg
A,2,1,-21.74,-3.55
ANG S2 | BS1 h= -21.74 v=  -3.55 deg
A,3,0,30.43,-2.82
ANG S3 | BS0 h= +30.43 v=  -2.82 deg
A,3,1,-21.71,-4.26
ANG S3 | BS1 h= -21.71 v=  -4.26 deg
C_RAW,1.4193,-1.5963,1.5322
C,1.4193,-1.5963,1.2121
O,0,0,9,48824,65384904
O,0,1,20,67255,65387487
O,0,0,9,85956,65391093
O,1,0,9,48622,65384871
O,1,1,21,32626,65400861
O,1,0,9,85972,65371367
O,1,1,21,67364,65368360
O,2,0,9,85741,65391057
O,2,0,9,48459,65384844
O,2,1,20,67114,65349173
O,3,0,9,85720,65351597
O,3,1,20,67003,65349155
O,3,1,20,32539,65343410
O,2,1,21,67116,65406611
O,3,0,9,48659,65365148
O,0,1,21,67255,65406636
O,2,0,9,85740,65410792
O,3,1,21,67005,65368301
O,0,0,9,85953,65410822
O,1,0,9,85971,65410825
O,2,1,21,32409,65419972
O,3,1,20,32540,65381701
O,0,0,8,48823,65424362
O,1,0,8,48622,65424329
O,2,0,8,85739,65430522
O,3,1,20,67005,65387445
O,0,1,21,67254,65425778
O,2,1,20,32412,65439117
O,3,0,9,85721,65391054
O,0,0,8,85954,65430551
O,1,0,9,48620,65444057
O,2,1,20,67116,65444900
O,3,1,21,67004,65406590
O,0,1,20,67255,65444923
O,1,1,20,67365,65444941
O,2,0,9,85740,65450250
O,3,0,9,85719,65410785
O,0,0,9,85953,65450279
O,1,0,9,85972,65450282
O,2,1,21,67116,65464045
O,3,0,8,48659,65424335
O,0,0,9,48821,65463820
O,1,1,21,67365,65464086
Q,65474871,0,1.38130,-1.72867,1.39661
Q,65474871,1,1.37398,-1.75983,1.39825
Q,65474871,2,1.53804,-1.27094,1.82640
Q,65474871,3,1.34709,-1.72318,1.39467
A,0,0,31.05,-2.63
ANG S0 | BS0 h= +31.05 v=  -2.63 deg
A,0,1,-20.95,-4.16
ANG S0 | BS1 h= -20.95 v=  -4.16 deg
A,1,0,30.76,-1.93
ANG S1 | BS0 h= +30.76 v=  -1.93 deg
A,1,1,-21.00,-3.45
ANG S1 | BS1 h= -21.00 v=  -3.45 deg
A,2,0,41.00,-18.20
ANG S2 | BS0 h= +41.00 v= -18.20 deg
A,2,1,-21.74,-3.55
ANG S2 | BS1 h= -21.74 v=  -3.55 deg
A,3,0,30.43,-2.82
ANG S3 | BS0 h= +30.43 v=  -2.82 deg
A,3,1,-21.71,-4.26
ANG S3 | BS1 h= -21.71 v=  -4.26 deg
C_RAW,1.4101,-1.6207,1.5040
C,1.4101,-1.6207,1.1757
O,0,0,8,48822,65483548
O,0,1,21,67256,65483214
O,0,0,9,85952,65470008
O,0,1,21,32756,65496610
O,1,0,8,48620,65483515
O,1,0,9,85970,65470011
O,1,1,21,67362,65502377
O,2,0,8,85738,65489701
O,2,0,8,48457,65503216
O,2,1,21,32409,65496552
O,3,0,9,85719,65450242
O,3,1,20,67005,65444882
O,3,0,9,48659,65444064
O,3,0,9,48658,65463792
O,0,0,8,48822,65503277
O,1,0,8,48620,65503243
O,2,0,8,85738,65509437
O,3,0,9,85718,65469970
O,0,0,8,85953,65509465
O,1,0,8,85971,65509471
O,3,1,21,67006,65483172
O,0,1,21,67254,65521504
O,1,1,21,67362,65521523
O,2,0,8,85738,65529163
O,3,0,8,48658,65483521
O,0,0,8,85953,65529196
O,1,0,8,85971,65529209
O,2,1,20,32410,65534844
O,3,1,21,32538,65496573
O,0,1,20,67254,65540650
O,2,0,9,48455,65542675
O,3,0,8,48658,65503250
O,0,0,9,48820,65542734
O,1,0,9,48618,65542701
O,2,1,20,32411,65553989
O,3,0,8,85718,65509428
O,0,1,20,32757,65554045
O,1,1,20,32626,65554024
O,2,0,9,48457,65562403
O,3,1,21,67003,65521464
O,0,1,20,67255,65559795
O,1,0,9,48620,65562429
O,2,0,9,85738,65568621
Q,65574954,0,1.38130,-1.72872,1.39657
Q,65574954,1,1.37394,-1.75987,1.39820
Q,65574954,2,1.45183,-1.48975,1.60182
Q,65574954,3,1.34708,-1.72324,1.39465
A,0,0,31.05,-2.63
ANG S0 | BS0 h= +31.05 v=  -2.63 deg
A,0,1,-20.95,-4.16
ANG S0 | BS1 h= -20.95 v=  -4.16 deg
A,1,0,30.76,-1.92
ANG S1 | BS0 h= +30.76 v=  -1.92 deg
A,1,1,-21.00,-3.45
ANG S1 | BS1 h= -21.00 v=  -3.45 deg
A,2,0,35.70,-10.35
ANG S2 | BS0 h= +35.70 v= -10.35 deg
A,2,1,-21.74,-3.55
ANG S2 | BS1 h= -21.74 v=  -3.55 deg
A,3,0,30.43,-2.82
ANG S3 | BS0 h= +30.43 v=  -2.82 deg
A,3,1,-21.71,-4.26
ANG S3 | BS1 h= -21.71 v=  -4.26 deg
C_RAW,1.3885,-1.6754,1.4478
C,1.3885,-1.6754,1.1033
O,0,0,8,48822,65582192
O,0,1,20,67255,65598086
O,0,0,9,85952,65568651
O,0,1,20,32757,65592336
O,1,1,20,32626,65592315
O,1,0,8,85972,65588383
O,1,1,20,67363,65578958
O,2,1,20,67114,65578917
O,2,0,8,48458,65601860
O,2,1,20,32411,65592279
O,3,0,9,85717,65548885
O,3,1,20,67004,65559754
O,3,0,9,48657,65542707
O,1,1,20,67364,65598104
O,2,0,8,85740,65608079
O,3,0,9,85718,65568613
O,0,0,8,85955,65608112
O,1,0,8,85972,65608121
O,2,1,20,67117,65617209
O,3,1,20,32539,65573155
O,0,1,20,67255,65617231
O,2,0,9,48459,65621591
O,3,0,8,48658,65582164
O,0,0,9,85955,65627838
O,1,0,9,85973,65627841
O,2,1,20,32412,65630571
O,3,1,20,32540,65592300
O,0,1,20,32758,65630627
O,1,1,20,32626,65630605
O,2,0,9,48458,65641319
O,3,1,20,67004,65598044
O,0,1,20,67255,65636378
O,2,0,9,85740,65647537
O,3,0,8,85720,65608072
O,0,0,9,85954,65647567
O,1,0,9,85972,65647570
O,2,1,20,67115,65655499
O,3,1,20,32540,65611446
O,0,1,20,32756,65649773
O,1,1,20,67363,65655540
O,2,0,8,48457,65661048
O,3,1,20,67005,65617192
O,0,0,8,85953,65667296
O,1,0,8,85971,65667300
O,2,1,20,32412,65668862
Q,65675564,0,1.38132,-1.72872,1.39652
Q,65675564,1,1.37396,-1.75987,1.39820
Q,65675564,2,1.41400,-1.58157,1.52148
Q,65675564,3,1.34707,-1.72325,1.39457
A,0,0,31.05,-2.63
ANG S0 | BS0 h= +31.05 v=  -2.63 deg
A,0,1,-20.95,-4.16
ANG S0 | BS1 h= -20.95 v=  -4.16 deg
A,1,0,30.76,-1.92
ANG S1 | BS0 h= +30.76 v=  -1.92 deg
A,1,1,-21.00,-3.45
ANG S1 | BS1 h= -21.00 v=  -3.45 deg
A,2,0,33.70,-7.38
ANG S2 | BS0 h= +33.70 v=  -7.38 deg
A,2,1,-21.74,-3.55
ANG S2 | BS1 h= -21.74 v=  -3.55 deg
A,3,0,30.43,-2.82
ANG S3 | BS0 h= +30.43 v=  -2.82 deg
A,3,1,-21.71,-4.26
ANG S3 | BS1 h= -21.71 v=  -4.26 deg
C_RAW,1.3791,-1.6984,1.4277
C,1.3791,-1.6984,1.0774
O,0,1,20,67255,65693813
O,0,0,8,85951,65687024
O,0,1,20,32758,65688064
O,1,1,20,32626,65688042
O,1,1,20,67365,65674686
O,2,1,20,67116,65693790
O,2,0,9,48456,65700504
O,2,1,20,32412,65688006
O,3,0,9,85720,65647529
O,3,1,20,67004,65655482
O,3,1,20,32539,65649737
O,1,0,9,85970,65706756
O,2,1,20,32411,65707151
O,3,1,20,32540,65668882
O,0,1,20,32757,65707209
O,1,1,20,32626,65707187
O,2,1,20,67115,65712935
O,3,1,20,67005,65674627
O,0,1,20,67255,65712961
O,1,1,20,67363,65712977
O,2,0,8,85736,65726445
O,3,0,8,85716,65686985
O,0,1,20,32756,65726354
O,1,0,8,85969,65726484
O,2,1,20,67115,65732081
O,3,1,20,32540,65688027
O,0,0,8,85950,65726481
O,1,1,20,67363,65732122
O,2,0,8,48458,65739962
O,3,1,20,67005,65693771
O,0,0,8,48822,65740021
O,1,1,20,32626,65745478
O,2,0,8,85739,65746177
O,3,1,20,32540,65707173
O,0,0,8,85954,65746210
O,1,0,8,85972,65746214
O,2,1,20,67117,65751226
O,3,1,20,67004,65712919
O,0,1,20,67255,65751249
O,2,0,9,85739,65765903
O,3,1,20,32540,65726319
O,0,1,20,32758,65764645
O,1,0,9,85971,65765942
O,2,1,20,67116,65770373
Q,65775922,0,1.38132,-1.72871,1.39645
Q,65775922,1,1.37397,-1.75988,1.39818
Q,65775922,2,1.38827,-1.64257,1.47313
Q,65775922,3,1.34708,-1.72325,1.39455
A,0,0,31.05,-2.63
ANG S0 | BS0 h= +31.05 v=  -2.63 deg
A,0,1,-20.95,-4.16
ANG S0 | BS1 h= -20.95 v=  -4.16 deg
A,1,0,30.76,-1.92
ANG S1 | BS0 h= +30.76 v=  -1.92 deg
A,1,1,-20.99,-3.45
ANG S1 | BS1 h= -20.99 v=  -3.45 deg
A,2,0,32.42,-5.49
ANG S2 | BS0 h= +32.42 v=  -5.49 deg
A,2,1,-21.74,-3.55
ANG S2 | BS1 h= -21.74 v=  -3.55 deg
A,3,0,30.43,-2.82
ANG S3 | BS0 h= +30.43 v=  -2.82 deg
A,3,1,-21.71,-4.26
ANG S3 | BS1 h= -21.71 v=  -4.26 deg
C_RAW,1.3727,-1.7136,1.4156
C,1.3727,-1.7136,1.0618
O,0,0,8,48820,65779479
O,0,1,20,67256,65789540
O,0,0,8,85952,65785668
O,0,1,20,32757,65802936
O,1,1,20,32627,65783769
O,1,0,8,85970,65785671
O,1,1,20,67365,65789558
O,2,0,8,85736,65785632
O,2,1,20,67117,65789517
O,2,1,20,32412,65802878
O,3,0,8,85719,65746171
O,3,1,20,67005,65751209
O,3,0,9,48659,65759723
O,1,0,9,85971,65805399
O,3,0,9,85719,65765900
O,0,0,9,85953,65805396
O,1,1,20,67365,65808705
O,2,0,9,48458,65818878
O,3,0,8,48656,65779452
O,0,0,9,48823,65818936
O,1,1,20,32625,65822060
O,2,0,9,85740,65825094
O,3,0,8,85717,65785628
O,0,0,9,85954,65825125
O,1,0,9,85972,65825128
O,2,1,20,67114,65827822
O,0,1,20,67254,65827831
O,1,0,8,48620,65838632
O,2,1,20,32411,65841169
O,3,1,20,32540,65802900
O,0,0,8,85953,65844855
O,1,0,8,85971,65844859
O,2,1,20,67115,65846953
O,3,0,9,85718,65805357
O,0,1,20,67255,65846979
O,1,1,20,67363,65846997
O,2,1,21,32409,65860315
O,3,0,9,48659,65818909
O,0,1,21,32757,65860372
O,1,0,8,85970,65864585
O,3,0,9,85720,65825087
O,0,0,8,85952,65864582
Q,65875978,0,1.38134,-1.72872,1.39648
Q,65875978,1,1.37400,-1.75993,1.39817
Q,65875978,2,1.37881,-1.66459,1.45675
Q,65875978,3,1.34709,-1.72327,1.39456
A,0,0,31.05,-2.63
ANG S0 | BS0 h= +31.05 v=  -2.63 deg
A,0,1,-20.95,-4.16
ANG S0 | BS1 h= -20.95 v=  -4.16 deg
A,1,0,30.76,-1.92
ANG S1 | BS0 h= +30.76 v=  -1.92 deg
A,1,1,-20.99,-3.45
ANG S1 | BS1 h= -20.99 v=  -3.45 deg
A,2,0,31.96,-4.82
ANG S2 | BS0 h= +31.96 v=  -4.82 deg
A,2,1,-21.74,-3.54
ANG S2 | BS1 h= -21.74 v=  -3.54 deg
A,3,0,30.43,-2.82
ANG S3 | BS0 h= +30.43 v=  -2.82 deg
A,3,1,-21.71,-4.26
ANG S3 | BS1 h= -21.71 v=  -4.26 deg
C_RAW,1.3703,-1.7191,1.4115
C,1.3703,-1.7191,1.0565
O,0,0,9,48822,65878123
O,0,1,20,67255,65885267
O,0,0,9,85954,65884311
O,0,1,20,32756,65898662
O,1,0,9,48621,65897818
O,1,0,9,85972,65904043
O,1,1,21,67363,65866139
O,2,0,8,85738,65844838
O,2,1,20,67115,65904388
O,2,1,20,32411,65898605
O,3,0,8,85718,65844820
O,3,1,20,67004,65846936
O,3,0,8,48658,65858367
O,3,0,8,85717,65864544
O,0,0,9,85954,65904040
O,1,1,20,67363,65904430
O,2,0,8,85738,65864551
O,3,0,9,48659,65878095
O,0,0,9,48823,65917580
O,1,0,9,48621,65917548
O,2,0,9,85740,65923733
O,3,0,9,85719,65884272
O,0,1,21,67254,65923557
O,1,1,21,67362,65923575
O,2,0,9,85740,65884275
O,3,1,20,67004,65885225
O,0,1,20,32758,65936953
O,1,1,20,32626,65936931
O,2,0,9,48454,65937249
O,3,0,9,85720,65904001
O,0,1,20,67255,65942702
O,1,1,20,67364,65942721
O,2,0,9,85737,65943462
O,3,1,20,67004,65904370
O,0,0,9,85951,65943498
O,1,1,21,32626,65956076
O,2,0,9,48457,65956978
O,3,0,9,48659,65917553
O,0,0,9,48822,65957038
O,1,1,21,67365,65961866
O,2,0,9,85738,65963190
O,3,1,21,67004,65923517
O,0,1,21,67256,65961848
O,1,0,9,85970,65963229
Q,65976106,0,1.38134,-1.72867,1.39647
Q,65976106,1,1.37400,-1.75986,1.39819
Q,65976106,2,1.36500,-1.69670,1.43396
Q,65976106,3,1.34710,-1.72323,1.39458
A,0,0,31.05,-2.63
ANG S0 | BS0 h= +31.05 v=  -2.63 deg
A,0,1,-20.95,-4.16
ANG S0 | BS1 h= -20.95 v=  -4.16 deg
A,1,0,30.76,-1.93
ANG S1 | BS0 h= +30.76 v=  -1.93 deg
A,1,1,-20.99,-3.45
ANG S1 | BS1 h= -20.99 v=  -3.45 deg
A,2,0,31.31,-3.84
ANG S2 | BS0 h= +31.31 v=  -3.84 deg
A,2,1,-21.74,-3.55
ANG S2 | BS1 h= -21.74 v=  -3.55 deg
A,3,0,30.43,-2.82
ANG S3 | BS0 h= +30.43 v=  -2.82 deg
A,3,1,-21.71,-4.26
ANG S3 | BS1 h= -21.71 v=  -4.26 deg
C_RAW,1.3669,-1.7271,1.4058
C,1.3669,-1.7271,1.0492
O,0,0,8,48822,65996495
O,0,1,20,67255,65980993
O,0,0,9,85953,65982955
O,0,1,20,32756,65975244
O,1,0,8,48621,65996462
O,1,0,9,85971,65982958
O,1,1,20,67363,65981011
O,2,0,8,85739,66002648
O,2,1,20,67115,65980970
O,2,0,8,48458,65996435
O,2,1,20,32410,65975187
O,3,0,9,85717,65943459
O,3,1,21,67005,65961807
O,3,1,21,32541,65956062
O,0,1,21,67256,66000139
O,1,1,21,67364,66000157
O,2,1,21,67116,65961824
O,3,0,9,85718,65963187
O,0,1,21,32758,66013535
O,1,0,8,48619,66016191
O,2,1,21,67116,66019261
O,3,1,20,67004,65980954
O,0,1,21,67256,66019284
O,1,1,21,67364,66019302
O,2,0,8,85737,66022384
O,3,0,9,85719,65982916
O,0,0,8,85952,66022413
O,1,1,20,32626,66032659
O,2,1,20,67117,66038407
O,3,0,8,48658,65996468
O,0,1,20,67256,66038430
O,1,1,20,67365,66038448
O,2,0,9,85738,66042112
O,3,1,21,67005,66000097
O,0,0,9,85953,66042141
O,1,0,9,85970,66042144
O,2,0,9,48458,66055622
O,3,0,8,48656,66016197
O,0,0,9,48822,66055682
O,1,1,20,67365,66057595
O,2,0,9,85738,66061840
O,3,1,21,67005,66019244
O,0,1,20,67255,66057576
O,1,0,9,85971,66061873
Q,66076315,0,1.38136,-1.72870,1.39648
Q,66076315,1,1.37399,-1.75988,1.39815
Q,66076315,2,1.71124,-1.68963,0.90199
Q,66076315,3,1.34712,-1.72324,1.39456
A,0,0,31.05,-2.63
ANG S0 | BS0 h= +31.05 v=  -2.63 deg
A,0,1,-20.95,-4.16
ANG S0 | BS1 h= -20.95 v=  -4.16 deg
A,1,0,30.76,-1.93
ANG S1 | BS0 h= +30.76 v=  -1.93 deg
A,1,1,-20.99,-3.45
ANG S1 | BS1 h= -20.99 v=  -3.45 deg
A,2,0,30.89,-3.22
ANG S2 | BS0 h= +30.89 v=  -3.22 deg
A,2,1,-10.36,-15.06
ANG S2 | BS1 h= -10.36 v= -15.06 deg
A,3,0,30.43,-2.82
ANG S3 | BS0 h= +30.43 v=  -2.82 deg
A,3,1,-21.71,-4.26
ANG S3 | BS1 h= -21.71 v=  -4.26 deg
C_RAW,1.4534,-1.7254,1.2728
C,1.4534,-1.7254,0.8779
RUN: main loop
O,0,0,9,48822,66095139
O,0,1,20,67254,66076721
O,0,0,8,85952,66081599
O,1,0,8,48620,66075378
O,1,1,20,32626,66090095
O,1,1,20,67363,66095884
O,2,0,9,85738,66101292
O,2,1,20,32411,66090059
O,2,1,20,67115,66095843
O,3,0,9,85718,66042104
O,3,1,20,67005,66057535
O,3,0,9,48659,66055654
O,3,1,20,32540,66032644
O,0,1,20,67255,66095866
O,1,0,9,85970,66101330
O,2,1,20,32410,66109206
O,3,0,8,48656,66075383
O,0,0,8,48821,66114868
O,1,0,8,48620,66114834
O,2,0,8,85737,66121026
O,3,1,20,67003,66076679
O,0,1,20,67254,66115011
O,1,0,8,85970,66121059
O,2,1,20,32409,66128350
O,3,0,8,85717,66081562
O,0,1,20,32755,66128407
O,1,1,20,67362,66134174
O,2,0,9,48457,66134536
O,3,0,9,48658,66095112
O,0,0,9,48822,66134596
O,1,0,9,48620,66134563
O,2,0,9,85738,66140754
O,3,0,9,85718,66101288
O,0,0,9,85952,66140787
O,1,1,20,32624,66147530
O,2,0,8,48457,66154266
O,3,0,8,48658,66114840
O,0,1,20,67254,66153302
O,1,0,8,48620,66154293
O,2,0,8,85736,66160483
O,3,1,20,67003,66114969
O,0,0,8,85952,66160513
O,1,0,8,85970,66160516
O,2,1,20,32411,66166641
O,3,1,20,32539,66128371
Q,66176340,0,1.38133,-1.72869,1.39650
Q,66176340,1,1.37395,-1.75988,1.39813
Q,66176340,2,1.62899,-1.72037,0.98324
Q,66176340,3,1.34706,-1.72329,1.39452
A,0,0,31.05,-2.63
ANG S0 | BS0 h= +31.05 v=  -2.63 deg
A,0,1,-20.95,-4.16
ANG S0 | BS1 h= -20.95 v=  -4.16 deg
A,1,0,30.76,-1.93
ANG S1 | BS0 h= +30.76 v=  -1.93 deg
A,1,1,-21.00,-3.45
ANG S1 | BS1 h= -21.00 v=  -3.45 deg
A,2,0,30.62,-2.82
ANG S2 | BS0 h= +30.62 v=  -2.82 deg
A,2,1,-12.63,-12.76
ANG S2 | BS1 h= -12.63 v= -12.76 deg
A,3,0,30.43,-2.82
ANG S3 | BS0 h= +30.43 v=  -2.82 deg
A,3,1,-21.71,-4.26
ANG S3 | BS1 h= -21.71 v=  -4.26 deg
C_RAW,1.4328,-1.7331,1.2931
C,1.4328,-1.7331,0.9041
O,0,0,8,48821,66174055
O,0,1,21,67256,66191592
O,0,0,8,85953,66199971
O,1,0,8,48619,66174021
O,1,1,21,32626,66185821
O,1,0,8,85971,66199974
O,1,1,21,67364,66191610
O,2,0,8,85738,66199935
O,2,1,21,32411,66204930
O,2,0,8,48457,66193722
O,3,0,9,85718,66140747
O,3,1,20,67003,66153261
O,3,0,8,48657,66154298
O,3,1,20,32540,66166661
O,0,1,21,32757,66204988
O,1,1,21,67365,66210756
O,2,0,8,48458,66213456
O,3,1,20,67004,66172406
O,0,0,8,48822,66213511
O,1,0,8,48621,66213477
O,2,1,20,32409,66224078
O,3,0,8,85717,66180205
O,0,0,8,85954,66219699
O,1,1,20,32624,66224113
O,2,1,20,67114,66229860
O,3,1,21,67005,66191551
O,0,1,20,67254,66229883
O,1,1,20,67362,66229901
O,2,0,9,85737,66239398
O,3,0,8,48657,66193755
O,0,0,9,85952,66239428
O,1,0,9,85970,66239431
O,2,1,20,32409,66243223
O,3,1,21,32541,66204952
O,0,1,20,32756,66243279
O,1,1,20,67363,66249049
O,2,0,8,48456,66252909
O,3,0,8,48658,66213484
O,0,0,8,48819,66252969
O,1,0,8,85969,66259160
O,2,1,20,32410,66262368
O,3,0,8,85718,66219662
O,0,1,20,32756,66262425
O,1,1,20,32625,66262403
O,2,1,20,67114,66268151
Q,66276343,0,1.38130,-1.72876,1.39647
Q,66276343,1,1.37394,-1.75989,1.39815
Q,66276343,2,1.51902,-1.74282,1.12106
Q,66276343,3,1.34706,-1.72327,1.39447
A,0,0,31.05,-2.63
ANG S0 | BS0 h= +31.05 v=  -2.63 deg
A,0,1,-20.95,-4.16
ANG S0 | BS1 h= -20.95 v=  -4.16 deg
A,1,0,30.76,-1.93
ANG S1 | BS0 h= +30.76 v=  -1.93 deg
A,1,1,-21.00,-3.45
ANG S1 | BS1 h= -21.00 v=  -3.45 deg
A,2,0,30.45,-2.57
ANG S2 | BS0 h= +30.45 v=  -2.57 deg
A,2,1,-15.91,-9.44
ANG S2 | BS1 h= -15.91 v=  -9.44 deg
A,3,0,30.43,-2.82
ANG S3 | BS0 h= +30.43 v=  -2.82 deg
A,3,1,-21.71,-4.26
ANG S3 | BS1 h= -21.71 v=  -4.26 deg
C_RAW,1.4053,-1.7387,1.3275
C,1.4053,-1.7387,0.9484
O,0,1,21,67254,66287320
O,0,0,9,85953,66298614
O,0,1,21,32756,66281570
O,1,0,9,48620,66292392
O,1,1,20,32626,66300694
O,1,0,8,85971,66278889
O,1,1,21,67362,66287338
O,2,0,8,85738,66278856
O,2,1,20,32411,66300658
O,2,0,9,48458,66292365
O,2,1,21,67114,66287297
O,3,0,8,85716,66259119
O,3,1,20,67003,66248989
O,3,1,20,32539,66243243
O,2,1,20,67115,66306442
O,3,1,20,67003,66268134
O,0,1,20,67255,66306465
O,1,1,20,67364,66306483
O,2,0,8,48459,66312097
O,3,0,8,85718,66278848
O,0,0,8,85955,66318343
O,1,0,8,85972,66318346
O,2,1,20,67115,66325587
O,3,1,21,32539,66281534
O,0,1,20,32758,66319861
O,1,1,20,67363,66325628
O,2,0,8,48458,66331824
O,3,1,21,67003,66287278
O,0,0,8,48822,66331884
O,1,0,8,85972,66338075
O,2,1,20,32411,66338949
O,3,1,20,32540,66300679
O,0,1,20,32758,66339009
O,1,1,20,32626,66338984
O,2,1,20,67115,66344732
O,3,1,20,67005,66306423
O,0,1,20,67255,66344756
O,1,0,8,48621,66351580
O,2,1,20,32411,66358094
O,3,0,8,85720,66318306
O,0,1,20,32758,66358152
O,1,1,20,32626,66358130
O,2,1,20,67115,66363878
O,3,1,20,32540,66319825
O,0,1,20,67255,66363901
O,1,1,20,67363,66363921
Q,66376848,0,1.38134,-1.72875,1.39651
Q,66376848,1,1.37394,-1.75983,1.39815
Q,66376848,2,1.43064,-1.74811,1.25489
Q,66376848,3,1.34704,-1.72324,1.39452
A,0,0,31.05,-2.63
ANG S0 | BS0 h= +31.05 v=  -2.63 deg
A,0,1,-20.95,-4.16
ANG S0 | BS1 h= -20.95 v=  -4.16 deg
A,1,0,30.76,-1.93
ANG S1 | BS0 h= +30.76 v=  -1.93 deg
A,1,1,-21.00,-3.45
ANG S1 | BS1 h= -21.00 v=  -3.45 deg
A,2,0,30.39,-2.48
ANG S2 | BS0 h= +30.39 v=  -2.48 deg
A,2,1,-18.76,-6.56
ANG S2 | BS1 h= -18.76 v=  -6.56 deg
A,3,0,30.43,-2.82
ANG S3 | BS0 h= +30.43 v=  -2.82 deg
A,3,1,-21.71,-4.26
ANG S3 | BS1 h= -21.71 v=  -4.26 deg
C_RAW,1.3832,-1.7400,1.3610
C,1.3832,-1.7400,0.9915
O,0,1,20,67253,66383047
O,0,0,8,85954,66377533
O,0,1,20,32757,66396442
O,1,1,20,32624,66377277
O,1,0,8,85970,66397262
O,2,0,8,85738,66397223
O,2,1,20,32411,66338949
O,2,0,8,48458,66371282
O,2,1,20,67115,66402169
O,3,0,8,85720,66357763
O,3,1,20,67005,66344715
O,3,1,20,32540,66358115
O,0,0,8,85953,66397259
O,1,1,20,67363,66402210
O,2,0,8,48458,66410740
O,3,0,8,48658,66371314
O,0,1,20,32758,66415588
O,1,1,20,32626,66415566
O,2,0,8,85738,66416956
O,3,0,8,85718,66377493
O,0,0,8,85953,66416987
O,1,0,8,85971,66416990
O,3,1,20,67003,66383007
O,0,1,20,67255,66421339
O,1,0,8,48620,66430494
O,2,0,8,85738,66436680
O,3,0,8,85717,66397220
O,0,0,8,85952,66436716
O,1,0,8,85970,66436719
O,2,1,21,67116,66440459
O,3,1,20,67004,66402150
O,0,1,21,67256,66440483
O,1,1,21,67365,66440501
O,2,1,20,32410,66453822
O,3,1,20,32540,66415552
O,0,1,20,32756,66453879
O,1,0,8,85970,66456448
O,2,1,20,67114,66459605
O,3,0,8,85718,66416949
O,0,0,8,85952,66456445
O,1,1,20,67363,66459646
O,2,0,9,48456,66469926
O,3,1,20,67004,66421297
O,0,0,9,48821,66469985
Q,66476929,0,1.38133,-1.72875,1.39648
Q,66476929,1,1.37395,-1.75986,1.39816
Q,66476929,2,1.39660,-1.75285,1.30448
Q,66476929,3,1.34707,-1.72326,1.39455
A,0,0,31.05,-2.63
ANG S0 | BS0 h= +31.05 v=  -2.63 deg
A,0,1,-20.95,-4.16
ANG S0 | BS1 h= -20.95 v=  -4.16 deg
A,1,0,30.76,-1.93
ANG S1 | BS0 h= +30.76 v=  -1.93 deg
A,1,1,-21.00,-3.45
ANG S1 | BS1 h= -21.00 v=  -3.45 deg
A,2,0,30.27,-2.30
ANG S2 | BS0 h= +30.27 v=  -2.30 deg
A,2,1,-19.83,-5.48
ANG S2 | BS1 h= -19.83 v=  -5.48 deg
A,3,0,30.43,-2.82
ANG S3 | BS0 h= +30.43 v=  -2.82 deg
A,3,1,-21.71,-4.26
ANG S3 | BS1 h= -21.71 v=  -4.26 deg
C_RAW,1.3747,-1.7412,1.3734
C,1.3747,-1.7412,1.0075
O,0,1,20,67253,66478774
O,0,0,9,85953,66495902
O,0,1,20,32758,66492170
O,1,1,20,32625,66473003
O,1,0,9,85971,66495905
O,1,1,20,67363,66497937
O,2,0,8,85737,66456413
O,2,1,20,32412,66492112
O,2,0,8,85738,66436680
O,2,1,20,67115,66497896
O,3,0,8,85717,66456407
O,3,1,21,67006,66440442
O,3,1,20,32539,66453843
O,3,1,20,67003,66459588
O,0,0,9,48823,66509443
O,1,0,9,48622,66509411
O,2,1,21,67113,66517041
O,3,0,9,85716,66476135
O,0,0,9,85954,66515633
O,1,0,9,85972,66515637
O,2,0,9,85736,66476144
O,3,1,20,67003,66478734
O,0,0,8,48822,66529171
O,1,0,8,48621,66529138
O,2,1,21,32410,66530404
O,3,0,9,85719,66495863
O,0,0,8,85953,66535360
O,1,0,8,85971,66535363
O,2,1,21,67114,66536187
O,3,1,20,67004,66497877
O,0,1,21,67254,66536211
O,1,1,21,67363,66536231
O,2,1,20,32412,66549552
O,3,0,9,48660,66509416
O,0,0,8,85953,66555088
O,1,0,8,85971,66555093
O,2,1,20,67115,66555332
O,3,0,9,85720,66515593
O,0,1,20,67255,66555355
O,1,1,20,67363,66555373
O,2,0,8,48457,66568569
O,3,0,8,48658,66529144
O,0,0,8,48822,66568629
Q,66577251,0,1.38135,-1.72868,1.39653
Q,66577251,1,1.37396,-1.75982,1.39823
Q,66577251,2,1.54273,-1.32193,1.72422
Q,66577251,3,1.34710,-1.72326,1.39462
A,0,0,31.05,-2.63
ANG S0 | BS0 h= +31.05 v=  -2.63 deg
A,0,1,-20.95,-4.17
ANG S0 | BS1 h= -20.95 v=  -4.17 deg
A,1,0,30.76,-1.93
ANG S1 | BS0 h= +30.76 v=  -1.93 deg
A,1,1,-21.00,-3.45
ANG S1 | BS1 h= -21.00 v=  -3.45 deg
A,2,0,39.64,-16.19
ANG S2 | BS0 h= +39.64 v= -16.19 deg
A,2,1,-20.76,-4.54
ANG S2 | BS1 h= -20.76 v=  -4.54 deg
A,3,0,30.43,-2.82
ANG S3 | BS0 h= +30.43 v=  -2.82 deg
A,3,1,-21.71,-4.26
ANG S3 | BS1 h= -21.71 v=  -4.26 deg
C_RAW,1.4113,-1.6334,1.4784
C,1.4113,-1.6334,1.1427
O,0,1,21,67256,66593646
O,0,0,9,85953,66594546
O,0,1,21,32758,66587897
O,1,1,21,32627,66587875
O,1,0,9,85972,66594549
O,1,1,21,67364,66593664
O,2,0,8,85738,66555058
O,2,0,9,48459,66588297
O,3,0,8,85717,66555051
O,3,1,21,67004,66536170
O,3,0,8,48658,66568601
O,0,1,21,32757,66607042
O,1,1,21,32626,66607020
O,2,1,21,67114,66612769
O,3,1,21,67004,66574460
O,0,1,21,67254,66612794
O,2,0,8,85739,66614255
O,3,0,8,85717,66574778
O,0,0,8,85955,66614274
O,1,0,8,85972,66614280
O,2,0,9,48459,66627755
O,3,1,21,32541,66587861
O,0,0,9,48823,66627815
O,1,1,20,67363,66631956
O,2,0,9,85739,66633973
O,3,1,21,67005,66593605
O,0,1,20,67255,66631941
O,1,0,9,85971,66634011
O,2,1,20,32412,66645276
O,3,1,21,32540,66607006
O,0,1,20,32758,66645333
O,1,0,8,48621,66647510
O,2,0,8,85739,66653704
O,3,1,21,67004,66612753
O,0,1,20,67255,66651082
O,1,1,20,67364,66651100
O,2,1,21,67114,66612769
O,3,0,8,85719,66614242
O,0,0,8,85955,66653735
O,1,1,21,32626,66664456
O,2,0,8,48458,66667213
O,3,0,9,48659,66627788
O,0,1,21,67255,66670228
Q,66677586,0,1.38139,-1.72868,1.39655
Q,66677586,1,1.37399,-1.75981,1.39818
Q,66677586,2,1.45997,-1.52185,1.53411
Q,66677586,3,1.34711,-1.72324,1.39457
A,0,0,31.05,-2.63
ANG S0 | BS0 h= +31.05 v=  -2.63 deg
A,0,1,-20.95,-4.17
ANG S0 | BS1 h= -20.95 v=  -4.17 deg
A,1,0,30.76,-1.93
ANG S1 | BS0 h= +30.76 v=  -1.93 deg
A,1,1,-20.99,-3.45
ANG S1 | BS1 h= -20.99 v=  -3.45 deg
A,2,0,35.00,-9.32
ANG S2 | BS0 h= +35.00 v=  -9.32 deg
A,2,1,-20.96,-4.34
ANG S2 | BS1 h= -20.96 v=  -4.34 deg
A,3,0,30.43,-2.82
ANG S3 | BS0 h= +30.43 v=  -2.82 deg
A,3,1,-21.71,-4.26
ANG S3 | BS1 h= -21.71 v=  -4.26 deg
C_RAW,1.3906,-1.6834,1.4309
C,1.3906,-1.6834,1.0815
O,0,1,20,67255,66689373
O,0,0,9,85953,66693190
O,0,1,20,32758,66683624
O,1,0,9,48621,66686968
O,1,0,9,85971,66693193
O,1,1,20,67363,66689391
O,2,0,9,85738,66693154
O,2,1,20,32411,66683568
O,2,0,9,48455,66706669
O,2,1,20,67114,66689350
O,3,0,8,85719,66653696
O,3,1,20,67005,66651042
O,3,1,21,32541,66664442
O,0,0,9,48820,66706730
O,1,0,9,48618,66706696
O,2,0,9,85736,66712891
O,3,1,21,67004,66670187
O,0,1,21,67254,66708518
O,1,1,21,67363,66708536
O,2,1,21,32409,66721858
O,3,0,8,85718,66673423
O,0,0,9,48823,66726459
O,1,0,9,48621,66726426
O,2,1,21,67112,66727640
O,3,1,20,67004,66689331
O,0,1,21,67253,66727663
O,1,1,21,67362,66727681
O,2,0,9,85738,66732618
O,3,0,9,85719,66693151
O,0,0,9,85953,66732647
O,1,1,21,32625,66741037
O,3,0,9,48657,66706703
O,0,0,9,48823,66746187
O,2,0,9,85739,66752345
O,3,1,21,67004,66708476
O,0,1,21,67254,66746812
O,1,0,9,85971,66752379
O,2,1,20,32412,66760149
O,3,0,9,48659,66726432
O,0,0,8,48822,66765916
O,1,0,8,48621,66765883
O,2,0,8,85738,66772075
O,3,1,21,67002,66727622
Q,66777884,0,1.38139,-1.72869,1.39652
Q,66777884,1,1.37398,-1.75978,1.39822
Q,66777884,2,1.43388,-1.56671,1.50914
Q,66777884,3,1.34712,-1.72327,1.39455
A,0,0,31.05,-2.63
ANG S0 | BS0 h= +31.05 v=  -2.63 deg
A,0,1,-20.95,-4.17
ANG S0 | BS1 h= -20.95 v=  -4.17 deg
A,1,0,30.76,-1.93
ANG S1 | BS0 h= +30.76 v=  -1.93 deg
A,1,1,-21.00,-3.45
ANG S1 | BS1 h= -21.00 v=  -3.45 deg
A,2,0,34.03,-7.88
ANG S2 | BS0 h= +34.03 v=  -7.88 deg
A,2,1,-21.24,-4.06
ANG S2 | BS1 h= -21.24 v=  -4.06 deg
A,3,0,30.43,-2.82
ANG S3 | BS0 h= +30.43 v=  -2.82 deg
A,3,1,-21.70,-4.26
ANG S3 | BS1 h= -21.70 v=  -4.26 deg
C_RAW,1.3841,-1.6946,1.4246
C,1.3841,-1.6946,1.0734
O,0,0,8,48824,66785645
O,0,1,21,67256,66804245
O,0,0,8,85955,66791834
O,1,0,8,48623,66785612
O,1,0,8,85973,66791836
O,1,1,21,67365,66804263
O,2,0,8,85740,66791798
O,2,1,21,32411,66798437
O,2,0,8,48459,66785584
O,3,0,9,85720,66752338
O,3,0,8,48658,66765889
O,2,0,8,85740,66811555
O,3,1,20,67004,66765912
O,0,0,8,48824,66805374
O,1,0,8,85972,66811566
O,2,1,20,32412,66817584
O,3,0,8,85718,66772068
O,0,1,20,32759,66817641
O,1,1,20,67365,66823408
O,2,0,8,48459,66825043
O,3,1,20,67003,66785057
O,0,0,8,48824,66825103
O,1,0,8,48623,66825069
O,2,0,8,85739,66831261
O,3,0,8,85720,66791794
O,0,0,8,85955,66831291
O,1,1,21,32626,66836764
O,2,1,21,67116,66842513
O,3,1,21,67005,66804203
O,0,1,21,67256,66842537
O,1,0,8,48620,66844798
O,2,0,8,85738,66850989
O,3,0,8,48659,66805347
O,0,0,8,85953,66851020
O,1,0,8,85971,66851023
O,2,1,21,32409,66855876
O,0,1,21,67254,66861682
O,1,1,21,67362,66861703
O,2,0,8,48459,66864502
O,3,0,8,48659,66825075
O,0,0,8,48822,66864560
Q,66878204,0,1.38145,-1.72865,1.39655
Q,66878204,1,1.37402,-1.75977,1.39826
Q,66878204,2,1.39331,-1.65720,1.44251
Q,66878204,3,1.34714,-1.72325,1.39460
A,0,0,31.05,-2.63
ANG S0 | BS0 h= +31.05 v=  -2.63 deg
A,0,1,-20.95,-4.17
ANG S0 | BS1 h= -20.95 v=  -4.17 deg
A,1,0,30.76,-1.93
ANG S1 | BS0 h= +30.76 v=  -1.93 deg
A,1,1,-20.99,-3.45
ANG S1 | BS1 h= -20.99 v=  -3.45 deg
A,2,0,32.14,-5.07
ANG S2 | BS0 h= +32.14 v=  -5.07 deg
A,2,1,-21.34,-3.95
ANG S2 | BS1 h= -21.34 v=  -3.95 deg
A,3,0,30.43,-2.82
ANG S3 | BS0 h= +30.43 v=  -2.82 deg
A,3,1,-21.70,-4.26
ANG S3 | BS1 h= -21.70 v=  -4.26 deg
C_RAW,1.3740,-1.7172,1.4080
C,1.3740,-1.7172,1.0520
O,0,1,20,67254,66899972
O,0,0,9,85952,66890477
O,0,1,21,32756,66875077
O,1,0,9,48620,66884255
O,1,0,9,85970,66890480
O,1,1,20,67363,66899990
O,2,0,9,85738,66890441
O,2,1,21,32409,66875020
O,2,0,8,48458,66903957
O,2,1,20,67115,66899948
O,3,0,8,85718,66850982
O,3,1,21,67005,66842495
O,3,1,21,32539,66855897
O,3,0,8,48658,66864533
O,0,0,8,85954,66910206
O,1,0,8,85972,66910209
O,2,1,21,32410,66913311
O,3,1,21,32538,66875041
O,0,1,21,32757,66913369
O,1,1,21,32626,66913345
O,2,0,9,48459,66923687
O,3,1,21,67002,66880786
O,0,1,21,67254,66919117
O,1,0,9,48621,66923713
O,2,1,21,32409,66932459
O,3,0,9,85718,66890438
O,0,0,9,85954,66929935
O,1,1,21,32625,66932491
O,2,1,21,67116,66938239
O,3,1,20,32540,66894186
O,0,1,21,67255,66938262
O,1,1,21,67364,66938281
O,2,0,8,48456,66943416
O,3,0,8,48658,66903990
O,0,0,8,85952,66949663
O,1,0,8,85971,66949667
O,2,1,20,32412,66951605
O,3,1,21,32539,66913331
O,0,1,20,32757,66951662
O,1,1,20,32626,66951640
O,2,0,9,48457,66963144
O,3,1,21,67004,66919076
O,0,1,20,67255,66957408
O,1,0,9,48620,66963170
O,2,1,21,32409,66970750
O,3,0,9,85720,66929897
Q,66978538,0,1.38141,-1.72864,1.39662
Q,66978538,1,1.37400,-1.75981,1.39823
Q,66978538,2,1.38105,-1.67631,1.43581
Q,66978538,3,1.34709,-1.72322,1.39468
A,0,0,31.05,-2.63
ANG S0 | BS0 h= +31.05 v=  -2.63 deg
A,0,1,-20.95,-4.17
ANG S0 | BS1 h= -20.95 v=  -4.17 deg
A,1,0,30.76,-1.93
ANG S1 | BS0 h= +30.76 v=  -1.93 deg
A,1,1,-20.99,-3.45
ANG S1 | BS1 h= -20.99 v=  -3.45 deg
A,2,0,31.74,-4.48
ANG S2 | BS0 h= +31.74 v=  -4.48 deg
A,2,1,-21.49,-3.80
ANG S2 | BS1 h= -21.49 v=  -3.80 deg
A,3,0,30.43,-2.82
ANG S3 | BS0 h= +30.43 v=  -2.82 deg
A,3,1,-21.71,-4.26
ANG S3 | BS1 h= -21.71 v=  -4.26 deg
C_RAW,1.3709,-1.7220,1.4063
C,1.3709,-1.7220,1.0499
O,0,0,8,48822,66982932
O,0,0,8,85954,66989121
O,0,1,21,32756,66989949
O,1,1,21,32625,66989927
O,1,0,8,85972,66989124
O,1,1,21,67365,66995717
O,2,1,21,32410,66989891
O,2,0,9,48454,67002600
O,2,1,21,67117,66995676
O,3,1,20,67005,66957367
O,3,0,9,48658,66963176
O,3,1,20,32540,66951624
O,0,0,9,48819,67002661
O,1,0,9,85970,67008853
O,2,1,20,67117,67014821
O,3,1,21,32539,66970769
O,0,0,9,85952,67008850
O,1,1,20,32626,67009073
O,2,0,8,48456,67022331
O,3,1,21,67005,66976513
O,0,1,20,32756,67009095
O,1,1,21,32624,67028218
O,2,0,8,85737,67028542
O,3,0,8,85718,66989082
O,0,1,21,32755,67028240
O,1,0,8,85971,67028581
O,2,1,21,67115,67033967
O,3,1,21,32539,66989913
O,0,0,8,85952,67028578
O,2,0,8,48456,67042059
O,3,0,9,85717,67008810
O,0,0,8,48820,67042118
O,1,1,21,32624,67047363
O,2,1,21,67115,67053112
O,3,1,20,32539,67009058
O,0,1,21,32754,67047385
O,1,0,8,85972,67048310
O,2,0,8,48456,67061787
O,3,1,20,67005,67014805
O,0,0,8,85953,67048307
O,1,0,8,48620,67061813
O,2,0,8,85739,67068005
O,3,1,21,32538,67028204
O,0,1,20,32755,67066531
O,1,0,8,85972,67068039
Q,67078601,0,1.38135,-1.72875,1.39654
Q,67078601,1,1.37400,-1.75986,1.39824
Q,67078601,2,1.36753,-1.70443,1.41874
Q,67078601,3,1.34709,-1.72326,1.39464
A,0,0,31.05,-2.63
ANG S0 | BS0 h= +31.05 v=  -2.63 deg
A,0,1,-20.95,-4.16
ANG S0 | BS1 h= -20.95 v=  -4.16 deg
A,1,0,30.76,-1.93
ANG S1 | BS0 h= +30.76 v=  -1.93 deg
A,1,1,-20.99,-3.45
ANG S1 | BS1 h= -20.99 v=  -3.45 deg
A,2,0,31.16,-3.63
ANG S2 | BS0 h= +31.16 v=  -3.63 deg
A,2,1,-21.54,-3.75
ANG S2 | BS1 h= -21.54 v=  -3.75 deg
A,3,0,30.43,-2.82
ANG S3 | BS0 h= +30.43 v=  -2.82 deg
A,3,1,-21.71,-4.26
ANG S3 | BS1 h= -21.71 v=  -4.26 deg
C_RAW,1.3675,-1.7291,1.4020
C,1.3675,-1.7291,1.0444
RUN: main loop
O,0,0,9,48818,67101304
O,0,0,8,85952,67087764
O,0,1,20,32754,67085676
O,1,1,20,32624,67085654
O,1,0,8,85970,67087767
O,1,1,20,67365,67091444
O,2,1,21,32410,67104764
O,2,0,8,85738,67048271
O,2,1,20,67117,67091403
O,3,0,8,85718,67048268
O,3,1,21,67004,67053095
O,3,0,8,48656,67042091
O,3,1,20,32539,67066495
O,1,0,9,85968,67107496
O,2,1,21,67118,67110548
O,3,0,8,85719,67067998
O,0,1,21,32756,67104821
O,1,1,21,67366,67110590
O,2,0,8,48456,67120975
O,3,1,20,67005,67072240
O,0,1,21,67257,67110572
O,1,1,21,32624,67123945
O,2,0,8,85738,67127192
O,3,0,8,85717,67087725
O,0,1,21,32754,67123967
O,1,0,8,85971,67127224
O,2,1,21,67116,67129695
O,3,1,20,67005,67091384
O,0,0,8,85953,67127221
O,1,0,9,48617,67140727
O,2,1,20,32409,67143056
O,3,1,21,32539,67104785
O,0,1,20,32754,67143112
O,1,0,9,85971,67146953
O,2,1,20,67116,67148839
O,3,0,9,85716,67107454
O,0,0,9,85953,67146950
O,1,1,20,67364,67148880
O,2,1,21,32408,67162201
O,3,0,8,48655,67121006
O,0,0,8,48818,67160490
O,1,0,8,85971,67166682
O,2,1,21,67116,67167984
O,3,0,8,85718,67127184
O,0,1,21,32753,67162257
Q,67178662,0,1.38131,-1.72890,1.39648
Q,67178662,1,1.37398,-1.75999,1.39823
Q,67178662,2,1.36038,-1.71426,1.41708
Q,67178662,3,1.34703,-1.72336,1.39456
A,0,0,31.05,-2.62
ANG S0 | BS0 h= +31.05 v=  -2.62 deg
A,0,1,-20.95,-4.16
ANG S0 | BS1 h= -20.95 v=  -4.16 deg
A,1,0,30.76,-1.92
ANG S1 | BS0 h= +30.76 v=  -1.92 deg
A,1,1,-20.99,-3.44
ANG S1 | BS1 h= -20.99 v=  -3.44 deg
A,2,0,30.96,-3.32
ANG S2 | BS0 h= +30.96 v=  -3.32 deg
A,2,1,-21.64,-3.65
ANG S2 | BS1 h= -21.64 v=  -3.65 deg
A,3,0,30.43,-2.82
ANG S3 | BS0 h= +30.43 v=  -2.82 deg
A,3,1,-21.71,-4.26
ANG S3 | BS1 h= -21.71 v=  -4.26 deg
C_RAW,1.3657,-1.7316,1.4016
C,1.3657,-1.7316,1.0438
O,0,1,20,67255,67187153
O,0,0,9,85952,67186408
O,0,1,20,32752,67181402
O,1,0,9,48615,67180185
O,1,0,8,85971,67206140
O,1,1,20,67364,67187171
O,2,0,9,85737,67186372
O,2,1,20,32408,67200490
O,2,1,20,67116,67206275
O,3,0,8,85717,67166641
O,3,1,20,67005,67148821
O,3,0,8,48653,67160462
O,0,1,20,32753,67200548
O,1,1,20,67364,67206316
O,2,0,8,85737,67166648
O,3,1,21,67006,67167967
O,0,0,8,85953,67206137
O,1,0,9,48617,67219644
O,2,1,21,67116,67167984
O,3,1,20,32535,67181366
O,0,0,9,48820,67219676
O,1,1,20,67365,67225462
O,2,0,9,85738,67225830
O,3,0,9,85718,67186369
O,0,1,20,67256,67225444
O,1,1,20,32624,67238817
O,2,0,8,48454,67239345
O,3,1,20,67005,67187111
O,0,0,8,48819,67239405
O,1,1,20,67365,67244612
O,2,0,8,85738,67245558
O,3,1,20,32536,67200512
O,0,1,20,67256,67244590
O,1,0,8,85971,67245597
O,2,1,20,32410,67257928
O,0,0,8,85953,67245594
O,2,0,8,85739,67265288
O,3,1,20,67005,67225404
O,0,0,8,48820,67259134
O,1,0,8,85972,67265326
O,2,1,20,67117,67225421
Q,67279040,0,1.38125,-1.72896,1.39659
Q,67279040,1,1.37392,-1.76013,1.39818
Q,67279040,2,1.35581,-1.72229,1.41363
Q,67279040,3,1.34695,-1.72349,1.39460
A,0,0,31.05,-2.62
ANG S0 | BS0 h= +31.05 v=  -2.62 deg
A,0,1,-20.95,-4.16
ANG S0 | BS1 h= -20.95 v=  -4.16 deg
A,1,0,30.76,-1.92
ANG S1 | BS0 h= +30.76 v=  -1.92 deg
A,1,1,-20.99,-3.44
ANG S1 | BS1 h= -20.99 v=  -3.44 deg
A,2,0,30.79,-3.08
ANG S2 | BS0 h= +30.79 v=  -3.08 deg
A,2,1,-21.68,-3.61
ANG S2 | BS1 h= -21.68 v=  -3.61 deg
A,3,0,30.43,-2.81
ANG S3 | BS0 h= +30.43 v=  -2.81 deg
A,3,1,-21.71,-4.25
ANG S3 | BS1 h= -21.71 v=  -4.25 deg
C_RAW,1.3645,-1.7337,1.4007
C,1.3645,-1.7337,1.0427
O,0,0,9,48819,67298591
O,0,1,20,67257,67282880
O,0,0,9,85954,67285052
O,1,0,9,48617,67298558
O,1,1,20,32625,67277108
O,1,0,9,85972,67285055
O,2,0,9,85740,67304745
O,2,1,20,67117,67282856
O,2,0,9,48454,67298531
O,3,0,8,85718,67245555
O,3,1,20,67006,67263694
O,3,1,20,32538,67257948
O,2,1,20,67117,67263711
O,3,0,8,85718,67265284
O,0,0,9,85954,67304780
O,1,1,20,32623,67315398
O,2,1,20,67116,67321148
O,3,0,9,48656,67278835
O,0,0,9,48819,67318320
O,2,0,9,85739,67324478
O,3,1,20,67006,67282840
O,0,1,20,67255,67321170
O,1,0,9,85972,67324512
O,2,0,8,48454,67337990
O,3,0,9,48655,67298564
O,0,1,20,32754,67334565
O,1,1,20,67365,67340334
O,2,0,8,85739,67344208
O,3,1,20,67005,67301983
O,0,0,8,48819,67338049
O,1,0,8,85972,67344242
O,2,1,20,32409,67353655
O,3,1,20,32536,67315384
O,0,1,20,32754,67353711
O,1,0,9,48617,67357744
O,2,1,20,67117,67359438
O,3,1,20,67005,67321136
O,0,0,9,48819,67357778
O,1,1,20,67365,67359483
O,2,0,9,85738,67363944
O,3,0,9,85719,67324471
O,0,1,20,67256,67359461
Q,67379160,0,1.38123,-1.72901,1.39665
Q,67379160,1,1.37391,-1.76020,1.39821
Q,67379160,2,1.35036,-1.73400,1.40675
Q,67379160,3,1.34694,-1.72354,1.39464
A,0,0,31.05,-2.62
ANG S0 | BS0 h= +31.05 v=  -2.62 deg
A,0,1,-20.95,-4.16
ANG S0 | BS1 h= -20.95 v=  -4.16 deg
A,1,0,30.76,-1.92
ANG S1 | BS0 h= +30.76 v=  -1.92 deg
A,1,1,-21.00,-3.44
ANG S1 | BS1 h= -21.00 v=  -3.44 deg
A,2,0,30.56,-2.73
ANG S2 | BS0 h= +30.56 v=  -2.73 deg
A,2,1,-21.69,-3.59
ANG S2 | BS1 h= -21.69 v=  -3.59 deg
A,3,0,30.43,-2.81
ANG S3 | BS0 h= +30.43 v=  -2.81 deg
A,3,1,-21.71,-4.25
ANG S3 | BS1 h= -21.71 v=  -4.25 deg
C_RAW,1.3631,-1.7367,1.3991
C,1.3631,-1.7367,1.0405
O,0,0,8,48818,67397235
O,0,1,20,67257,67378606
O,0,1,20,32753,67392001
O,1,0,8,48616,67397202
O,1,0,9,85971,67383698
O,1,1,20,67364,67397770
O,2,0,8,85738,67403388
O,2,1,20,32408,67391944
O,2,1,20,67117,67359438
O,3,1,20,67005,67359420
O,3,0,9,48655,67357751
O,3,0,9,85718,67363931
O,0,1,20,67255,67397752
O,1,1,20,32624,67411125
O,2,0,8,48453,67416904
O,3,0,9,48655,67377481
O,0,1,20,67255,67416897
O,1,1,20,67365,67416915
O,2,0,8,85736,67423122
O,3,0,9,85719,67383658
O,0,0,8,48818,67416964
O,1,0,8,85970,67423156
O,2,0,8,48452,67436632
O,3,0,8,48654,67397208
O,0,1,20,32754,67430292
O,1,1,20,67366,67436061
O,2,0,8,85736,67442860
O,3,1,20,67005,67397710
O,0,1,20,67257,67436042
O,1,0,8,85969,67442891
O,2,1,20,32410,67449382
O,3,0,8,85717,67403385
O,0,1,20,32755,67449439
O,2,0,8,48452,67456361
O,3,1,20,67005,67416862
O,0,1,20,67257,67455188
O,1,0,8,48615,67456388
O,2,1,20,32410,67468527
O,3,0,8,85717,67423115
O,0,0,8,48816,67456421
O,1,1,20,32625,67468562
O,2,0,8,48454,67476090
Q,67479214,0,1.38123,-1.72906,1.39667
Q,67479214,1,1.37387,-1.76029,1.39810
Q,67479214,2,1.34554,-1.74425,1.40070
Q,67479214,3,1.34691,-1.72361,1.39461
A,0,0,31.05,-2.62
ANG S0 | BS0 h= +31.05 v=  -2.62 deg
A,0,1,-20.95,-4.15
ANG S0 | BS1 h= -20.95 v=  -4.15 deg
A,1,0,30.75,-1.92
ANG S1 | BS0 h= +30.75 v=  -1.92 deg
A,1,1,-20.99,-3.44
ANG S1 | BS1 h= -20.99 v=  -3.44 deg
A,2,0,30.35,-2.42
ANG S2 | BS0 h= +30.35 v=  -2.42 deg
A,2,1,-21.70,-3.58
ANG S2 | BS1 h= -21.70 v=  -3.58 deg
A,3,0,30.42,-2.81
ANG S3 | BS0 h= +30.42 v=  -2.81 deg
A,3,1,-21.71,-4.25
ANG S3 | BS1 h= -21.71 v=  -4.25 deg
C_RAW,1.3619,-1.7393,1.3975
C,1.3619,-1.7393,1.0385
O,0,0,8,48819,67495879
O,0,1,21,67258,67493479
O,0,0,8,85953,67482339
O,0,1,20,32755,67468584
O,1,0,8,48618,67495845
O,1,0,8,85971,67482342
O,1,1,21,67366,67493497
O,2,0,8,85738,67502032
O,2,1,21,32409,67487671
O,2,0,8,48454,67495818
O,3,0,8,85716,67462572
O,3,1,20,67007,67455147
O,3,0,8,48653,67436666
O,3,1,20,32538,67449403
O,1,0,8,85972,67502071
O,2,1,20,67118,67512603
O,3,1,20,67007,67474293
O,0,1,20,32755,67506874
O,1,1,20,67366,67512645
O,2,0,8,85736,67521767
O,3,0,8,48654,67476122
O,0,0,8,48816,67515607
O,1,0,8,85970,67521800
O,2,1,20,32410,67525964
O,3,1,21,32538,67487693
O,0,0,8,85951,67521797
O,1,1,20,67366,67531788
O,2,0,9,48453,67535277
O,3,0,8,48654,67495851
O,0,1,20,67257,67531770
O,1,0,9,85970,67541528
O,2,1,21,32407,67545109
O,3,0,8,85718,67502028
O,0,0,9,85953,67541525
O,1,1,21,32623,67545144
O,2,0,8,48455,67555006
O,3,1,20,67007,67512585
O,0,1,21,32753,67545165
O,1,1,21,67364,67550934
O,2,0,8,85739,67561223
O,3,0,8,85717,67521759
O,0,0,8,48820,67555065
O,1,0,8,85972,67561257
O,2,1,20,67115,67570037
O,3,1,20,32538,67525984
O,0,1,20,32754,67564311
O,1,1,20,67364,67570079
Q,67579451,0,1.38123,-1.72915,1.39655
Q,67579451,1,1.37387,-1.76030,1.39813
Q,67579451,2,1.34283,-1.74939,1.39828
Q,67579451,3,1.34693,-1.72374,1.39448
A,0,0,31.04,-2.62
ANG S0 | BS0 h= +31.04 v=  -2.62 deg
A,0,1,-20.95,-4.15
ANG S0 | BS1 h= -20.95 v=  -4.15 deg
A,1,0,30.75,-1.92
ANG S1 | BS0 h= +30.75 v=  -1.92 deg
A,1,1,-20.99,-3.44
ANG S1 | BS1 h= -20.99 v=  -3.44 deg
A,2,0,30.25,-2.27
ANG S2 | BS0 h= +30.25 v=  -2.27 deg
A,2,1,-21.72,-3.56
ANG S2 | BS1 h= -21.72 v=  -3.56 deg
A,3,0,30.42,-2.81
ANG S3 | BS0 h= +30.42 v=  -2.81 deg
A,3,1,-21.71,-4.25
ANG S3 | BS1 h= -21.71 v=  -4.25 deg
C_RAW,1.3612,-1.7406,1.3969
C,1.3612,-1.7406,1.0377
O,0,0,9,48817,67594523
O,0,0,8,85954,67580983
O,0,1,21,32753,67583456
O,1,1,21,32623,67583434
O,1,0,9,85968,67600715
O,1,1,21,67363,67589224
O,2,0,9,85737,67600676
O,2,1,21,32407,67583398
O,2,0,8,48454,67574734
O,3,0,8,85719,67561216
O,3,1,21,67004,67550875
O,3,0,9,48654,67535309
O,3,1,20,32537,67564274
O,0,0,9,85951,67600712
O,1,1,21,67364,67608369
O,2,0,8,48456,67614193
O,3,1,20,67005,67570020
O,0,0,8,48820,67614252
O,1,0,8,85972,67620444
O,2,1,21,32409,67621690
O,3,1,21,32536,67583420
O,0,0,8,85955,67620441
O,1,1,21,32624,67621724
O,2,0,9,48452,67633921
O,3,1,21,67004,67589164
O,0,1,21,32754,67621746
O,1,1,21,67365,67627514
O,2,1,20,32410,67640835
O,3,0,9,85717,67600673
O,0,0,9,48817,67633981
O,1,1,20,32625,67640870
O,2,1,20,67117,67646618
O,3,1,21,32536,67602565
O,0,1,20,32755,67640891
O,1,1,20,67366,67646660
O,2,0,8,48453,67653650
O,3,0,8,85720,67620404
O,0,0,8,48818,67653709
O,1,0,8,85970,67659902
O,2,1,20,67118,67665764
O,3,1,21,32538,67621710
O,0,0,8,85952,67659898
O,1,1,20,32626,67660015
O,2,0,8,48453,67673378
O,3,1,21,67006,67627456
O,0,1,20,32755,67660037
Q,67679955,0,1.38121,-1.72921,1.39653
Q,67679955,1,1.37388,-1.76029,1.39810
Q,67679955,2,1.34221,-1.75047,1.39783
Q,67679955,3,1.34688,-1.72371,1.39458
A,0,0,31.04,-2.62
ANG S0 | BS0 h= +31.04 v=  -2.62 deg
A,0,1,-20.95,-4.15
ANG S0 | BS1 h= -20.95 v=  -4.15 deg
A,1,0,30.75,-1.92
ANG S1 | BS0 h= +30.75 v=  -1.92 deg
A,1,1,-20.99,-3.44
ANG S1 | BS1 h= -20.99 v=  -3.44 deg
A,2,0,30.22,-2.24
ANG S2 | BS0 h= +30.22 v=  -2.24 deg
A,2,1,-21.72,-3.56
ANG S2 | BS1 h= -21.72 v=  -3.56 deg
A,3,0,30.42,-2.81
ANG S3 | BS0 h= +30.42 v=  -2.81 deg
A,3,1,-21.71,-4.25
ANG S3 | BS1 h= -21.71 v=  -4.25 deg
C_RAW,1.3610,-1.7409,1.3968
C,1.3610,-1.7409,1.0376
O,0,1,20,67258,67684933
O,0,0,8,85952,67679627
O,0,1,20,32753,67698328
O,1,0,8,48616,67673405
O,1,1,20,32624,67698307
O,1,0,9,85971,67699358
O,2,0,9,85739,67699319
O,2,0,9,48454,67693106
O,2,1,20,67116,67704055
O,3,0,8,85717,67659860
O,3,1,20,67006,67646602
O,3,1,20,32539,67660001
O,0,0,9,85953,67699355
O,2,1,21,32407,67717418
O,3,1,20,32539,67679146
O,0,0,8,48820,67712897
O,1,1,21,32623,67717452
O,2,1,21,67115,67723201
O,3,0,8,85717,67679589
O,0,1,21,32753,67717474
O,1,0,8,85973,67719087
O,2,0,8,85736,67679602
O,0,1,21,67256,67723224
O,1,0,9,48617,67732590
O,2,0,9,85740,67738787
O,3,0,9,85719,67699316
O,0,1,20,32754,67736620
O,1,0,9,85971,67738816
O,2,1,20,67117,67742346
O,3,1,20,67005,67704037
O,0,0,9,85954,67738813
O,1,0,8,48616,67752319
O,2,1,21,32408,67755708
O,3,1,21,32536,67717437
O,0,0,8,48818,67752354
O,1,0,8,85971,67758545
O,2,1,21,67116,67761492
O,3,0,8,85720,67719046
O,0,1,21,32754,67755764
O,1,1,21,67365,67761532
O,2,0,9,48454,67772022
O,3,0,9,48655,67732597
O,0,1,21,67257,67761516
Q,67780229,0,1.38121,-1.72923,1.39659
Q,67780229,1,1.37386,-1.76034,1.39814
Q,67780229,2,1.34105,-1.75261,1.39700
Q,67780229,3,1.34693,-1.72369,1.39457
A,0,0,31.04,-2.62
ANG S0 | BS0 h= +31.04 v=  -2.62 deg
A,0,1,-20.95,-4.15
ANG S0 | BS1 h= -20.95 v=  -4.15 deg
A,1,0,30.75,-1.91
ANG S1 | BS0 h= +30.75 v=  -1.91 deg
A,1,1,-20.99,-3.44
ANG S1 | BS1 h= -20.99 v=  -3.44 deg
A,2,0,30.18,-2.17
ANG S2 | BS0 h= +30.18 v=  -2.17 deg
A,2,1,-21.73,-3.55
ANG S2 | BS1 h= -21.73 v=  -3.55 deg
A,3,0,30.42,-2.81
ANG S3 | BS0 h= +30.42 v=  -2.81 deg
A,3,1,-21.71,-4.25
ANG S3 | BS1 h= -21.71 v=  -4.25 deg
C_RAW,1.3608,-1.7415,1.3966
C,1.3608,-1.7415,1.0373
O,0,0,9,85953,67797999
O,0,1,21,32753,67794055
O,1,0,9,48617,67791777
O,1,1,21,32624,67774888
O,1,0,9,85971,67798002
O,1,1,21,67364,67799823
O,2,0,8,85738,67758512
O,2,1,21,32407,67793997
O,2,0,9,85740,67738787
O,2,1,21,67115,67799782
O,3,0,8,85718,67758504
O,3,1,21,32538,67755728
O,3,0,9,48656,67772054
O,0,1,21,67256,67799805
O,1,1,21,32624,67813181
O,2,1,21,67116,67818927
O,3,0,9,85719,67778233
O,0,1,21,32754,67813201
O,1,0,9,85970,67817731
O,2,0,9,85739,67778239
O,3,1,21,67006,67780619
O,0,0,9,85952,67817728
O,1,0,9,48614,67831234
O,2,1,21,32408,67832289
O,3,1,21,32536,67794018
O,0,1,21,32754,67832345
O,1,0,9,85968,67837459
O,2,1,21,67117,67838076
O,3,0,9,85719,67797960
O,0,0,9,85951,67837456
O,2,0,9,48453,67850936
O,3,0,9,48655,67811512
O,1,0,9,85970,67857188
O,2,1,21,67116,67857218
O,3,0,9,85718,67817692
O,0,1,21,32754,67851491
O,1,1,21,67365,67857259
O,2,0,9,85738,67817699
O,3,1,21,67006,67818911
O,0,1,21,67257,67857241
O,1,1,21,32623,67870616
O,2,0,9,48453,67870665
O,3,0,9,85716,67837420
Q,67880408,0,1.38120,-1.72923,1.39661
Q,67880408,1,1.37382,-1.76037,1.39810
Q,67880408,2,1.55143,-1.23597,1.86628
Q,67880408,3,1.34693,-1.72369,1.39461
A,0,0,31.04,-2.62
ANG S0 | BS0 h= +31.04 v=  -2.62 deg
A,0,1,-20.95,-4.15
ANG S0 | BS1 h= -20.95 v=  -4.15 deg
A,1,0,30.75,-1.91
ANG S1 | BS0 h= +30.75 v=  -1.91 deg
A,1,1,-21.00,-3.44
ANG S1 | BS1 h= -21.00 v=  -3.44 deg
A,2,0,41.94,-19.60
ANG S2 | BS0 h= +41.94 v= -19.60 deg
A,2,1,-21.74,-3.54
ANG S2 | BS1 h= -21.74 v=  -3.54 deg
A,3,0,30.42,-2.81
ANG S3 | BS0 h= +30.42 v=  -2.81 deg
A,3,1,-21.71,-4.25
ANG S3 | BS1 h= -21.71 v=  -4.25 deg
C_RAW,1.4133,-1.6123,1.5139
C,1.4133,-1.6123,1.1884
O,0,0,8,48819,67890453
O,0,1,21,67256,67876388
O,0,0,8,85953,67896642
O,1,1,20,32624,67908905
O,1,0,8,85971,67896646
O,1,1,21,67365,67895550
O,2,0,8,48455,67890393
O,2,0,9,85738,67857154
O,3,0,9,85718,67857147
O,3,1,21,67006,67857199
O,3,0,9,48655,67850969
O,2,0,8,48454,67910121
O,3,1,21,67006,67876346
O,0,0,8,48819,67910182
O,2,0,8,85738,67916344
O,3,0,9,85718,67876876
O,0,1,20,67256,67914677
O,1,0,8,85971,67916374
O,2,0,9,48454,67929851
O,3,1,21,32537,67889746
O,0,1,21,32754,67928073
O,1,1,21,67365,67933841
O,2,0,9,85739,67936069
O,3,1,21,67006,67895490
O,0,0,9,48819,67929911
O,1,0,9,85971,67936103
O,2,1,21,32409,67947162
O,3,1,20,32537,67908891
O,0,0,9,85953,67936100
O,1,0,9,48616,67949606
O,2,0,9,85738,67955799
O,3,1,20,67006,67914638
O,0,0,9,48818,67949640
O,1,1,21,67367,67952986
O,2,1,20,67117,67914654
O,3,0,8,85718,67916335
O,0,0,9,85953,67955829
O,1,0,9,48616,67969335
O,2,1,20,67118,67972090
O,3,1,21,67006,67933782
Q,67980427,0,1.38118,-1.72921,1.39659
Q,67980427,1,1.37382,-1.76038,1.39810
Q,67980427,2,1.46056,-1.46844,1.62185
Q,67980427,3,1.34693,-1.72371,1.39461
A,0,0,31.04,-2.62
ANG S0 | BS0 h= +31.04 v=  -2.62 deg
A,0,1,-20.95,-4.15
ANG S0 | BS1 h= -20.95 v=  -4.15 deg
A,1,0,30.75,-1.91
ANG S1 | BS0 h= +30.75 v=  -1.91 deg
A,1,1,-21.00,-3.44
ANG S1 | BS1 h= -21.00 v=  -3.44 deg
A,2,0,36.18,-11.06
ANG S2 | BS0 h= +36.18 v= -11.06 deg
A,2,1,-21.74,-3.54
ANG S2 | BS1 h= -21.74 v=  -3.54 deg
A,3,0,30.42,-2.81
ANG S3 | BS0 h= +30.42 v=  -2.81 deg
A,3,1,-21.71,-4.25
ANG S3 | BS1 h= -21.71 v=  -4.25 deg
C_RAW,1.3906,-1.6704,1.4528
C,1.3906,-1.6704,1.1097
O,0,0,8,48819,67989097
O,0,1,20,67257,67972114
O,0,0,8,85953,67995286
O,0,1,21,32754,67985509
O,1,0,9,48618,68008792
O,1,0,8,85971,67995289
O,1,1,21,67365,67991277
O,2,0,8,48454,67989037
O,2,1,20,32408,68004597
O,2,0,8,85738,67995250
O,3,0,9,85718,67955791
O,3,1,21,67007,67952928
O,3,0,9,48655,67949613
O,2,1,20,67115,68010381
O,3,1,20,67007,67972073
O,0,0,9,48820,68008826
O,1,1,20,67364,68010423
O,2,0,9,85740,68014988
O,3,0,9,85718,67975520
O,0,1,20,67255,68010405
O,1,1,21,32624,68023778
O,3,0,8,48655,67989070
O,0,0,8,48820,68028555
O,1,1,21,67365,68029568
O,2,0,8,85739,68034713
O,3,1,21,67006,67991219
O,0,1,21,67257,68029550
O,1,0,8,85972,68034747
O,2,1,20,32409,68042889
O,3,0,9,48657,68008799
O,0,1,20,32754,68042945
O,1,0,8,48617,68048250
O,2,0,8,85738,68054442
O,0,0,8,48819,68048284
O,1,1,20,67365,68048713
O,2,1,21,32408,68062034
O,3,0,9,85720,68014978
O,0,1,21,32754,68062094
O,1,1,21,67365,68067859
O,2,0,9,48453,68067951
O,3,1,21,67006,68029508
O,0,1,21,67258,68067841
Q,68080665,0,1.38121,-1.72924,1.39658
Q,68080665,1,1.37383,-1.76033,1.39816
Q,68080665,2,1.41998,-1.56735,1.53344
Q,68080665,3,1.34695,-1.72367,1.39465
A,0,0,31.04,-2.62
ANG S0 | BS0 h= +31.04 v=  -2.62 deg
A,0,1,-20.95,-4.15
ANG S0 | BS1 h= -20.95 v=  -4.15 deg
A,1,0,30.75,-1.91
ANG S1 | BS0 h= +30.75 v=  -1.91 deg
A,1,1,-21.00,-3.44
ANG S1 | BS1 h= -21.00 v=  -3.44 deg
A,2,0,34.01,-7.84
ANG S2 | BS0 h= +34.01 v=  -7.84 deg
A,2,1,-21.74,-3.54
ANG S2 | BS1 h= -21.74 v=  -3.54 deg
A,3,0,30.43,-2.81
ANG S3 | BS0 h= +30.43 v=  -2.81 deg
A,3,1,-21.71,-4.25
ANG S3 | BS1 h= -21.71 v=  -4.25 deg
C_RAW,1.3805,-1.6951,1.4307
C,1.3805,-1.6951,1.0813
RUN: main loop
O,0,0,9,48817,68068012
O,0,1,20,67256,68086986
O,0,1,20,32755,68100381
O,1,0,8,48616,68087707
O,1,0,8,85970,68093933
O,1,1,20,67367,68106150
O,2,0,8,48452,68107409
O,2,1,20,32410,68100324
O,2,0,8,85736,68093894
O,3,0,8,85718,68054435
O,3,1,21,67006,68067800
O,3,0,8,48655,68048256
O,0,1,20,67257,68106132
O,1,0,8,48615,68107436
O,2,1,21,32407,68119471
O,3,0,9,85717,68074163
O,0,0,8,48817,68107469
O,1,1,21,32623,68119505
O,2,0,9,48454,68127138
O,3,1,20,67006,68086946
O,0,1,21,32753,68119527
O,1,1,21,67364,68125295
O,2,0,9,85738,68133356
O,3,0,8,48654,68087713
O,0,0,9,48819,68127198
O,1,0,9,85971,68133390
O,2,1,21,67116,68144399
O,3,1,20,67008,68106090
O,0,1,21,32754,68138672
O,1,1,21,67365,68144440
O,2,0,8,85739,68153085
O,3,0,8,48653,68107442
O,0,0,8,48820,68146927
O,1,0,8,85972,68153119
O,2,1,21,32409,68157761
O,3,1,21,32536,68119491
O,0,0,8,85955,68153116
O,1,1,21,67365,68163586
O,2,0,8,48455,68166596
O,3,1,21,67005,68125237
O,0,1,21,67258,68163568
O,1,0,8,48618,68166622
O,2,1,21,32407,68176907
Q,68180718,0,1.38123,-1.72923,1.39664
Q,68180718,1,1.37384,-1.76038,1.39815
Q,68180718,2,1.38203,-1.65728,1.46232
Q,68180718,3,1.34693,-1.72374,1.39460
A,0,0,31.04,-2.62
ANG S0 | BS0 h= +31.04 v=  -2.62 deg
A,0,1,-20.95,-4.15
ANG S0 | BS1 h= -20.95 v=  -4.15 deg
A,1,0,30.75,-1.91
ANG S1 | BS0 h= +30.75 v=  -1.91 deg
A,1,1,-21.00,-3.44
ANG S1 | BS1 h= -21.00 v=  -3.44 deg
A,2,0,32.12,-5.04
ANG S2 | BS0 h= +32.12 v=  -5.04 deg
A,2,1,-21.74,-3.54
ANG S2 | BS1 h= -21.74 v=  -3.54 deg
A,3,0,30.42,-2.81
ANG S3 | BS0 h= +30.42 v=  -2.81 deg
A,3,1,-21.71,-4.25
ANG S3 | BS1 h= -21.71 v=  -4.25 deg
C_RAW,1.3710,-1.7177,1.4129
C,1.3710,-1.7177,1.0584
O,0,0,8,48820,68186385
O,0,0,8,85955,68192574
O,0,1,21,32755,68196108
O,1,1,21,32624,68196086
O,1,0,8,85972,68192576
O,1,1,21,67365,68201876
O,2,0,8,48456,68206053
O,2,1,21,32409,68196051
O,2,0,8,85739,68192538
O,3,0,9,85719,68133349
O,3,1,21,67006,68163527
O,3,0,8,48656,68146899
O,3,1,21,32538,68157781
O,2,0,8,85740,68212267
O,3,0,8,85720,68172808
O,0,0,8,48820,68206113
O,1,1,20,32623,68215233
O,2,1,20,67115,68220980
O,3,1,21,32536,68176927
O,0,1,20,32754,68215253
O,1,1,20,67364,68221022
O,2,0,8,48453,68225783
O,3,0,8,48656,68186357
O,0,1,20,67256,68221004
O,1,0,8,85970,68232034
O,2,1,21,32409,68234342
O,3,1,21,32538,68196072
O,0,0,8,85952,68232033
O,1,1,21,32624,68234377
O,2,0,8,48452,68245511
O,3,1,21,67006,68201817
O,0,1,21,32754,68234400
O,1,1,21,67365,68240167
O,2,1,21,32408,68253486
O,3,0,8,85720,68212263
O,0,0,8,48816,68245571
O,1,1,21,32623,68253522
O,2,1,21,67116,68259271
O,3,1,20,32537,68215217
O,0,1,21,32754,68253544
O,1,1,21,67365,68259312
O,2,0,8,48454,68265240
O,3,0,8,48654,68225815
O,0,0,8,48819,68265299
O,1,0,8,85970,68271491
O,2,1,20,32408,68272633
Q,68280970,0,1.38123,-1.72918,1.39666
Q,68280970,1,1.37382,-1.76036,1.39819
Q,68280970,2,1.36707,-1.69205,1.43747
Q,68280970,3,1.34697,-1.72373,1.39466
A,0,0,31.05,-2.62
ANG S0 | BS0 h= +31.05 v=  -2.62 deg
A,0,1,-20.95,-4.15
ANG S0 | BS1 h= -20.95 v=  -4.15 deg
A,1,0,30.75,-1.91
ANG S1 | BS0 h= +30.75 v=  -1.91 deg
A,1,1,-21.00,-3.44
ANG S1 | BS1 h= -21.00 v=  -3.44 deg
A,2,0,31.41,-3.98
ANG S2 | BS0 h= +31.41 v=  -3.98 deg
A,2,1,-21.74,-3.54
ANG S2 | BS1 h= -21.74 v=  -3.54 deg
A,3,0,30.43,-2.81
ANG S3 | BS0 h= +30.43 v=  -2.81 deg
A,3,1,-21.71,-4.25
ANG S3 | BS1 h= -21.71 v=  -4.25 deg
C_RAW,1.3673,-1.7263,1.4067
C,1.3673,-1.7263,1.0504
O,0,0,8,48819,68285028
O,0,0,8,85954,68291217
O,0,1,20,32754,68291835
O,1,0,9,48616,68304723
O,1,1,20,32623,68291813
O,1,1,20,67364,68297603
O,2,0,9,48454,68304696
O,2,1,20,32408,68291777
O,2,1,20,67115,68297561
O,3,0,8,85715,68251722
O,3,1,21,67006,68259254
O,3,1,21,32538,68253508
O,2,0,9,85739,68310910
O,3,0,8,85717,68271450
O,0,0,9,85954,68310946
O,1,0,9,85972,68310949
O,3,1,20,32537,68272653
O,0,1,20,32752,68310980
O,1,1,20,67363,68316748
O,2,0,9,48455,68324426
O,3,0,8,85718,68291178
O,0,0,9,48820,68324486
O,1,1,20,32622,68330103
O,2,1,20,67115,68335852
O,3,1,20,32537,68291799
O,0,1,20,32753,68330125
O,1,0,9,85972,68330679
O,2,0,9,48453,68344155
O,3,1,20,67005,68297543
O,0,0,9,85955,68330675
O,1,1,21,32624,68349249
O,2,0,9,85737,68350370
O,3,0,9,85719,68310907
O,0,1,21,32755,68349271
O,1,0,9,85970,68350409
O,2,1,21,67116,68354997
O,3,1,20,32536,68310944
O,0,0,9,85952,68350404
O,1,1,21,67365,68355039
O,2,1,20,32409,68368360
O,3,1,20,32537,68330089
O,0,0,9,48819,68363943
O,1,0,9,85971,68370135
O,2,1,20,67117,68374143
Q,68381025,0,1.38123,-1.72918,1.39665
Q,68381025,1,1.37378,-1.76035,1.39819
Q,68381025,2,1.35730,-1.71451,1.42215
Q,68381025,3,1.34692,-1.72372,1.39459
A,0,0,31.05,-2.62
ANG S0 | BS0 h= +31.05 v=  -2.62 deg
A,0,1,-20.95,-4.15
ANG S0 | BS1 h= -20.95 v=  -4.15 deg
A,1,0,30.75,-1.91
ANG S1 | BS0 h= +30.75 v=  -1.91 deg
A,1,1,-21.00,-3.44
ANG S1 | BS1 h= -21.00 v=  -3.44 deg
A,2,0,30.95,-3.31
ANG S2 | BS0 h= +30.95 v=  -3.31 deg
A,2,1,-21.74,-3.54
ANG S2 | BS1 h= -21.74 v=  -3.54 deg
A,3,0,30.42,-2.81
ANG S3 | BS0 h= +30.42 v=  -2.81 deg
A,3,1,-21.71,-4.25
ANG S3 | BS1 h= -21.71 v=  -4.25 deg
C_RAW,1.3648,-1.7319,1.4029
C,1.3648,-1.7319,1.0455
O,0,0,8,48819,68403401
O,0,1,20,67257,68374166
O,0,0,8,85951,68389861
O,0,1,21,32754,68387561
O,1,1,21,32623,68387540
O,1,0,8,85969,68389864
O,1,1,21,67364,68393330
O,2,0,8,48453,68383614
O,2,1,20,32410,68406649
O,2,0,8,85735,68389825
O,2,1,21,67116,68393288
O,3,0,9,85717,68350365
O,3,1,21,67006,68354980
O,3,0,9,48657,68363916
O,1,0,8,85970,68409593
O,2,1,20,67117,68412434
O,3,0,9,85719,68370094
O,0,1,20,32755,68406707
O,2,0,9,48454,68423071
O,3,1,20,67006,68374126
O,0,1,20,67257,68412457
O,1,1,20,32624,68425834
O,2,0,9,85738,68429288
O,3,0,8,85716,68389822
O,0,1,20,32755,68425852
O,1,0,9,85971,68429321
O,2,1,20,67117,68431579
O,3,1,21,67006,68393270
O,0,0,9,85954,68429319
O,1,0,8,48618,68442825
O,2,1,21,32409,68444942
O,3,1,20,32539,68406671
O,0,1,21,32755,68444998
O,1,0,8,85972,68449054
O,2,1,21,67116,68450724
O,3,0,8,85717,68409551
O,0,0,8,85955,68449047
O,1,1,21,67365,68450766
O,2,0,8,48456,68462528
O,3,0,9,48657,68423103
O,0,1,21,67257,68450748
O,1,1,21,32622,68464121
O,2,1,21,67114,68469871
O,3,0,9,85719,68429281
O,0,1,21,32753,68464143
O,1,0,8,85973,68468779
Q,68481350,0,1.38124,-1.72918,1.39655
Q,68481350,1,1.37380,-1.76032,1.39820
Q,68481350,2,1.35100,-1.72899,1.41254
Q,68481350,3,1.34695,-1.72364,1.39454
A,0,0,31.04,-2.62
ANG S0 | BS0 h= +31.04 v=  -2.62 deg
A,0,1,-20.95,-4.15
ANG S0 | BS1 h= -20.95 v=  -4.15 deg
A,1,0,30.75,-1.91
ANG S1 | BS0 h= +30.75 v=  -1.91 deg
A,1,1,-21.00,-3.44
ANG S1 | BS1 h= -21.00 v=  -3.44 deg
A,2,0,30.66,-2.87
ANG S2 | BS0 h= +30.66 v=  -2.87 deg
A,2,1,-21.74,-3.54
ANG S2 | BS1 h= -21.74 v=  -3.54 deg
A,3,0,30.42,-2.81
ANG S3 | BS0 h= +30.42 v=  -2.81 deg
A,3,1,-21.71,-4.25
ANG S3 | BS1 h= -21.71 v=  -4.25 deg
C_RAW,1.3632,-1.7355,1.4005
C,1.3632,-1.7355,1.0423
O,0,1,20,67255,68489039
O,0,0,9,85953,68488505
O,0,1,20,32754,68502434
O,1,0,9,48616,68482283
O,1,0,9,85971,68488508
O,1,1,20,67363,68508202
O,2,0,9,85738,68508198
O,2,1,20,32408,68502376
O,2,1,20,67114,68489015
O,3,0,8,85720,68468738
O,3,1,21,67006,68450707
O,3,0,8,48656,68462560
O,1,0,9,85971,68508237
O,2,0,8,85739,68468745
O,3,1,21,67004,68469853
O,0,0,9,85954,68508234
O,1,1,20,32624,68521557
O,2,0,9,48452,68521713
O,3,1,20,32537,68483252
O,0,0,9,48817,68521774
O,1,1,20,67365,68527347
O,2,0,9,85736,68527927
O,3,0,9,85719,68488466
O,0,1,20,67257,68527329
O,1,0,9,85968,68527981
O,2,0,8,48454,68541443
O,3,0,9,48657,68502018
O,0,0,9,85951,68527967
O,1,1,20,67365,68546493
O,2,0,8,85736,68547661
O,3,1,20,67004,68508142
O,0,0,8,48819,68541503
O,1,0,8,85970,68547694
O,2,1,20,67114,68508160
O,3,1,20,32539,68521543
O,0,0,8,85953,68547691
O,1,1,20,32622,68559848
O,2,1,20,67115,68565597
O,3,1,20,67006,68527289
O,0,0,8,48819,68561231
O,2,0,8,85737,68567399
O,3,0,9,85716,68527924
Q,68581572,0,1.38120,-1.72919,1.39657
Q,68581572,1,1.37378,-1.76034,1.39828
Q,68581572,2,1.34689,-1.73824,1.40654
Q,68581572,3,1.34696,-1.72356,1.39464
A,0,0,31.04,-2.62
ANG S0 | BS0 h= +31.04 v=  -2.62 deg
A,0,1,-20.95,-4.15
ANG S0 | BS1 h= -20.95 v=  -4.15 deg
A,1,0,30.75,-1.91
ANG S1 | BS0 h= +30.75 v=  -1.91 deg
A,1,1,-21.00,-3.44
ANG S1 | BS1 h= -21.00 v=  -3.44 deg
A,2,0,30.47,-2.60
ANG S2 | BS0 h= +30.47 v=  -2.60 deg
A,2,1,-21.74,-3.54
ANG S2 | BS1 h= -21.74 v=  -3.54 deg
A,3,0,30.43,-2.81
ANG S3 | BS0 h= +30.43 v=  -2.81 deg
A,3,1,-21.71,-4.25
ANG S3 | BS1 h= -21.71 v=  -4.25 deg
C_RAW,1.3622,-1.7378,1.3990
C,1.3622,-1.7378,1.0405
O,0,0,9,48817,68600688
O,0,1,20,67256,68565624
O,0,0,9,85953,68587148
O,0,1,20,32753,68579016
O,1,1,20,32622,68598139
O,1,0,9,85971,68587151
O,2,0,9,48454,68580900
O,2,0,9,85735,68606841
O,2,1,20,67114,68603888
O,3,0,8,85717,68547653
O,3,1,20,67005,68565580
O,3,0,8,48655,68561204
O,0,1,20,67255,68603911
O,1,0,9,85968,68606880
O,2,1,21,32406,68617251
O,3,1,20,32537,68578980
O,0,1,21,32752,68617306
O,1,0,8,48617,68620387
O,2,0,8,85737,68626578
O,3,1,20,67004,68584726
O,0,0,8,48819,68620419
O,1,1,21,67362,68623074
O,2,1,20,67114,68584742
O,3,0,9,85719,68587109
O,0,0,8,85953,68626607
O,1,1,20,32623,68636429
O,2,1,20,67114,68642178
O,3,0,9,48654,68600661
O,0,0,9,48818,68640146
O,1,1,20,67363,68642219
O,2,0,9,85737,68646304
O,3,1,20,67004,68603869
O,0,1,20,67255,68642203
O,1,0,9,85970,68646337
O,2,0,9,48451,68659815
O,3,0,8,48655,68620392
O,0,1,20,32753,68655596
O,2,0,9,85735,68666033
O,3,1,21,67003,68623015
O,0,0,9,48816,68659874
O,1,0,9,85967,68666066
O,2,1,20,32408,68674685
O,3,0,8,85718,68626570
Q,68682131,0,1.38113,-1.72917,1.39666
Q,68682131,1,1.37372,-1.76027,1.39825
Q,68682131,2,1.34422,-1.74420,1.40282
Q,68682131,3,1.34693,-1.72361,1.39461
A,0,0,31.04,-2.62
ANG S0 | BS0 h= +31.04 v=  -2.62 deg
A,0,1,-20.96,-4.15
ANG S0 | BS1 h= -20.96 v=  -4.15 deg
A,1,0,30.75,-1.92
ANG S1 | BS0 h= +30.75 v=  -1.92 deg
A,1,1,-21.00,-3.44
ANG S1 | BS1 h= -21.00 v=  -3.44 deg
A,2,0,30.35,-2.42
ANG S2 | BS0 h= +30.35 v=  -2.42 deg
A,2,1,-21.74,-3.54
ANG S2 | BS1 h= -21.74 v=  -3.54 deg
A,3,0,30.43,-2.81
ANG S3 | BS0 h= +30.43 v=  -2.81 deg
A,3,1,-21.71,-4.25
ANG S3 | BS1 h= -21.71 v=  -4.25 deg
C_RAW,1.3615,-1.7393,1.3981
C,1.3615,-1.7393,1.0393
O,0,0,9,48819,68699332
O,0,1,20,67256,68680492
O,0,1,20,32753,68693887
O,1,0,9,48616,68699298
O,1,0,8,85969,68685795
O,2,0,9,85737,68705485
O,2,1,20,67114,68699614
O,3,0,9,85717,68646297
O,3,1,20,67004,68661306
O,3,0,9,48652,68659847
O,2,1,21,32408,68712975
O,3,0,9,85716,68666025
O,0,0,9,85953,68705521
O,1,1,21,67365,68718802
O,2,0,8,48456,68719000
O,3,0,8,48653,68679576
O,1,0,8,48618,68719027
O,2,0,8,85738,68725220
O,3,0,8,85716,68685755
O,0,0,8,48820,68719061
O,1,0,8,85972,68725256
O,2,0,9,48454,68738729
O,3,0,9,48656,68699305
O,0,1,21,32754,68732183
O,1,1,21,67365,68737946
O,2,0,9,85738,68744949
O,3,1,20,67004,68699596
O,0,1,21,67258,68737929
O,1,0,9,85971,68744981
O,2,1,21,32409,68751267
O,3,1,21,32538,68712997
O,0,1,21,32755,68751324
O,1,1,21,67365,68757092
O,2,0,9,48453,68758459
O,3,0,8,48656,68719033
O,0,1,21,67258,68757074
O,1,0,9,48616,68758485
O,2,1,21,32407,68770413
O,3,0,8,85719,68725212
O,0,0,9,48819,68758518
O,1,1,21,32622,68770447
O,2,0,8,48452,68778187
Q,68782245,0,1.38118,-1.72923,1.39661
Q,68782245,1,1.37370,-1.76028,1.39818
Q,68782245,2,1.34197,-1.74930,1.39967
Q,68782245,3,1.34688,-1.72362,1.39453
A,0,0,31.04,-2.62
ANG S0 | BS0 h= +31.04 v=  -2.62 deg
A,0,1,-20.95,-4.15
ANG S0 | BS1 h= -20.95 v=  -4.15 deg
A,1,0,30.75,-1.92
ANG S1 | BS0 h= +30.75 v=  -1.92 deg
A,1,1,-21.00,-3.44
ANG S1 | BS1 h= -21.00 v=  -3.44 deg
A,2,0,30.25,-2.27
ANG S2 | BS0 h= +30.25 v=  -2.27 deg
A,2,1,-21.75,-3.54
ANG S2 | BS1 h= -21.75 v=  -3.54 deg
A,3,0,30.42,-2.81
ANG S3 | BS0 h= +30.42 v=  -2.81 deg
A,3,1,-21.71,-4.25
ANG S3 | BS1 h= -21.71 v=  -4.25 deg
C_RAW,1.3609,-1.7406,1.3972
C,1.3609,-1.7406,1.0382
O,0,0,9,48818,68797976
O,0,1,21,67256,68795365
O,0,0,8,85951,68784436
O,0,1,21,32753,68770469
O,1,0,9,48616,68797942
O,1,0,8,85969,68784440
O,1,1,21,67363,68795383
O,2,0,9,48453,68797915
O,2,1,21,32407,68789557
O,2,0,9,85737,68804129
O,3,0,9,85718,68764669
O,3,1,21,67006,68757033
O,3,0,9,48657,68738762
O,3,1,21,32539,68751288
O,1,0,9,85969,68804167
O,2,1,20,67114,68814487
O,3,1,21,67005,68776179
O,0,1,20,32752,68808760
O,1,1,20,67363,68814528
O,2,0,9,85737,68823863
O,3,0,8,48653,68778220
O,0,0,9,48819,68817704
O,1,0,9,85970,68823896
O,2,1,21,67114,68833632
O,3,1,21,32538,68789579
O,0,1,21,32753,68827906
O,1,1,21,67364,68833674
O,2,0,9,48453,68837374
O,3,0,9,48655,68797949
O,0,1,21,67256,68833656
O,1,0,9,85970,68843625
O,2,1,21,32408,68846994
O,3,0,9,85717,68804125
O,0,0,9,85953,68843622
O,1,1,21,32623,68847029
O,2,0,8,48453,68857102
O,3,1,20,67004,68814470
O,0,1,21,32754,68847051
O,1,0,8,48615,68857128
O,2,0,8,85736,68863320
O,3,0,9,85718,68823856
O,0,0,8,48818,68857162
O,1,1,20,32621,68866175
O,2,1,20,67114,68871923
O,3,1,21,32538,68827877
O,0,1,20,32753,68866196
O,1,1,20,67363,68871965
Q,68882727,0,1.38115,-1.72921,1.39661
Q,68882727,1,1.37366,-1.76031,1.39818
Q,68882727,2,1.34075,-1.75193,1.39802
Q,68882727,3,1.34690,-1.72358,1.39451
A,0,0,31.04,-2.62
ANG S0 | BS0 h= +31.04 v=  -2.62 deg
A,0,1,-20.96,-4.15
ANG S0 | BS1 h= -20.96 v=  -4.15 deg
A,1,0,30.75,-1.92
ANG S1 | BS0 h= +30.75 v=  -1.92 deg
A,1,1,-21.00,-3.44
ANG S1 | BS1 h= -21.00 v=  -3.44 deg
A,2,0,30.19,-2.19
ANG S2 | BS0 h= +30.19 v=  -2.19 deg
A,2,1,-21.75,-3.54
ANG S2 | BS1 h= -21.75 v=  -3.54 deg
A,3,0,30.42,-2.81
ANG S3 | BS0 h= +30.42 v=  -2.81 deg
A,3,1,-21.71,-4.26
ANG S3 | BS1 h= -21.71 v=  -4.26 deg
C_RAW,1.3606,-1.7413,1.3968
C,1.3606,-1.7413,1.0377
O,0,0,9,48818,68896619
O,0,0,9,85952,68902808
O,0,1,21,32754,68885342
O,1,1,21,32623,68885320
O,1,0,9,85970,68902811
O,1,1,21,67363,68891110
O,2,0,8,48455,68876836
O,2,1,21,32407,68885286
O,2,0,9,85737,68902772
O,2,1,20,67116,68910214
O,3,0,8,85717,68863313
O,3,1,21,67006,68852761
O,3,0,9,48655,68837406
O,3,1,20,32537,68866165
O,2,0,8,48454,68916290
O,3,1,20,67004,68871906
O,0,1,20,67257,68910237
O,1,0,8,85971,68922540
O,2,1,21,32408,68923576
O,3,0,8,85718,68883042
O,0,0,8,85954,68922537
O,1,1,21,32623,68923611
O,3,1,21,67004,68891050
O,0,1,21,32754,68923632
O,1,1,21,67365,68929401
O,2,0,8,85735,68942235
O,3,0,9,85717,68902769
O,0,0,8,48817,68936077
O,1,1,20,32624,68942758
O,2,1,20,67116,68948505
O,3,1,20,32539,68904451
O,0,0,8,85951,68942266
O,2,0,8,48454,68955750
O,3,1,20,67005,68910196
O,0,0,8,48819,68955806
O,1,1,21,32621,68961901
O,2,0,8,85736,68961959
O,3,1,21,32538,68923597
O,0,1,21,32752,68961923
O,1,0,8,85970,68961997
O,3,1,21,67006,68929342
O,0,0,8,85953,68961995
O,1,1,21,67362,68967691
Q,68982886,0,1.38114,-1.72924,1.39657
Q,68982886,1,1.37364,-1.76029,1.39821
Q,68982886,2,1.34015,-1.75325,1.39715
Q,68982886,3,1.34690,-1.72358,1.39449
A,0,0,31.04,-2.62
ANG S0 | BS0 h= +31.04 v=  -2.62 deg
A,0,1,-20.95,-4.15
ANG S0 | BS1 h= -20.95 v=  -4.15 deg
A,1,0,30.75,-1.92
ANG S1 | BS0 h= +30.75 v=  -1.92 deg
A,1,1,-21.00,-3.44
ANG S1 | BS1 h= -21.00 v=  -3.44 deg
A,2,0,30.16,-2.15
ANG S2 | BS0 h= +30.16 v=  -2.15 deg
A,2,1,-21.75,-3.54
ANG S2 | BS1 h= -21.75 v=  -3.54 deg
A,3,0,30.42,-2.81
ANG S3 | BS0 h= +30.42 v=  -2.81 deg
A,3,1,-21.71,-4.26
ANG S3 | BS1 h= -21.71 v=  -4.26 deg
C_RAW,1.3605,-1.7416,1.3966
C,1.3605,-1.7416,1.0374
O,0,0,8,48819,68995263
O,0,1,21,32754,69000213
O,1,1,21,32623,69000192
O,1,0,8,85970,69001455
O,1,1,20,67363,68986836
O,2,0,8,48454,68995202
O,2,0,8,85736,69001416
O,2,1,21,67114,69005940
O,3,0,8,85717,68961955
O,3,1,21,67004,68967633
O,3,1,20,32539,68942742
O,0,0,8,85953,69001452
O,1,1,21,67364,69005982
O,2,1,20,32408,69019303
O,3,1,20,32538,68981032
O,0,0,8,48817,69014992
O,1,0,8,85969,69021183
O,2,1,20,67114,69025086
O,3,0,9,85717,68981684
O,0,1,20,32753,69019360
O,1,1,20,67363,69025127
O,2,0,8,48454,69034660
O,3,0,8,48655,68995236
O,0,1,20,67256,69025109
O,1,1,20,32623,69038482
O,2,1,20,67115,69044231
O,3,0,8,85717,69001412
O,0,1,20,32754,69038504
O,1,0,8,85970,69040912
O,2,0,8,85736,69001416
O,3,1,21,67005,69005922
O,1,0,8,48616,69054415
O,2,1,20,32409,69057593
O,3,1,20,32537,69019323
O,0,1,20,32754,69057650
O,1,0,8,85970,69060640
O,2,1,20,67117,69063376
O,3,0,8,85716,69021142
O,0,0,8,85953,69060638
O,2,0,8,48454,69074118
O,3,0,8,48655,69034695
O,0,1,20,67257,69063400
Q,69083172,0,1.38114,-1.72926,1.39659
Q,69083172,1,1.37364,-1.76027,1.39819
Q,69083172,2,1.34003,-1.75351,1.39695
Q,69083172,3,1.34689,-1.72357,1.39444
A,0,0,31.04,-2.62
ANG S0 | BS0 h= +31.04 v=  -2.62 deg
A,0,1,-20.95,-4.15
ANG S0 | BS1 h= -20.95 v=  -4.15 deg
A,1,0,30.75,-1.92
ANG S1 | BS0 h= +30.75 v=  -1.92 deg
A,1,1,-21.00,-3.44
ANG S1 | BS1 h= -21.00 v=  -3.44 deg
A,2,0,30.16,-2.14
ANG S2 | BS0 h= +30.16 v=  -2.14 deg
A,2,1,-21.75,-3.54
ANG S2 | BS1 h= -21.75 v=  -3.54 deg
A,3,0,30.42,-2.81
ANG S3 | BS0 h= +30.42 v=  -2.81 deg
A,3,1,-21.71,-4.26
ANG S3 | BS1 h= -21.71 v=  -4.26 deg
C_RAW,1.3604,-1.7417,1.3965
C,1.3604,-1.7417,1.0373
RUN: main loop
O,0,0,8,48818,69093906
O,0,0,8,85953,69100095
O,0,1,21,32754,69095941
O,1,1,21,32623,69076773
O,1,0,8,85970,69100098
O,1,1,21,67364,69101709
O,2,0,8,85736,69040882
O,2,1,21,32407,69095883
O,2,0,8,85736,69060606
O,2,1,21,67114,69101668
O,3,0,8,85717,69060599
O,3,1,20,67006,69063359
O,3,0,8,48654,69054421
O,1,0,8,48617,69113601
O,2,1,21,32407,69115029
O,3,0,8,85718,69080329
O,0,1,21,32753,69115086
O,1,0,8,85971,69119827
O,2,1,21,67114,69120813
O,3,1,21,67006,69082505
O,0,0,8,85954,69119824
O,1,1,21,67363,69120855
O,2,1,21,32407,69134175
O,3,0,8,48654,69093879
O,0,0,8,48818,69133364
O,1,0,8,85970,69139556
O,2,1,21,67114,69139958
O,3,0,8,85717,69100056
O,0,1,21,32753,69134232
O,2,0,8,85736,69100059
O,3,1,21,67005,69101649
O,0,1,21,67256,69139982
O,1,0,8,48616,69153059
O,2,0,8,85737,69159245
O,3,0,8,85718,69119787
O,0,1,21,32754,69153377
O,1,1,21,67364,69159145
O,2,0,8,85738,69119795
O,3,1,21,67004,69120796
O,0,1,21,67256,69159127
O,1,1,21,32623,69172500
O,2,0,8,48454,69172761
O,3,0,8,85717,69139515
O,0,0,8,48818,69172821
Q,69183651,0,1.38114,-1.72925,1.39663
Q,69183651,1,1.37367,-1.76028,1.39818
Q,69183651,2,1.55082,-1.23659,1.86582
Q,69183651,3,1.34688,-1.72364,1.39446
A,0,0,31.04,-2.62
ANG S0 | BS0 h= +31.04 v=  -2.62 deg
A,0,1,-20.96,-4.15
ANG S0 | BS1 h= -20.96 v=  -4.15 deg
A,1,0,30.75,-1.92
ANG S1 | BS0 h= +30.75 v=  -1.92 deg
A,1,1,-21.00,-3.44
ANG S1 | BS1 h= -21.00 v=  -3.44 deg
A,2,0,41.92,-19.58
ANG S2 | BS0 h= +41.92 v= -19.58 deg
A,2,1,-21.75,-3.54
ANG S2 | BS1 h= -21.75 v=  -3.54 deg
A,3,0,30.42,-2.81
ANG S3 | BS0 h= +30.42 v=  -2.81 deg
A,3,1,-21.71,-4.25
ANG S3 | BS1 h= -21.71 v=  -4.25 deg
C_RAW,1.4131,-1.6124,1.5138
C,1.4131,-1.6124,1.1883
O,0,0,8,48819,69192550
O,0,1,21,67256,69197418
O,0,0,8,85953,69179011
O,1,0,8,48616,69192516
O,1,0,8,85971,69198742
O,1,1,21,67363,69197436
O,2,0,8,85737,69198703
O,2,0,8,48455,69212218
O,3,0,8,85717,69159242
O,3,1,21,67004,69159093
O,3,0,8,48655,69153065
O,3,1,21,32538,69172486
O,0,1,21,32753,69210813
O,1,1,21,67363,69216583
O,2,0,8,85738,69218441
O,3,1,21,67006,69178232
O,0,0,8,48819,69212279
O,1,0,8,85971,69218474
O,2,1,20,32408,69229902
O,3,1,21,32537,69191632
O,0,0,8,85954,69218469
O,1,0,8,48616,69231974
O,2,0,8,85737,69238167
O,3,1,21,67004,69197376
O,0,0,8,48819,69232008
O,1,1,20,67363,69235727
O,3,0,8,85717,69198700
O,0,1,20,67256,69235709
O,1,1,20,32624,69249082
O,2,0,8,48452,69251677
O,3,0,8,48655,69212252
O,0,0,8,48817,69251737
O,1,1,20,67365,69254872
O,2,0,8,85735,69257898
O,3,1,21,67004,69216524
O,0,1,20,67256,69254854
O,1,0,8,85969,69257928
O,2,1,21,32408,69268193
O,3,1,20,32538,69229922
O,0,1,21,32754,69268249
O,1,0,8,48617,69271433
O,2,0,8,85737,69277624
Q,69283687,0,1.38115,-1.72922,1.39667
Q,69283687,1,1.37368,-1.76026,1.39818
Q,69283687,2,1.46006,-1.46878,1.62175
Q,69283687,3,1.34687,-1.72361,1.39447
A,0,0,31.04,-2.62
ANG S0 | BS0 h= +31.04 v=  -2.62 deg
A,0,1,-20.96,-4.15
ANG S0 | BS1 h= -20.96 v=  -4.15 deg
A,1,0,30.75,-1.92
ANG S1 | BS0 h= +30.75 v=  -1.92 deg
A,1,1,-21.00,-3.44
ANG S1 | BS1 h= -21.00 v=  -3.44 deg
A,2,0,36.17,-11.05
ANG S2 | BS0 h= +36.17 v= -11.05 deg
A,2,1,-21.75,-3.54
ANG S2 | BS1 h= -21.75 v=  -3.54 deg
A,3,0,30.42,-2.81
ANG S3 | BS0 h= +30.42 v=  -2.81 deg
A,3,1,-21.71,-4.25
ANG S3 | BS1 h= -21.71 v=  -4.25 deg
C_RAW,1.3904,-1.6705,1.4528
C,1.3904,-1.6705,1.1097
O,0,0,8,48820,69291194
O,0,1,21,67257,69274000
O,0,0,8,85954,69297383
O,0,1,20,32753,69287394
O,1,0,8,48618,69310889
O,1,1,20,32622,69287373
O,1,0,8,85972,69297386
O,1,1,21,67364,69274017
O,2,0,8,85738,69297347
O,2,1,20,32408,69306482
O,2,1,20,67114,69312266
O,3,0,8,85716,69257888
O,3,1,20,67005,69254814
O,3,0,8,48653,69251709
O,3,1,21,67006,69273959
O,0,0,8,48820,69310923
O,1,1,20,67363,69312308
O,2,0,8,85738,69317084
O,3,0,8,85717,69277616
O,0,1,20,67255,69312290
O,1,1,21,32622,69325663
O,2,1,21,67114,69331412
O,3,0,8,48655,69291167
O,0,1,21,32753,69325685
O,1,1,21,67363,69331453
O,2,0,9,85738,69336820
O,0,1,21,67256,69331435
O,1,0,9,85971,69336844
O,2,1,21,32408,69344774
O,3,0,8,48656,69310896
O,0,1,21,32754,69344830
O,1,0,8,48616,69350347
O,2,0,8,85737,69356539
O,3,1,20,67004,69312248
O,0,0,8,48819,69350381
O,1,0,8,85971,69356573
O,2,1,21,32409,69363919
O,3,0,8,85719,69317075
O,0,1,21,32755,69363976
O,1,1,21,67365,69369744
O,2,0,8,48453,69370049
O,3,1,21,67004,69331395
O,0,1,21,67258,69369727
O,1,0,8,48615,69370076
Q,69383717,0,1.38119,-1.72920,1.39667
Q,69383717,1,1.37369,-1.76030,1.39826
Q,69383717,2,1.43799,-1.52296,1.57203
Q,69383717,3,1.34687,-1.72361,1.39449
A,0,0,31.04,-2.62
ANG S0 | BS0 h= +31.04 v=  -2.62 deg
A,0,1,-20.95,-4.15
ANG S0 | BS1 h= -20.95 v=  -4.15 deg
A,1,0,30.75,-1.91
ANG S1 | BS0 h= +30.75 v=  -1.91 deg
A,1,1,-21.00,-3.44
ANG S1 | BS1 h= -21.00 v=  -3.44 deg
A,2,0,34.96,-9.26
ANG S2 | BS0 h= +34.96 v=  -9.26 deg
A,2,1,-21.75,-3.54
ANG S2 | BS1 h= -21.75 v=  -3.54 deg
A,3,0,30.42,-2.81
ANG S3 | BS0 h= +30.42 v=  -2.81 deg
A,3,1,-21.71,-4.25
ANG S3 | BS1 h= -21.71 v=  -4.25 deg
C_RAW,1.3849,-1.6840,1.4404
C,1.3849,-1.6840,1.0937
O,0,0,9,48819,69389838
O,0,1,20,67258,69388872
O,0,1,20,32755,69402267
O,1,0,9,48616,69389804
O,1,1,20,32624,69383100
O,1,1,20,67366,69388890
O,2,0,9,85737,69395991
O,2,1,20,32410,69402210
O,2,0,8,48453,69409506
O,3,0,8,85717,69356532
O,3,1,21,67006,69369686
O,3,0,8,48654,69350353
O,1,0,8,48615,69409533
O,2,0,8,85735,69415720
O,3,0,8,48654,69370082
O,0,0,8,48818,69409567
O,2,1,20,67117,69427140
O,3,1,20,67007,69388832
O,0,1,20,32754,69421414
O,2,0,9,48453,69429235
O,3,0,9,48655,69389811
O,0,1,20,67257,69427163
O,1,0,9,85969,69435487
O,2,1,21,32408,69440502
O,3,0,9,85718,69395988
O,0,0,9,85952,69435484
O,1,1,21,67365,69446327
O,2,0,8,48454,69448965
O,3,1,20,67006,69407975
O,0,1,21,67257,69446309
O,1,0,8,48616,69448990
O,2,1,20,32406,69459647
O,3,0,8,85716,69415717
O,0,0,8,48819,69449024
O,1,1,20,32621,69459682
O,2,1,20,67113,69465430
O,3,1,20,67005,69427122
O,0,1,20,32752,69459704
O,1,1,20,67362,69465473
O,2,0,9,85738,69474911
O,3,0,9,85717,69435446
O,0,0,9,48819,69468754
Q,69483862,0,1.38119,-1.72925,1.39664
Q,69483862,1,1.37368,-1.76036,1.39821
Q,69483862,2,1.39188,-1.63346,1.48035
Q,69483862,3,1.34687,-1.72362,1.39450
A,0,0,31.04,-2.62
ANG S0 | BS0 h= +31.04 v=  -2.62 deg
A,0,1,-20.95,-4.15
ANG S0 | BS1 h= -20.95 v=  -4.15 deg
A,1,0,30.75,-1.91
ANG S1 | BS0 h= +30.75 v=  -1.91 deg
A,1,1,-21.00,-3.44
ANG S1 | BS1 h= -21.00 v=  -3.44 deg
A,2,0,32.61,-5.77
ANG S2 | BS0 h= +32.61 v=  -5.77 deg
A,2,1,-21.75,-3.54
ANG S2 | BS1 h= -21.75 v=  -3.54 deg
A,3,0,30.42,-2.81
ANG S3 | BS0 h= +30.42 v=  -2.81 deg
A,3,1,-21.71,-4.25
ANG S3 | BS1 h= -21.71 v=  -4.25 deg
C_RAW,1.3734,-1.7117,1.4174
C,1.3734,-1.7117,1.0642
O,0,1,20,67256,69484601
O,0,0,9,85954,69494671
O,0,1,20,32752,69497994
O,1,1,20,32621,69497972
O,1,0,9,85971,69494673
O,1,1,20,67363,69503762
O,2,0,8,85736,69514363
O,2,1,20,32408,69497936
O,2,0,8,48453,69508150
O,2,1,20,67115,69484578
O,3,0,8,85717,69455175
O,3,1,20,67003,69465413
O,3,0,8,48654,69448997
O,3,1,21,32538,69440522
O,3,0,9,85718,69474904
O,0,0,8,48818,69508210
O,1,0,8,85970,69514402
O,2,1,20,67114,69522867
O,3,1,20,32538,69478813
O,0,1,20,32752,69517139
O,1,1,20,67362,69522909
O,2,0,8,48455,69527880
O,3,0,9,48656,69488454
O,0,0,8,48819,69527939
O,1,0,8,85971,69534131
O,2,1,20,32407,69536228
O,3,1,20,32537,69497958
O,0,0,8,85953,69534128
O,1,1,20,32622,69536263
O,2,0,8,48453,69547608
O,3,1,20,67003,69503702
O,0,1,20,32752,69536284
O,1,0,8,48615,69547634
O,2,1,20,32408,69555373
O,3,0,8,85717,69514360
O,0,0,8,85951,69553857
O,1,1,20,32622,69555408
O,2,1,20,67114,69561156
O,3,1,20,32537,69517106
O,0,1,20,32754,69555430
O,1,1,20,67363,69561198
O,2,0,8,48455,69567337
O,3,1,20,67003,69522853
O,0,0,8,48819,69567396
O,1,0,8,85971,69573596
O,2,1,21,32409,69574519
O,3,1,20,32536,69536248
Q,69584428,0,1.38116,-1.72922,1.39664
Q,69584428,1,1.37363,-1.76032,1.39830
Q,69584428,2,1.38170,-1.65733,1.46235
Q,69584428,3,1.34683,-1.72354,1.39457
A,0,0,31.04,-2.62
ANG S0 | BS0 h= +31.04 v=  -2.62 deg
A,0,1,-20.96,-4.15
ANG S0 | BS1 h= -20.96 v=  -4.15 deg
A,1,0,30.75,-1.91
ANG S1 | BS0 h= +30.75 v=  -1.91 deg
A,1,1,-21.00,-3.44
ANG S1 | BS1 h= -21.00 v=  -3.44 deg
A,2,0,32.11,-5.04
ANG S2 | BS0 h= +32.11 v=  -5.04 deg
A,2,1,-21.75,-3.54
ANG S2 | BS1 h= -21.75 v=  -3.54 deg
A,3,0,30.42,-2.81
ANG S3 | BS0 h= +30.42 v=  -2.81 deg
A,3,1,-21.71,-4.26
ANG S3 | BS1 h= -21.71 v=  -4.26 deg
C_RAW,1.3708,-1.7176,1.4130
C,1.3708,-1.7176,1.0584
O,0,0,8,48819,69587125
O,0,0,8,85954,69593314
O,0,1,20,32753,69593720
O,1,1,20,32622,69593699
O,1,0,8,85971,69593317
O,1,1,21,67365,69580343
O,2,0,8,85738,69613007
O,2,1,20,32408,69593663
O,2,0,8,48454,69606793
O,2,1,20,67115,69599447
O,3,0,8,85717,69573547
O,3,1,20,67004,69561139
O,3,1,20,32537,69555394
O,0,0,8,48819,69606854
O,1,0,8,85971,69613046
O,2,1,20,67114,69618593
O,3,1,21,32538,69574539
O,0,1,20,32754,69612866
O,1,1,20,67363,69618634
O,2,0,8,48452,69626523
O,3,1,21,67006,69580285
O,0,0,8,48817,69626583
O,1,1,21,32621,69631989
O,2,0,8,85735,69632737
O,3,1,20,32537,69593685
O,0,1,21,32752,69632012
O,1,0,8,85969,69632774
O,2,1,21,67114,69637744
O,3,1,20,67005,69599429
O,0,0,8,85951,69632771
O,1,0,8,48613,69646277
O,2,0,8,85734,69652468
O,3,1,20,32537,69612830
O,0,1,20,32754,69651157
O,1,0,8,85967,69652503
O,2,1,20,67115,69656883
O,3,0,8,85718,69613003
O,0,0,8,85950,69652500
O,2,0,9,48452,69665980
O,3,0,8,48653,69626555
O,0,0,9,48817,69666040
O,1,1,20,32622,69670280
O,2,1,20,67114,69676029
O,3,0,8,85716,69632734
O,0,1,20,32753,69670302
Q,69684647,0,1.38112,-1.72927,1.39654
Q,69684647,1,1.37360,-1.76039,1.39825
Q,69684647,2,1.36138,-1.70453,1.42876
Q,69684647,3,1.34683,-1.72363,1.39457
A,0,0,31.04,-2.62
ANG S0 | BS0 h= +31.04 v=  -2.62 deg
A,0,1,-20.96,-4.15
ANG S0 | BS1 h= -20.96 v=  -4.15 deg
A,1,0,30.75,-1.91
ANG S1 | BS0 h= +30.75 v=  -1.91 deg
A,1,1,-21.00,-3.44
ANG S1 | BS1 h= -21.00 v=  -3.44 deg
A,2,0,31.15,-3.61
ANG S2 | BS0 h= +31.15 v=  -3.61 deg
A,2,1,-21.75,-3.54
ANG S2 | BS1 h= -21.75 v=  -3.54 deg
A,3,0,30.42,-2.81
ANG S3 | BS0 h= +30.42 v=  -2.81 deg
A,3,1,-21.71,-4.25
ANG S3 | BS1 h= -21.71 v=  -4.25 deg
C_RAW,1.3657,-1.7295,1.4045
C,1.3657,-1.7295,1.0476
O,0,0,8,48818,69705497
O,0,0,9,85953,69691957
O,0,1,20,32755,69689447
O,1,0,9,48616,69685736
O,1,1,20,32624,69708571
O,1,0,9,85971,69691960
O,1,1,20,67366,69695216
O,2,1,20,32409,69708535
O,2,0,9,85738,69691921
O,2,1,20,67117,69714320
O,3,0,9,85716,69672191
O,3,1,20,67005,69656866
O,3,0,9,48653,69666012
O,0,1,20,32754,69708593
O,1,0,8,85971,69711689
O,2,0,9,85735,69672197
O,3,1,20,67004,69676012
O,0,0,8,85953,69711686
O,1,0,8,48619,69725192
O,2,1,21,32408,69727683
O,3,0,9,85718,69691918
O,0,1,21,32754,69727739
O,1,0,8,85974,69731418
O,2,1,21,67116,69733465
O,3,1,20,67006,69695156
O,0,0,8,85955,69731415
O,1,1,21,67365,69733507
O,2,1,20,32409,69746827
O,3,0,8,48654,69705470
O,0,0,8,48819,69744955
O,1,0,8,85972,69751147
O,2,1,20,67116,69752611
O,3,0,8,85717,69711647
O,0,1,20,32754,69746884
O,1,1,20,67365,69752652
O,2,0,8,85737,69711650
O,3,0,8,48657,69725199
O,1,0,9,48615,69764650
O,3,0,8,85720,69731377
O,0,1,21,32754,69766029
O,1,0,9,85968,69770876
O,2,0,8,85739,69731385
O,3,1,21,67006,69733448
Q,69785128,0,1.38115,-1.72927,1.39663
Q,69785128,1,1.37367,-1.76036,1.39822
Q,69785128,2,1.56161,-1.20814,1.89880
Q,69785128,3,1.34683,-1.72361,1.39455
A,0,0,31.04,-2.62
ANG S0 | BS0 h= +31.04 v=  -2.62 deg
A,0,1,-20.96,-4.15
ANG S0 | BS1 h= -20.96 v=  -4.15 deg
A,1,0,30.75,-1.91
ANG S1 | BS0 h= +30.75 v=  -1.91 deg
A,1,1,-21.00,-3.44
ANG S1 | BS1 h= -21.00 v=  -3.44 deg
A,2,0,42.71,-20.75
ANG S2 | BS0 h= +42.71 v= -20.75 deg
A,2,1,-21.75,-3.54
ANG S2 | BS1 h= -21.75 v=  -3.54 deg
A,3,0,30.42,-2.81
ANG S3 | BS0 h= +30.42 v=  -2.81 deg
A,3,1,-21.71,-4.25
ANG S3 | BS1 h= -21.71 v=  -4.25 deg
C_RAW,1.4158,-1.6053,1.5221
C,1.4158,-1.6053,1.1989
O,0,1,20,67255,69790925
O,0,0,8,85952,69790601
O,0,1,21,32754,69804320
O,1,0,8,48616,69804107
O,1,0,8,85970,69790605
O,1,1,21,67364,69810088
O,2,0,8,85736,69810294
O,2,1,21,32408,69804262
O,2,0,8,85739,69751113
O,2,1,20,67114,69790901
O,3,0,9,85717,69770835
O,3,1,20,67005,69752594
O,3,1,20,32538,69746848
O,3,1,21,67004,69771738
O,0,1,21,67255,69810070
O,1,0,8,85970,69810333
O,2,0,8,48455,69823809
O,3,0,8,48654,69784385
O,0,0,8,85952,69810330
O,1,1,21,67362,69829233
O,2,0,8,85738,69830023
O,3,0,8,85717,69790564
O,0,0,8,48820,69823870
O,1,0,8,85971,69830062
O,2,0,8,85736,69790573
O,3,0,8,48654,69804114
O,0,0,8,85954,69830059
O,1,1,21,32622,69842588
O,2,1,21,67114,69848337
O,3,1,21,67004,69810028
O,0,0,8,48818,69843598
O,1,1,21,67363,69848378
O,2,0,8,85738,69849757
O,3,0,8,85717,69810291
O,0,1,21,67255,69848360
O,1,1,21,32623,69861734
O,2,0,8,48453,69863268
O,3,0,8,48655,69823842
O,0,0,8,48818,69863327
O,1,1,21,67364,69867524
O,2,0,8,85736,69869484
O,3,1,21,67004,69829175
O,0,1,21,67256,69867506
O,1,0,8,85970,69869519
O,2,1,21,32408,69880844
Q,69885738,0,1.38114,-1.72919,1.39666
Q,69885738,1,1.37363,-1.76031,1.39819
Q,69885738,2,1.57970,-1.15996,1.95620
Q,69885738,3,1.34683,-1.72363,1.39451
A,0,0,31.04,-2.62
ANG S0 | BS0 h= +31.04 v=  -2.62 deg
A,0,1,-20.96,-4.15
ANG S0 | BS1 h= -20.96 v=  -4.15 deg
A,1,0,30.75,-1.92
ANG S1 | BS0 h= +30.75 v=  -1.92 deg
A,1,1,-21.00,-3.44
ANG S1 | BS1 h= -21.00 v=  -3.44 deg
A,2,0,44.11,-22.81
ANG S2 | BS0 h= +44.11 v= -22.81 deg
A,2,1,-21.75,-3.54
ANG S2 | BS1 h= -21.75 v=  -3.54 deg
A,3,0,30.42,-2.81
ANG S3 | BS0 h= +30.42 v=  -2.81 deg
A,3,1,-21.71,-4.25
ANG S3 | BS1 h= -21.71 v=  -4.25 deg
C_RAW,1.4203,-1.5933,1.5364
C,1.4203,-1.5933,1.2174
O,0,0,8,48819,69902785
O,0,1,21,67256,69886651
O,0,1,21,32754,69900046
O,1,0,8,48615,69883022
O,1,1,21,32623,69900024
O,1,0,8,85971,69908977
O,1,1,21,67364,69905814
O,2,0,8,48454,69902724
O,2,1,21,67114,69848337
O,2,0,8,85738,69908938
O,3,0,8,85717,69849749
O,3,1,21,67005,69867465
O,3,0,8,48653,69863300
O,3,1,21,32536,69842574
O,2,1,21,32407,69919136
O,3,0,8,85716,69869478
O,0,0,8,85953,69908974
O,2,1,21,67114,69924918
O,3,1,21,67005,69886611
O,0,0,9,48818,69922515
O,1,1,21,67363,69924960
O,2,0,9,85737,69928672
O,3,0,8,85716,69889207
O,0,1,21,67255,69924942
O,1,1,20,32624,69938315
O,2,1,20,67117,69944064
O,3,0,8,48655,69902757
O,0,0,8,48819,69942242
O,1,1,20,67365,69944106
O,2,0,8,85738,69948401
O,3,1,21,67005,69905755
O,0,1,20,67257,69944087
O,1,0,8,85971,69948434
O,2,1,21,32409,69957426
O,3,0,9,48654,69922489
O,0,1,21,32754,69957482
O,1,0,8,48618,69961937
O,2,0,8,85738,69968129
O,3,1,21,67004,69924901
O,0,0,8,48820,69961972
O,1,1,21,67364,69963250
O,2,1,20,32407,69976571
O,3,0,9,85717,69928664
O,0,1,21,67256,69963232
O,1,0,8,48618,69981666
Q,69986125,0,1.38116,-1.72919,1.39664
Q,69986125,1,1.37367,-1.76028,1.39819
Q,69986125,2,1.54233,-1.25910,1.84014
Q,69986125,3,1.34681,-1.72366,1.39449
A,0,0,31.04,-2.62
ANG S0 | BS0 h= +31.04 v=  -2.62 deg
A,0,1,-20.96,-4.15
ANG S0 | BS1 h= -20.96 v=  -4.15 deg
A,1,0,30.75,-1.92
ANG S1 | BS0 h= +30.75 v=  -1.92 deg
A,1,1,-21.00,-3.44
ANG S1 | BS1 h= -21.00 v=  -3.44 deg
A,2,0,41.31,-18.67
ANG S2 | BS0 h= +41.31 v= -18.67 deg
A,2,1,-21.75,-3.54
ANG S2 | BS1 h= -21.75 v=  -3.54 deg
A,3,0,30.42,-2.81
ANG S3 | BS0 h= +30.42 v=  -2.81 deg
A,3,1,-21.71,-4.25
ANG S3 | BS1 h= -21.71 v=  -4.25 deg
C_RAW,1.4110,-1.6181,1.5074
C,1.4110,-1.6181,1.1800
O,0,0,9,48820,70001429
O,0,1,20,67255,69982378
O,0,1,21,32754,69995773
O,1,0,9,48618,70001395
O,1,0,8,85972,69987893
O,1,1,21,67365,70001541
O,2,1,21,32409,70014861
O,2,0,9,85738,70007582
O,2,1,20,67114,69982355
O,3,0,8,85718,69968122
O,3,1,21,67005,69963191
O,3,0,8,48655,69961946
O,0,1,21,67257,70001523
O,1,1,21,67365,70020687
O,2,0,9,48453,70021099
O,3,0,8,48655,69981674
O,0,1,21,67257,70020669
O,1,0,9,48616,70021124
O,2,0,9,85737,70027316
O,3,0,8,85719,69987852
O,0,0,9,48819,70021160
O,1,0,9,85970,70027349
O,2,0,9,48454,70040827
O,3,0,9,48657,70001402
O,0,1,21,32754,70034064
O,1,0,9,48616,70040853
O,2,0,9,85737,70047044
O,3,1,21,67006,70001481
O,0,0,9,48818,70040886
O,1,0,9,85970,70047078
O,2,1,20,32409,70053153
O,3,1,21,67006,70020629
O,0,1,20,32754,70053210
O,1,1,20,67365,70058980
O,2,0,9,85737,70066773
O,3,0,9,48655,70021131
O,0,1,20,67257,70058961
O,1,0,9,85970,70066807
O,2,1,20,32409,70072299
O,3,0,9,85718,70027309
O,0,0,9,85952,70066804
O,2,0,8,48455,70080284
Q,70086609,0,1.38116,-1.72921,1.39660
Q,70086609,1,1.37368,-1.76026,1.39822
Q,70086609,2,1.45452,-1.48261,1.60875
Q,70086609,3,1.34684,-1.72364,1.39458
A,0,0,31.04,-2.62
ANG S0 | BS0 h= +31.04 v=  -2.62 deg
A,0,1,-20.95,-4.15
ANG S0 | BS1 h= -20.95 v=  -4.15 deg
A,1,0,30.75,-1.92
ANG S1 | BS0 h= +30.75 v=  -1.92 deg
A,1,1,-21.00,-3.44
ANG S1 | BS1 h= -21.00 v=  -3.44 deg
A,2,0,35.86,-10.59
ANG S2 | BS0 h= +35.86 v= -10.59 deg
A,2,1,-21.75,-3.54
ANG S2 | BS1 h= -21.75 v=  -3.54 deg
A,3,0,30.42,-2.81
ANG S3 | BS0 h= +30.42 v=  -2.81 deg
A,3,1,-21.71,-4.25
ANG S3 | BS1 h= -21.71 v=  -4.25 deg
C_RAW,1.3891,-1.6739,1.4495
C,1.3891,-1.6739,1.1055
RUN: main loop
O,0,0,8,48819,70080344
O,0,1,21,67256,70097251
O,0,0,9,85953,70106261
O,0,1,21,32753,70091501
O,1,0,8,48618,70080310
O,1,1,20,32624,70110624
O,1,0,9,85971,70106264
O,1,1,21,67364,70097269
O,2,1,20,32409,70110589
O,2,0,9,85738,70106225
O,3,0,9,85717,70066766
O,3,1,20,67005,70058923
O,3,0,9,48655,70060588
O,2,0,9,48452,70119743
O,3,1,20,67005,70078065
O,0,1,20,32754,70110646
O,1,0,9,48614,70119769
O,2,0,9,85736,70125960
O,3,0,8,85718,70086495
O,0,0,9,48817,70119802
O,1,0,9,85968,70125993
O,2,1,20,67116,70135520
O,3,1,21,67005,70097209
O,0,1,20,32754,70129791
O,1,1,20,67365,70135562
O,2,0,8,85735,70145688
O,3,0,9,48656,70100045
O,0,0,8,48818,70139530
O,1,0,8,85969,70145722
O,2,1,21,32408,70148881
O,3,1,20,32538,70110610
O,0,0,8,85952,70145719
O,1,1,21,67364,70154705
O,2,0,8,48455,70159199
O,3,0,9,48654,70119776
O,0,1,21,67256,70154687
O,1,0,8,85971,70165450
O,2,1,21,32407,70168027
O,3,0,9,85716,70125953
O,0,0,8,85953,70165447
O,1,1,21,32622,70168060
O,2,0,8,48454,70178928
O,3,1,20,67005,70135503
O,0,1,21,32753,70168082
Q,70186988,0,1.38115,-1.72920,1.39660
Q,70186988,1,1.37369,-1.76031,1.39820
Q,70186988,2,1.41575,-1.57689,1.52555
Q,70186988,3,1.34684,-1.72362,1.39453
A,0,0,31.04,-2.62
ANG S0 | BS0 h= +31.04 v=  -2.62 deg
A,0,1,-20.96,-4.15
ANG S0 | BS1 h= -20.96 v=  -4.15 deg
A,1,0,30.75,-1.91
ANG S1 | BS0 h= +30.75 v=  -1.91 deg
A,1,1,-21.00,-3.44
ANG S1 | BS1 h= -21.00 v=  -3.44 deg
A,2,0,33.80,-7.54
ANG S2 | BS0 h= +33.80 v=  -7.54 deg
A,2,1,-21.75,-3.54
ANG S2 | BS1 h= -21.75 v=  -3.54 deg
A,3,0,30.42,-2.81
ANG S3 | BS0 h= +30.42 v=  -2.81 deg
A,3,1,-21.71,-4.25
ANG S3 | BS1 h= -21.71 v=  -4.25 deg
C_RAW,1.3794,-1.6975,1.4287
C,1.3794,-1.6975,1.0787
O,0,0,8,48819,70178987
O,0,1,21,67256,70192978
O,0,0,9,85954,70204905
O,0,1,20,32752,70206373
O,1,0,8,48616,70178955
O,1,1,20,32621,70206351
O,1,0,9,85971,70204908
O,1,1,21,67363,70192996
O,2,0,9,48455,70198655
O,2,1,20,32407,70206315
O,2,1,20,67114,70212100
O,3,0,8,85717,70165409
O,3,1,21,67006,70154647
O,3,1,21,32537,70168047
O,2,0,9,48455,70218384
O,3,0,8,48655,70178960
O,0,0,9,48820,70218445
O,1,0,9,85972,70224637
O,2,1,20,67115,70231245
O,3,1,21,32536,70187191
O,0,0,9,85954,70224634
O,2,0,8,48452,70238114
O,3,1,21,67004,70192938
O,0,1,20,32753,70225518
O,1,0,8,85969,70244366
O,2,1,20,32409,70244608
O,3,0,9,85719,70204866
O,0,0,8,85951,70244364
O,1,1,20,32624,70244642
O,2,1,20,67117,70250394
O,3,1,20,67003,70212081
O,0,1,20,32755,70244664
O,1,1,20,67366,70250434
O,2,0,9,85737,70264055
O,3,0,9,85720,70224597
O,0,0,9,48819,70257902
O,1,0,9,85970,70264094
O,2,1,21,67117,70269537
O,3,1,20,32537,70225484
O,0,0,9,85952,70264091
O,1,1,21,67365,70269580
O,2,0,8,48455,70277571
O,3,0,8,85716,70244325
Q,70287018,0,1.38115,-1.72916,1.39662
Q,70287018,1,1.37371,-1.76035,1.39821
Q,70287018,2,1.40120,-1.61154,1.49741
Q,70287018,3,1.34681,-1.72360,1.39457
A,0,0,31.04,-2.62
ANG S0 | BS0 h= +31.04 v=  -2.62 deg
A,0,1,-20.96,-4.15
ANG S0 | BS1 h= -20.96 v=  -4.15 deg
A,1,0,30.75,-1.91
ANG S1 | BS0 h= +30.75 v=  -1.91 deg
A,1,1,-21.00,-3.44
ANG S1 | BS1 h= -21.00 v=  -3.44 deg
A,2,0,33.07,-6.45
ANG S2 | BS0 h= +33.07 v=  -6.45 deg
A,2,1,-21.75,-3.54
ANG S2 | BS1 h= -21.75 v=  -3.54 deg
A,3,0,30.42,-2.81
ANG S3 | BS0 h= +30.42 v=  -2.81 deg
A,3,1,-21.71,-4.25
ANG S3 | BS1 h= -21.71 v=  -4.25 deg
C_RAW,1.3757,-1.7062,1.4217
C,1.3757,-1.7062,1.0697
O,0,0,8,48819,70277632
O,0,0,9,85953,70303549
O,0,1,21,32754,70302100
O,1,0,9,48617,70297326
O,1,0,9,85971,70303552
O,1,1,21,67364,70307869
O,2,0,9,48454,70297299
O,2,0,9,85738,70303513
O,2,1,21,67115,70307827
O,3,0,9,85718,70264053
O,3,1,20,67006,70250373
O,3,1,21,32538,70263773
O,2,0,9,48452,70317028
O,3,0,8,48655,70277604
O,0,0,9,48817,70317089
O,1,0,9,85968,70323283
O,2,1,21,67114,70326972
O,3,0,8,85719,70283781
O,0,1,21,32753,70321246
O,1,1,21,67363,70327014
O,2,0,9,48453,70336758
O,3,1,20,67006,70288665
O,0,1,21,67255,70326996
O,1,1,20,32622,70340369
O,2,0,9,85737,70342975
O,3,0,9,85719,70303510
O,0,1,20,32754,70340391
O,1,0,9,85970,70343009
O,2,1,20,67115,70346118
O,3,1,21,67005,70307809
O,0,0,9,85953,70343006
O,1,0,9,48614,70356512
O,2,1,20,32409,70359480
O,3,1,21,32537,70321211
O,0,1,20,32754,70359536
O,1,0,9,85968,70362737
O,2,1,20,67115,70365263
O,3,0,9,85716,70323242
O,0,0,9,85951,70362735
O,2,1,21,32408,70378625
O,3,0,9,48655,70336790
O,0,1,20,67256,70365286
O,1,0,8,85971,70382466
Q,70387032,0,1.38112,-1.72917,1.39662
Q,70387032,1,1.37368,-1.76035,1.39820
Q,70387032,2,1.37965,-1.66232,1.45867
Q,70387032,3,1.34684,-1.72362,1.39453
A,0,0,31.04,-2.62
ANG S0 | BS0 h= +31.04 v=  -2.62 deg
A,0,1,-20.96,-4.15
ANG S0 | BS1 h= -20.96 v=  -4.15 deg
A,1,0,30.75,-1.91
ANG S1 | BS0 h= +30.75 v=  -1.91 deg
A,1,1,-21.00,-3.44
ANG S1 | BS1 h= -21.00 v=  -3.44 deg
A,2,0,32.01,-4.89
ANG S2 | BS0 h= +32.01 v=  -4.89 deg
A,2,1,-21.75,-3.54
ANG S2 | BS1 h= -21.75 v=  -3.54 deg
A,3,0,30.42,-2.81
ANG S3 | BS0 h= +30.42 v=  -2.81 deg
A,3,1,-21.71,-4.25
ANG S3 | BS1 h= -21.71 v=  -4.25 deg
C_RAW,1.3703,-1.7189,1.4120
C,1.3703,-1.7189,1.0572
O,0,1,21,67257,70384432
O,0,0,9,85953,70402192
O,0,1,20,32754,70397826
O,1,0,9,48616,70395969
O,1,0,9,85971,70402195
O,1,1,21,67364,70384449
O,2,0,8,48454,70415671
O,2,1,20,32409,70397769
O,2,0,9,85737,70342975
O,2,1,20,67116,70403553
O,3,0,9,85716,70362697
O,3,1,20,67004,70365246
O,3,0,8,48655,70376247
O,0,1,20,67257,70403577
O,1,0,8,85971,70421927
O,2,1,21,67115,70422702
O,3,0,8,85718,70382425
O,0,1,21,32754,70416972
O,1,1,21,67364,70422740
O,2,0,8,85738,70382433
O,3,1,21,67005,70384391
O,0,1,21,67256,70422725
O,1,0,8,48616,70435427
O,2,1,20,32409,70436059
O,3,0,9,85719,70402153
O,0,1,20,32754,70436117
O,1,0,8,85971,70441653
O,2,1,20,67116,70441844
O,0,0,8,85953,70441650
O,1,0,9,48617,70455156
O,2,1,20,32409,70455205
O,3,0,8,48654,70415705
O,0,0,9,48820,70455189
O,1,1,20,67365,70461031
O,2,0,9,85738,70461344
O,3,0,8,85717,70421884
O,0,1,20,32754,70455262
O,1,0,9,85971,70461381
O,2,0,8,85737,70421892
O,3,0,8,48655,70435433
O,0,0,9,85954,70461378
O,1,0,8,48616,70474885
O,2,0,8,85738,70481078
O,3,0,8,85718,70441612
Q,70487313,0,1.38116,-1.72917,1.39661
Q,70487313,1,1.37370,-1.76033,1.39826
Q,70487313,2,1.56685,-1.19437,1.91502
Q,70487313,3,1.34684,-1.72363,1.39454
A,0,0,31.04,-2.62
ANG S0 | BS0 h= +31.04 v=  -2.62 deg
A,0,1,-20.96,-4.15
ANG S0 | BS1 h= -20.96 v=  -4.15 deg
A,1,0,30.75,-1.91
ANG S1 | BS0 h= +30.75 v=  -1.91 deg
A,1,1,-21.00,-3.44
ANG S1 | BS1 h= -21.00 v=  -3.44 deg
A,2,0,43.10,-21.33
ANG S2 | BS0 h= +43.10 v= -21.33 deg
A,2,1,-21.74,-3.54
ANG S2 | BS1 h= -21.74 v=  -3.54 deg
A,3,0,30.42,-2.81
ANG S3 | BS0 h= +30.42 v=  -2.81 deg
A,3,1,-21.71,-4.25
ANG S3 | BS1 h= -21.71 v=  -4.25 deg
C_RAW,1.4171,-1.6019,1.5261
C,1.4171,-1.6019,1.2041
O,0,0,9,48817,70494647
O,0,1,21,67257,70499304
O,0,0,9,85951,70500836
O,1,1,21,32623,70512677
O,1,0,9,85968,70500839
O,1,1,21,67364,70499322
O,2,0,9,85735,70500800
O,2,1,21,32407,70512641
O,2,0,9,48452,70494586
O,2,1,21,67114,70518426
O,3,1,20,67006,70460972
O,3,1,21,32538,70474372
O,3,1,21,67006,70480118
O,0,0,9,48818,70514376
O,1,1,21,67364,70518467
O,2,0,9,85737,70520538
O,3,0,8,85718,70481070
O,0,1,21,67256,70518449
O,1,1,21,32623,70531822
O,2,0,9,48452,70534045
O,3,0,9,48653,70494620
O,0,0,9,48816,70534104
O,1,1,21,67364,70537612
O,2,0,9,85735,70540261
O,3,1,21,67005,70499262
O,0,1,21,67256,70537595
O,1,0,9,85968,70540296
O,2,0,8,48452,70553773
O,3,1,21,32538,70512663
O,0,1,21,32754,70550990
O,1,0,8,48614,70553799
O,2,0,8,85734,70559992
O,3,1,21,67004,70518407
O,0,0,8,48817,70553834
O,1,1,21,67364,70556758
O,2,1,21,67114,70518426
O,3,0,9,85717,70520528
O,0,0,8,85951,70560022
O,1,0,9,48617,70573528
O,3,1,21,67004,70537554
O,0,0,9,48820,70573562
Q,70587676,0,1.38113,-1.72924,1.39652
Q,70587676,1,1.37368,-1.76038,1.39816
Q,70587676,2,1.47073,-1.44235,1.64698
Q,70587676,3,1.34685,-1.72368,1.39450
A,0,0,31.04,-2.62
ANG S0 | BS0 h= +31.04 v=  -2.62 deg
A,0,1,-20.95,-4.15
ANG S0 | BS1 h= -20.95 v=  -4.15 deg
A,1,0,30.75,-1.91
ANG S1 | BS0 h= +30.75 v=  -1.91 deg
A,1,1,-21.00,-3.44
ANG S1 | BS1 h= -21.00 v=  -3.44 deg
A,2,0,36.77,-11.95
ANG S2 | BS0 h= +36.77 v= -11.95 deg
A,2,1,-21.75,-3.54
ANG S2 | BS1 h= -21.75 v=  -3.54 deg
A,3,0,30.42,-2.81
ANG S3 | BS0 h= +30.42 v=  -2.81 deg
A,3,1,-21.71,-4.25
ANG S3 | BS1 h= -21.71 v=  -4.25 deg
C_RAW,1.3931,-1.6639,1.4590
C,1.3931,-1.6639,1.1178
O,0,0,8,48820,70593291
O,0,1,20,67257,70595031
O,0,0,8,85956,70599480
O,1,0,8,48618,70612986
O,1,1,20,32624,70589259
O,1,0,8,85973,70599483
O,1,1,20,67366,70595049
O,2,0,8,85739,70599444
O,2,1,21,32409,70608368
O,2,1,21,67116,70614153
O,3,0,8,85716,70559984
O,3,1,21,67004,70556699
O,3,0,9,48657,70573534
O,0,0,8,48820,70613020
O,1,1,21,67365,70614194
O,2,0,8,85738,70619173
O,3,0,9,85719,70579712
O,0,1,21,67257,70614176
O,1,0,8,85972,70619212
O,2,1,21,67116,70633298
O,3,0,8,48656,70593263
O,0,1,21,32754,70627573
O,1,1,21,67365,70633341
O,2,0,8,85738,70638907
O,3,1,20,67006,70594989
O,0,1,21,67257,70633322
O,1,0,8,85971,70638941
O,2,1,20,32409,70646661
O,3,0,8,48655,70612992
O,0,0,8,85954,70638938
O,1,0,9,48615,70652444
O,2,0,9,85736,70658635
O,3,1,21,67006,70614134
O,0,1,20,32755,70646717
O,1,1,20,67365,70652485
O,2,1,20,32409,70665806
O,3,0,8,85719,70619170
O,0,1,20,67257,70652467
O,1,1,20,67365,70671632
O,2,0,9,48451,70672146
O,3,0,8,48655,70632721
O,0,1,20,67257,70671617
O,1,0,9,48614,70672173
O,2,0,9,85735,70678365
Q,70687978,0,1.38121,-1.72920,1.39662
Q,70687978,1,1.37372,-1.76036,1.39821
Q,70687978,2,1.44699,-1.50111,1.59162
Q,70687978,3,1.34689,-1.72362,1.39458
A,0,0,31.04,-2.62
ANG S0 | BS0 h= +31.04 v=  -2.62 deg
A,0,1,-20.95,-4.15
ANG S0 | BS1 h= -20.95 v=  -4.15 deg
A,1,0,30.75,-1.91
ANG S1 | BS0 h= +30.75 v=  -1.91 deg
A,1,1,-21.00,-3.44
ANG S1 | BS1 h= -21.00 v=  -3.44 deg
A,2,0,35.44,-9.98
ANG S2 | BS0 h= +35.44 v=  -9.98 deg
A,2,1,-21.75,-3.54
ANG S2 | BS1 h= -21.75 v=  -3.54 deg
A,3,0,30.42,-2.81
ANG S3 | BS0 h= +30.42 v=  -2.81 deg
A,3,1,-21.71,-4.25
ANG S3 | BS1 h= -21.71 v=  -4.25 deg
C_RAW,1.3872,-1.6786,1.4453
C,1.3872,-1.6786,1.1000
O,0,0,8,48816,70691934
O,0,1,20,67257,70690758
O,0,1,20,32753,70704153
O,1,0,8,48616,70711629
O,1,1,20,32622,70704131
O,1,0,8,85967,70698126
O,1,1,20,67365,70690776
O,2,0,8,85737,70717816
O,2,1,20,32408,70704096
O,2,0,8,48454,70711602
O,3,0,9,85717,70658628
O,3,1,20,67006,70671574
O,3,0,9,48654,70652450
O,3,0,9,48652,70672179
O,0,0,8,48819,70711663
O,1,0,8,85970,70717854
O,2,1,21,32408,70723249
O,3,1,20,32539,70684972
O,0,1,21,32754,70723298
O,2,0,8,48455,70731334
O,3,0,8,48653,70691907
O,0,1,21,67257,70729049
O,1,0,8,48618,70731358
O,2,1,21,32408,70742387
O,3,0,8,85715,70698084
O,0,0,8,85955,70737580
O,1,1,21,32623,70742422
O,2,0,8,48455,70751062
O,3,1,20,67004,70709861
O,0,1,21,32754,70742444
O,1,0,8,48618,70751087
O,2,0,8,85738,70757282
O,3,0,8,85717,70717812
O,0,0,8,48819,70751120
O,1,0,8,85972,70757312
O,2,1,20,67114,70767315
O,3,1,21,32538,70723262
O,0,1,20,32753,70761589
O,1,1,20,67363,70767357
O,2,0,8,48456,70770790
O,3,0,8,48655,70731364
O,0,1,20,67255,70767339
O,1,0,8,85972,70777041
O,2,1,20,32408,70780678
Q,70788352,0,1.38119,-1.72919,1.39671
Q,70788352,1,1.37374,-1.76032,1.39820
Q,70788352,2,1.41054,-1.58929,1.51531
Q,70788352,3,1.34687,-1.72363,1.39445
A,0,0,31.05,-2.62
ANG S0 | BS0 h= +31.05 v=  -2.62 deg
A,0,1,-20.95,-4.15
ANG S0 | BS1 h= -20.95 v=  -4.15 deg
A,1,0,30.75,-1.92
ANG S1 | BS0 h= +30.75 v=  -1.92 deg
A,1,1,-21.00,-3.44
ANG S1 | BS1 h= -21.00 v=  -3.44 deg
A,2,0,33.53,-7.15
ANG S2 | BS0 h= +33.53 v=  -7.15 deg
A,2,1,-21.75,-3.54
ANG S2 | BS1 h= -21.75 v=  -3.54 deg
A,3,0,30.42,-2.81
ANG S3 | BS0 h= +30.42 v=  -2.81 deg
A,3,1,-21.71,-4.25
ANG S3 | BS1 h= -21.71 v=  -4.25 deg
C_RAW,1.3781,-1.7006,1.4262
C,1.3781,-1.7006,1.0754
O,0,0,8,48819,70790578
O,0,1,20,67255,70805629
O,0,0,8,85955,70777038
O,0,1,20,32753,70799879
O,1,0,8,48617,70790544
O,1,0,8,85971,70816499
O,1,1,20,67363,70805647
O,2,0,8,85738,70796731
O,2,0,8,48454,70810246
O,2,1,20,67114,70805606
O,3,0,8,85719,70757272
O,3,1,20,67004,70767298
O,3,1,20,32537,70761553
O,2,1,21,32407,70818967
O,3,0,8,85719,70777000
O,0,0,8,85953,70816496
O,1,1,21,32623,70819003
O,2,1,21,67115,70824751
O,3,1,20,67004,70786444
O,0,1,21,32754,70819025
O,1,1,21,67364,70824793
O,2,0,8,85737,70836194
O,3,0,8,85718,70796728
O,0,0,8,48818,70830036
O,1,1,21,32623,70838148
O,2,1,21,67115,70843897
O,3,1,20,32537,70799843
O,0,0,8,85953,70836225
O,1,1,21,67364,70843938
O,2,0,8,48454,70849705
O,3,0,8,48655,70810280
O,0,0,8,48819,70849764
O,1,0,8,85971,70855956
O,2,1,21,32407,70857259
O,3,1,21,32537,70818989
O,0,0,8,85954,70855954
O,1,1,21,32623,70857294
O,2,0,8,48456,70869434
O,3,1,21,67005,70824735
O,0,1,21,32753,70857315
O,1,1,21,67364,70863084
O,2,1,20,32409,70876405
O,3,0,8,85717,70836187
O,0,0,8,48820,70869493
O,1,1,20,32624,70876439
O,2,1,20,67117,70882188
Q,70888963,0,1.38118,-1.72916,1.39675
Q,70888963,1,1.37375,-1.76028,1.39823
Q,70888963,2,1.38588,-1.64774,1.46951
Q,70888963,3,1.34684,-1.72361,1.39452
A,0,0,31.05,-2.62
ANG S0 | BS0 h= +31.05 v=  -2.62 deg
A,0,1,-20.96,-4.15
ANG S0 | BS1 h= -20.96 v=  -4.15 deg
A,1,0,30.75,-1.92
ANG S1 | BS0 h= +30.75 v=  -1.92 deg
A,1,1,-21.00,-3.44
ANG S1 | BS1 h= -21.00 v=  -3.44 deg
A,2,0,32.31,-5.33
ANG S2 | BS0 h= +32.31 v=  -5.33 deg
A,2,1,-21.75,-3.54
ANG S2 | BS1 h= -21.75 v=  -3.54 deg
A,3,0,30.42,-2.81
ANG S3 | BS0 h= +30.42 v=  -2.81 deg
A,3,1,-21.71,-4.25
ANG S3 | BS1 h= -21.71 v=  -4.25 deg
C_RAW,1.3719,-1.7152,1.4148
C,1.3719,-1.7152,1.0607
O,0,0,8,48818,70908951
O,0,0,8,85954,70895411
O,0,1,21,32754,70895607
O,1,1,20,32622,70914730
O,1,0,8,85971,70895414
O,1,1,21,67365,70901375
O,2,1,21,32409,70895549
O,2,0,8,48453,70908890
O,2,1,21,67117,70901334
O,3,0,8,85719,70875644
O,3,1,21,67004,70863025
O,3,1,21,32537,70857279
O,2,1,20,67115,70920479
O,3,1,20,32537,70876430
O,0,1,20,32753,70914752
O,1,0,8,85970,70915143
O,2,0,8,48452,70928621
O,3,1,20,67006,70882171
O,0,0,8,85952,70915140
O,1,1,20,32622,70933876
O,2,0,8,85735,70934838
O,3,1,21,32538,70895571
O,0,1,20,32752,70933898
O,1,0,8,85969,70934871
O,2,1,20,67114,70939624
O,3,1,21,67006,70901315
O,0,0,8,85951,70934868
O,1,1,20,67363,70939666
O,2,1,21,32407,70952987
O,3,1,20,32537,70914716
O,0,0,8,48819,70948408
O,1,0,8,85971,70954600
O,2,1,21,67114,70958770
O,3,0,8,85717,70915101
O,0,1,21,32752,70953043
O,1,1,21,67363,70958811
O,2,0,8,48454,70968078
O,3,0,8,48653,70928652
O,0,0,8,48819,70968137
O,1,1,21,32623,70972166
O,2,1,21,67115,70977916
O,3,0,8,85716,70934830
O,0,1,21,32754,70972188
O,1,0,8,85971,70974329
O,2,0,8,85735,70934838
Q,70989407,0,1.38116,-1.72917,1.39669
Q,70989407,1,1.37372,-1.76026,1.39827
Q,70989407,2,1.37682,-1.66889,1.45387
Q,70989407,3,1.34685,-1.72368,1.39449
A,0,0,31.04,-2.62
ANG S0 | BS0 h= +31.04 v=  -2.62 deg
A,0,1,-20.96,-4.15
ANG S0 | BS1 h= -20.96 v=  -4.15 deg
A,1,0,30.75,-1.92
ANG S1 | BS0 h= +30.75 v=  -1.92 deg
A,1,1,-21.00,-3.44
ANG S1 | BS1 h= -21.00 v=  -3.44 deg
A,2,0,31.88,-4.69
ANG S2 | BS0 h= +31.88 v=  -4.69 deg
A,2,1,-21.75,-3.54
ANG S2 | BS1 h= -21.75 v=  -3.54 deg
A,3,0,30.42,-2.81
ANG S3 | BS0 h= +30.42 v=  -2.81 deg
A,3,1,-21.71,-4.25
ANG S3 | BS1 h= -21.71 v=  -4.25 deg
C_RAW,1.3696,-1.7205,1.4108
C,1.3696,-1.7205,1.0557
O,0,1,20,67256,70997084
O,0,0,8,85953,70994054
O,0,1,20,32754,71010479
O,1,0,8,48616,70987832
O,1,1,20,32624,71010457
O,1,0,9,85970,71013786
O,1,1,20,67365,70997102
O,2,0,9,48453,71007533
O,2,0,9,85737,71013747
O,2,1,20,67116,70997060
O,3,0,8,85717,70974288
O,3,1,20,67004,70939607
O,3,0,8,48655,70968109
O,3,1,21,32536,70953008
O,2,1,20,67116,71016206
O,3,1,21,67005,70977898
O,0,0,9,85952,71013783
O,1,0,9,48616,71027289
O,2,1,21,32407,71029569
O,3,0,8,48654,70987838
O,0,1,21,32753,71029626
O,1,0,9,85970,71033515
O,3,0,8,85718,70994015
O,0,0,9,85953,71033512
O,1,1,21,67364,71035392
O,2,0,9,48454,71046992
O,3,0,9,48654,71007567
O,0,1,21,67256,71035374
O,1,1,21,32623,71048751
O,2,1,21,67116,71054496
O,3,0,9,85717,71013744
O,0,1,21,32754,71048771
O,1,0,9,85971,71053243
O,2,0,9,85737,71013747
O,0,1,21,67257,71054520
O,1,0,9,48615,71066747
O,2,1,21,32407,71067858
O,3,1,21,32537,71029588
O,0,1,21,32753,71067915
O,1,0,9,85969,71072973
O,2,1,21,67116,71073643
O,3,0,9,85718,71033474
O,0,0,9,85952,71072969
O,1,1,21,67364,71073683
Q,71089743,0,1.38117,-1.72918,1.39668
Q,71089743,1,1.37372,-1.76033,1.39822
Q,71089743,2,1.36361,-1.69958,1.43222
Q,71089743,3,1.34682,-1.72368,1.39453
A,0,0,31.04,-2.62
ANG S0 | BS0 h= +31.04 v=  -2.62 deg
A,0,1,-20.96,-4.15
ANG S0 | BS1 h= -20.96 v=  -4.15 deg
A,1,0,30.75,-1.91
ANG S1 | BS0 h= +30.75 v=  -1.91 deg
A,1,1,-21.00,-3.44
ANG S1 | BS1 h= -21.00 v=  -3.44 deg
A,2,0,31.25,-3.76
ANG S2 | BS0 h= +31.25 v=  -3.76 deg
A,2,1,-21.75,-3.53
ANG S2 | BS1 h= -21.75 v=  -3.53 deg
A,3,0,30.42,-2.81
ANG S3 | BS0 h= +30.42 v=  -2.81 deg
A,3,1,-21.71,-4.25
ANG S3 | BS1 h= -21.71 v=  -4.25 deg
C_RAW,1.3663,-1.7282,1.4054
C,1.3663,-1.7282,1.0487
RUN: main loop
O,0,0,9,48818,71106238
O,0,1,20,67257,71092811
O,0,1,20,32754,71087060
O,1,1,20,32624,71106184
O,1,0,8,85971,71092701
O,1,1,20,67365,71092829
O,2,0,9,85737,71112391
O,2,1,20,32409,71087003
O,2,0,9,48453,71106177
O,2,1,20,67117,71092787
O,3,0,9,85717,71072931
O,3,1,21,67006,71054479
O,3,0,9,48654,71066753
O,0,1,20,67257,71111956
O,1,0,9,85968,71112429
O,2,0,9,48455,71125908
O,3,0,8,48654,71086482
O,0,0,9,85952,71112427
O,1,1,20,67363,71131120
O,2,0,9,85740,71132124
O,3,0,8,85718,71092661
O,0,0,9,48820,71125967
O,1,0,9,85972,71132158
O,2,0,8,85738,71092668
O,3,1,20,32539,71106170
O,0,0,9,85954,71132156
O,1,0,9,48616,71145662
O,2,0,9,85738,71151855
O,0,0,9,48819,71145695
O,1,1,21,67364,71150265
O,2,1,20,67117,71111933
O,3,0,9,85717,71112388
O,0,0,9,85953,71151884
O,1,1,21,32623,71163620
O,2,1,21,67114,71169368
O,3,1,20,67004,71131064
O,0,0,8,48820,71165424
O,1,1,21,67364,71169410
O,2,0,8,85739,71171582
O,3,0,9,85720,71132119
O,0,1,21,67256,71169393
O,1,1,20,32624,71182765
O,2,0,8,48454,71185094
Q,71190093,0,1.38119,-1.72917,1.39666
Q,71190093,1,1.37374,-1.76033,1.39821
Q,71190093,2,1.35201,-1.72641,1.41433
Q,71190093,3,1.34684,-1.72368,1.39450
A,0,0,31.04,-2.62
ANG S0 | BS0 h= +31.04 v=  -2.62 deg
A,0,1,-20.95,-4.15
ANG S0 | BS1 h= -20.95 v=  -4.15 deg
A,1,0,30.75,-1.91
ANG S1 | BS0 h= +30.75 v=  -1.91 deg
A,1,1,-21.00,-3.44
ANG S1 | BS1 h= -21.00 v=  -3.44 deg
A,2,0,30.71,-2.95
ANG S2 | BS0 h= +30.71 v=  -2.95 deg
A,2,1,-21.75,-3.53
ANG S2 | BS1 h= -21.75 v=  -3.53 deg
A,3,0,30.42,-2.81
ANG S3 | BS0 h= +30.42 v=  -2.81 deg
A,3,1,-21.71,-4.25
ANG S3 | BS1 h= -21.71 v=  -4.25 deg
C_RAW,1.3634,-1.7349,1.4009
C,1.3634,-1.7349,1.0429
O,0,0,8,48818,71204882
O,0,1,20,67256,71207682
O,0,0,8,85954,71191343
O,0,1,20,32754,71182787
O,1,0,8,48616,71204848
O,1,0,8,85971,71191345
O,1,1,20,67365,71207700
O,2,0,8,85736,71211035
O,2,1,20,32409,71201875
O,2,1,20,67116,71207659
O,3,0,8,85719,71171575
O,3,1,21,67004,71169351
O,3,0,9,48655,71145669
O,1,0,8,85970,71211074
O,2,0,8,48452,71224552
O,3,0,8,48655,71185126
O,0,1,21,32754,71221078
O,1,1,21,67365,71226846
O,2,0,8,85735,71230769
O,3,1,20,67005,71188496
O,0,0,8,48817,71224612
O,1,0,8,85969,71230803
O,2,1,21,32409,71240167
O,3,1,20,32538,71201896
O,0,1,21,32755,71240223
O,1,0,8,48617,71244306
O,2,0,8,85738,71250499
O,0,0,8,48819,71244339
O,1,1,21,67366,71245991
O,2,1,20,67116,71207659
O,3,0,8,85717,71211032
O,1,0,9,48616,71264034
O,2,1,20,67117,71265096
O,3,0,8,48653,71224583
O,0,0,9,48819,71264068
O,1,1,20,67365,71265137
O,2,0,9,85737,71270226
O,3,1,21,67006,71226787
O,0,1,20,67257,71265119
O,1,0,9,85970,71270260
O,2,1,20,67117,71284241
O,3,0,8,48655,71244312
Q,71290158,0,1.38120,-1.72919,1.39665
Q,71290158,1,1.37373,-1.76031,1.39816
Q,71290158,2,1.34953,-1.73207,1.41059
Q,71290158,3,1.34686,-1.72366,1.39452
A,0,0,31.04,-2.62
ANG S0 | BS0 h= +31.04 v=  -2.62 deg
A,0,1,-20.95,-4.15
ANG S0 | BS1 h= -20.95 v=  -4.15 deg
A,1,0,30.75,-1.91
ANG S1 | BS0 h= +30.75 v=  -1.91 deg
A,1,1,-21.00,-3.44
ANG S1 | BS1 h= -21.00 v=  -3.44 deg
A,2,0,30.59,-2.78
ANG S2 | BS0 h= +30.59 v=  -2.78 deg
A,2,1,-21.75,-3.54
ANG S2 | BS1 h= -21.75 v=  -3.54 deg
A,3,0,30.42,-2.81
ANG S3 | BS0 h= +30.42 v=  -2.81 deg
A,3,1,-21.71,-4.25
ANG S3 | BS1 h= -21.71 v=  -4.25 deg
C_RAW,1.3628,-1.7363,1.4000
C,1.3628,-1.7363,1.0417
O,0,0,8,48819,71303525
O,0,1,20,67256,71303410
O,0,1,20,32753,71297660
O,1,0,8,48616,71303491
O,1,0,8,85970,71309717
O,1,1,20,67363,71303428
O,2,0,8,85737,71309678
O,2,1,20,32408,71297605
O,2,0,8,48454,71303464
O,3,0,9,85718,71270219
O,3,1,20,67006,71265078
O,3,0,9,48655,71264041
O,2,0,8,48454,71323195
O,3,0,9,48655,71283769
O,0,1,21,32754,71316805
O,1,0,8,48617,71323222
O,2,0,8,85738,71329422
O,3,1,20,67006,71284223
O,0,0,8,48819,71323255
O,1,0,8,85971,71329450
O,2,1,20,67115,71341677
O,3,1,20,67004,71303368
O,0,1,20,32754,71335953
O,2,0,9,85738,71349141
O,3,0,8,48654,71303498
O,0,1,20,67256,71341701
O,1,0,9,85970,71349174
O,2,1,21,32408,71355039
O,3,0,8,85717,71309675
O,0,0,9,85953,71349171
O,1,1,21,67365,71360864
O,2,0,8,48456,71362652
O,3,1,21,67006,71322519
O,0,1,21,67256,71360846
O,1,0,8,48618,71362677
O,2,1,20,32408,71374185
O,3,0,8,85718,71329407
O,0,0,8,48820,71362711
O,1,1,20,32623,71374219
O,2,0,8,48454,71382381
O,3,1,20,67005,71341660
O,0,1,20,32754,71374241
O,1,1,20,67364,71380009
Q,71390504,0,1.38118,-1.72917,1.39666
Q,71390504,1,1.37375,-1.76029,1.39817
Q,71390504,2,1.34472,-1.74306,1.40359
Q,71390504,3,1.34686,-1.72366,1.39452
A,0,0,31.04,-2.62
ANG S0 | BS0 h= +31.04 v=  -2.62 deg
A,0,1,-20.95,-4.15
ANG S0 | BS1 h= -20.95 v=  -4.15 deg
A,1,0,30.75,-1.92
ANG S1 | BS0 h= +30.75 v=  -1.92 deg
A,1,1,-21.00,-3.44
ANG S1 | BS1 h= -21.00 v=  -3.44 deg
A,2,0,30.37,-2.45
ANG S2 | BS0 h= +30.37 v=  -2.45 deg
A,2,1,-21.75,-3.54
ANG S2 | BS1 h= -21.75 v=  -3.54 deg
A,3,0,30.42,-2.81
ANG S3 | BS0 h= +30.42 v=  -2.81 deg
A,3,1,-21.71,-4.25
ANG S3 | BS1 h= -21.71 v=  -4.25 deg
C_RAW,1.3616,-1.7390,1.3982
C,1.3616,-1.7390,1.0395
O,0,0,8,48819,71402169
O,0,1,21,67256,71399137
O,0,0,8,85954,71388629
O,1,0,8,48617,71402135
O,1,0,8,85971,71408361
O,1,1,21,67363,71399155
O,2,0,8,85738,71408322
O,2,1,21,32407,71393331
O,2,0,8,48455,71402108
O,2,1,20,67115,71418259
O,3,0,8,85719,71368862
O,3,1,20,67005,71379951
O,3,0,9,48656,71342955
O,3,1,21,32538,71355060
O,0,1,20,32754,71412532
O,1,1,20,67364,71418300
O,2,0,9,85736,71428057
O,3,0,8,48655,71382413
O,0,0,9,48817,71421898
O,1,0,9,85968,71428089
O,2,1,20,32406,71431621
O,3,1,21,32536,71393350
O,0,0,9,85951,71428087
O,1,1,20,67362,71437445
O,2,0,8,48453,71441568
O,3,1,21,67004,71399095
O,0,1,20,67255,71437427
O,1,0,8,85969,71447818
O,2,1,20,32408,71450766
O,3,0,8,85718,71408319
O,0,0,8,85952,71447815
O,1,1,20,32623,71450800
O,2,0,9,48454,71461296
O,3,1,20,67005,71418240
O,0,1,20,32754,71450822
O,1,1,20,67363,71456590
O,2,0,9,85738,71467513
O,3,0,9,85717,71428050
O,0,0,9,48819,71461355
O,1,1,20,32624,71469946
O,2,1,20,67117,71475694
O,3,1,20,32536,71431641
O,0,1,20,32754,71469967
O,2,0,8,48454,71481024
O,3,0,8,48654,71441599
Q,71490934,0,1.38115,-1.72916,1.39661
Q,71490934,1,1.37373,-1.76023,1.39820
Q,71490934,2,1.34223,-1.74875,1.40004
Q,71490934,3,1.34684,-1.72365,1.39459
A,0,0,31.04,-2.62
ANG S0 | BS0 h= +31.04 v=  -2.62 deg
A,0,1,-20.96,-4.15
ANG S0 | BS1 h= -20.96 v=  -4.15 deg
A,1,0,30.75,-1.92
ANG S1 | BS0 h= +30.75 v=  -1.92 deg
A,1,1,-21.00,-3.44
ANG S1 | BS1 h= -21.00 v=  -3.44 deg
A,2,0,30.26,-2.29
ANG S2 | BS0 h= +30.26 v=  -2.29 deg
A,2,1,-21.75,-3.54
ANG S2 | BS1 h= -21.75 v=  -3.54 deg
A,3,0,30.42,-2.81
ANG S3 | BS0 h= +30.42 v=  -2.81 deg
A,3,1,-21.71,-4.25
ANG S3 | BS1 h= -21.71 v=  -4.25 deg
C_RAW,1.3610,-1.7404,1.3974
C,1.3610,-1.7404,1.0383
O,0,0,8,48818,71500813
O,0,0,8,85952,71507002
O,0,1,20,32755,71489113
O,1,1,20,32624,71508237
O,1,0,8,85969,71507005
O,2,0,8,85736,71506966
O,2,1,20,32410,71489057
O,2,0,9,48453,71520481
O,2,1,20,67117,71513986
O,3,0,9,85719,71467506
O,3,1,20,67005,71456532
O,3,1,20,32538,71469931
O,3,1,20,67006,71475677
O,0,1,20,32754,71508259
O,1,0,9,85970,71526733
O,2,1,20,32408,71527347
O,3,0,8,85719,71487235
O,0,0,9,85952,71526730
O,1,1,20,32623,71527382
O,2,1,20,67116,71533131
O,3,1,20,67007,71494823
O,0,1,20,32754,71527404
O,1,1,20,67365,71533173
O,2,1,20,32409,71546492
O,3,0,8,85717,71506963
O,0,0,8,48819,71540270
O,1,1,20,32623,71546528
O,2,1,20,67116,71552277
O,3,1,20,32538,71508223
O,0,0,8,85953,71546459
O,2,0,9,48454,71559939
O,3,1,20,67006,71513967
O,0,1,20,67256,71552300
O,1,1,20,32624,71565673
O,2,0,9,85738,71566163
O,3,1,20,32537,71527368
O,0,1,20,32755,71565695
O,1,0,9,85971,71566191
O,2,1,20,67117,71571422
O,3,1,20,67005,71533114
O,0,0,9,85953,71566188
O,2,1,20,32409,71584784
O,3,0,8,85718,71546421
Q,71591159,0,1.38114,-1.72916,1.39657
Q,71591159,1,1.37374,-1.76026,1.39820
Q,71591159,2,1.34133,-1.75093,1.39862
Q,71591159,3,1.34688,-1.72369,1.39454
A,0,0,31.04,-2.62
ANG S0 | BS0 h= +31.04 v=  -2.62 deg
A,0,1,-20.96,-4.15
ANG S0 | BS1 h= -20.96 v=  -4.15 deg
A,1,0,30.75,-1.92
ANG S1 | BS0 h= +30.75 v=  -1.92 deg
A,1,1,-21.00,-3.44
ANG S1 | BS1 h= -21.00 v=  -3.44 deg
A,2,0,30.21,-2.22
ANG S2 | BS0 h= +30.21 v=  -2.22 deg
A,2,1,-21.74,-3.54
ANG S2 | BS1 h= -21.74 v=  -3.54 deg
A,3,0,30.42,-2.81
ANG S3 | BS0 h= +30.42 v=  -2.81 deg
A,3,1,-21.71,-4.25
ANG S3 | BS1 h= -21.71 v=  -4.25 deg
C_RAW,1.3608,-1.7410,1.3970
C,1.3608,-1.7410,1.0378
O,0,0,8,48817,71579731
O,0,1,20,67257,71590591
O,0,0,9,85951,71605645
O,0,1,21,32753,71603986
O,1,1,21,32623,71603964
O,1,0,9,85968,71605648
O,1,1,21,67364,71609754
O,2,0,9,85736,71605609
O,2,0,8,48454,71619124
O,2,1,20,67117,71590567
O,3,0,9,85719,71566154
O,3,1,20,67005,71552259
O,3,1,20,32539,71565659
O,3,0,8,48653,71579703
O,0,0,8,48819,71619185
O,1,0,8,85971,71625385
O,2,1,21,67116,71628858
O,3,0,8,85716,71585877
O,0,1,21,32754,71623131
O,1,1,21,67365,71628900
O,2,0,9,48453,71638854
O,0,1,21,67257,71628882
O,1,0,9,48616,71638880
O,2,0,9,85737,71645067
O,3,0,9,85717,71605606
O,0,1,20,32752,71642277
O,1,0,9,85970,71645108
O,2,1,20,67114,71648003
O,3,1,21,67005,71609694
O,0,0,9,85953,71645103
O,1,0,8,48616,71658609
O,2,1,21,32409,71661366
O,3,1,21,32538,71623095
O,0,1,21,32754,71661422
O,1,0,8,85970,71664835
O,2,1,21,67116,71667149
O,3,0,8,85718,71625337
O,0,0,8,85953,71664832
O,2,0,9,48453,71678312
O,3,0,9,48655,71638887
O,0,1,21,67257,71667172
O,1,1,21,32624,71680545
O,2,1,21,67117,71686295
Q,71691444,0,1.38116,-1.72921,1.39651
Q,71691444,1,1.37375,-1.76030,1.39816
Q,71691444,2,1.34069,-1.75229,1.39774
Q,71691444,3,1.34690,-1.72370,1.39454
A,0,0,31.04,-2.62
ANG S0 | BS0 h= +31.04 v=  -2.62 deg
A,0,1,-20.95,-4.15
ANG S0 | BS1 h= -20.95 v=  -4.15 deg
A,1,0,30.75,-1.92
ANG S1 | BS0 h= +30.75 v=  -1.92 deg
A,1,1,-21.00,-3.44
ANG S1 | BS1 h= -21.00 v=  -3.44 deg
A,2,0,30.19,-2.18
ANG S2 | BS0 h= +30.19 v=  -2.18 deg
A,2,1,-21.74,-3.54
ANG S2 | BS1 h= -21.74 v=  -3.54 deg
A,3,0,30.42,-2.81
ANG S3 | BS0 h= +30.42 v=  -2.81 deg
A,3,1,-21.71,-4.25
ANG S3 | BS1 h= -21.71 v=  -4.25 deg
C_RAW,1.3606,-1.7414,1.3967
C,1.3606,-1.7414,1.0375
O,0,1,21,67257,71705463
O,0,0,9,85952,71704289
O,0,1,21,32754,71699713
O,1,0,9,48616,71717795
O,1,0,9,85970,71704292
O,1,1,21,67365,71705481
O,2,0,8,85737,71664802
O,2,1,21,32408,71699655
O,2,0,9,85737,71645067
O,2,1,21,67116,71705440
O,3,0,8,85717,71664794
O,3,1,20,67004,71647986
O,3,0,9,48655,71678344
O,3,1,21,32538,71661386
O,2,0,9,85738,71723990
O,3,0,9,85718,71684527
O,0,1,21,32754,71718858
O,1,0,9,85970,71724023
O,2,1,21,67116,71724587
O,3,1,21,67006,71686277
O,0,0,9,85953,71724018
O,1,0,9,48616,71737527
O,2,1,20,32408,71737947
O,3,1,21,32538,71699677
O,0,0,9,48819,71737558
O,1,0,9,85970,71743749
O,2,0,9,85738,71743717
O,3,0,9,85717,71704250
O,0,1,20,32752,71738003
O,2,0,8,48455,71757226
O,3,1,21,67006,71705421
O,0,0,9,85953,71743747
O,1,1,20,67363,71762917
O,2,0,8,85738,71763439
O,3,1,21,32538,71718822
O,0,0,8,48820,71757286
O,1,0,8,85972,71763478
O,2,1,21,32409,71718801
O,3,0,9,85718,71723981
O,0,0,8,85954,71763475
O,1,1,21,32623,71776272
O,2,0,9,48454,71776956
O,3,1,20,32536,71737967
O,0,0,9,48820,71777015
O,1,1,21,67364,71782062
Q,71791800,0,1.38120,-1.72917,1.39660
Q,71791800,1,1.37372,-1.76030,1.39815
Q,71791800,2,1.48639,-1.40330,1.68572
Q,71791800,3,1.34690,-1.72369,1.39450
A,0,0,31.04,-2.62
ANG S0 | BS0 h= +31.04 v=  -2.62 deg
A,0,1,-20.95,-4.15
ANG S0 | BS1 h= -20.95 v=  -4.15 deg
A,1,0,30.75,-1.92
ANG S1 | BS0 h= +30.75 v=  -1.92 deg
A,1,1,-21.00,-3.44
ANG S1 | BS1 h= -21.00 v=  -3.44 deg
A,2,0,37.69,-13.30
ANG S2 | BS0 h= +37.69 v= -13.30 deg
A,2,1,-21.74,-3.54
ANG S2 | BS1 h= -21.74 v=  -3.54 deg
A,3,0,30.42,-2.81
ANG S3 | BS0 h= +30.42 v=  -2.81 deg
A,3,1,-21.71,-4.25
ANG S3 | BS1 h= -21.71 v=  -4.25 deg
C_RAW,1.3971,-1.6541,1.4687
C,1.3971,-1.6541,1.1303
O,0,0,8,48817,71796744
O,0,1,21,67257,71801190
O,0,1,21,32754,71795439
O,1,1,21,32624,71814563
O,1,0,8,85969,71802936
O,1,1,21,67365,71801208
O,2,0,8,85736,71802897
O,2,1,20,67114,71762875
O,2,0,8,48452,71816412
O,3,0,8,85719,71763437
O,3,1,20,67004,71762858
O,3,0,9,48656,71776988
O,3,1,20,32537,71757113
O,0,0,8,48817,71816473
O,1,1,21,67365,71820353
O,2,0,8,85735,71822625
O,3,1,21,67005,71782003
O,0,1,21,67257,71820335
O,1,0,8,85968,71822664
O,2,0,9,48453,71836142
O,3,1,21,32538,71795403
O,0,1,21,32754,71833731
O,1,1,21,67365,71839499
O,2,0,9,85736,71842360
O,3,1,21,67006,71801148
O,0,0,9,48818,71836201
O,1,0,9,85968,71842393
O,2,1,20,32408,71852819
O,3,0,8,85716,71802894
O,0,0,9,85951,71842390
O,1,0,8,48617,71855896
O,2,1,20,67115,71858603
O,3,1,21,67006,71820293
O,0,0,8,48819,71855930
O,1,1,20,67365,71858644
O,2,0,8,85738,71862088
O,3,0,8,85716,71822622
O,0,1,20,67256,71858628
O,1,1,20,32624,71871999
O,2,1,20,67117,71877748
O,3,0,9,48654,71836174
O,0,0,8,48818,71875659
O,1,1,20,67365,71877789
O,2,0,8,85738,71881819
O,3,1,21,67006,71839440
Q,71891932,0,1.38117,-1.72919,1.39657
Q,71891932,1,1.37373,-1.76029,1.39807
Q,71891932,2,1.43816,-1.52276,1.57217
Q,71891932,3,1.34688,-1.72367,1.39452
A,0,0,31.04,-2.62
ANG S0 | BS0 h= +31.04 v=  -2.62 deg
A,0,1,-20.95,-4.15
ANG S0 | BS1 h= -20.95 v=  -4.15 deg
A,1,0,30.75,-1.92
ANG S1 | BS0 h= +30.75 v=  -1.92 deg
A,1,1,-21.00,-3.44
ANG S1 | BS1 h= -21.00 v=  -3.44 deg
A,2,0,34.97,-9.27
ANG S2 | BS0 h= +34.97 v=  -9.27 deg
A,2,1,-21.74,-3.54
ANG S2 | BS1 h= -21.74 v=  -3.54 deg
A,3,0,30.42,-2.81
ANG S3 | BS0 h= +30.42 v=  -2.81 deg
A,3,1,-21.71,-4.25
ANG S3 | BS1 h= -21.71 v=  -4.25 deg
C_RAW,1.3850,-1.6840,1.4403
C,1.3850,-1.6840,1.0937
O,0,0,8,48820,71915116
O,0,1,20,67255,71896917
O,0,1,20,32752,71891166
O,1,0,8,48618,71915083
O,1,0,8,85971,71881850
O,1,1,21,67364,71916080
O,2,0,9,85737,71901541
O,2,1,21,67116,71916038
O,2,0,9,48453,71895329
O,2,1,21,32409,71910254
O,3,0,8,85718,71862081
O,3,1,20,67005,71858585
O,3,0,8,48654,71875631
O,2,0,8,85738,71921269
O,0,1,21,67257,71916062
O,1,0,8,85971,71921308
O,2,1,21,32407,71929401
O,3,0,9,48654,71895360
O,0,1,21,32753,71929457
O,1,0,9,48614,71934811
O,2,0,9,85736,71941004
O,3,1,20,67004,71896875
O,0,0,9,48816,71934845
O,1,0,9,85968,71941037
O,2,1,21,32409,71948546
O,3,0,9,85718,71901537
O,0,1,21,32754,71948602
O,1,1,21,67365,71954370
O,2,0,8,48454,71954513
O,3,1,21,67006,71916020
O,1,0,8,48616,71954540
O,2,0,8,85738,71960733
O,3,0,8,85718,71921266
O,0,0,8,48819,71954574
O,1,1,20,32624,71967726
O,2,0,8,48455,71974245
O,3,0,9,48654,71934818
O,0,1,20,32755,71967748
O,1,0,8,48618,71974269
O,2,0,8,85738,71980461
O,3,1,21,67005,71935165
O,0,0,8,48820,71974303
O,1,0,8,85971,71980495
Q,71992286,0,1.38114,-1.72919,1.39662
Q,71992286,1,1.37376,-1.76030,1.39808
Q,71992286,2,1.39203,-1.63335,1.48038
Q,71992286,3,1.34688,-1.72371,1.39453
A,0,0,31.04,-2.62
ANG S0 | BS0 h= +31.04 v=  -2.62 deg
A,0,1,-20.96,-4.15
ANG S0 | BS1 h= -20.96 v=  -4.15 deg
A,1,0,30.75,-1.92
ANG S1 | BS0 h= +30.75 v=  -1.92 deg
A,1,1,-21.00,-3.44
ANG S1 | BS1 h= -21.00 v=  -3.44 deg
A,2,0,32.61,-5.78
ANG S2 | BS0 h= +32.61 v=  -5.78 deg
A,2,1,-21.74,-3.54
ANG S2 | BS1 h= -21.74 v=  -3.54 deg
A,3,0,30.42,-2.81
ANG S3 | BS0 h= +30.42 v=  -2.81 deg
A,3,1,-21.71,-4.25
ANG S3 | BS1 h= -21.71 v=  -4.25 deg
C_RAW,1.3735,-1.7116,1.4174
C,1.3735,-1.7116,1.0642
O,0,1,20,67257,71992643
O,0,0,9,85951,72000220
O,0,1,21,32755,72006039
O,1,1,21,32624,72006017
O,1,0,9,85968,72000223
O,1,1,21,67365,72011807
O,2,0,9,85738,72019913
O,2,0,9,48453,72013699
O,2,1,21,32409,72005981
O,3,0,8,85718,71960725
O,3,1,20,67006,71973457
O,3,0,8,48655,71974275
O,0,0,9,48819,72013760
O,1,0,9,85970,72019952
O,2,1,21,67118,72030911
O,3,1,20,67006,71992603
O,0,1,21,32755,72025186
O,1,1,21,67366,72030952
O,2,0,8,85738,72039647
O,3,0,9,48654,71994004
O,1,0,8,85971,72039680
O,2,1,21,32407,72044273
O,3,1,21,32538,72006002
O,0,0,8,85953,72039677
O,1,1,21,67364,72050098
O,2,0,8,48455,72053158
O,3,1,21,67006,72011747
O,0,1,21,67256,72050080
O,1,0,8,48617,72053183
O,2,1,20,32409,72063419
O,3,0,9,85718,72019910
O,0,0,8,48819,72053217
O,1,1,20,32624,72063453
O,2,1,20,67116,72069202
O,3,1,21,67007,72030895
O,0,1,20,32754,72063475
O,1,1,20,67365,72069243
O,2,0,8,85738,72079104
O,3,0,8,85718,72039640
O,0,0,8,48819,72072946
O,1,0,8,85971,72079138
O,2,1,20,67116,72088348
Q,72092353,0,1.38117,-1.72916,1.39656
Q,72092353,1,1.37377,-1.76030,1.39810
Q,72092353,2,1.37364,-1.67656,1.44836
Q,72092353,3,1.34689,-1.72372,1.39453
A,0,0,31.04,-2.62
ANG S0 | BS0 h= +31.04 v=  -2.62 deg
A,0,1,-20.95,-4.15
ANG S0 | BS1 h= -20.95 v=  -4.15 deg
A,1,0,30.75,-1.92
ANG S1 | BS0 h= +30.75 v=  -1.92 deg
A,1,1,-21.00,-3.44
ANG S1 | BS1 h= -21.00 v=  -3.44 deg
A,2,0,31.72,-4.45
ANG S2 | BS0 h= +31.72 v=  -4.45 deg
A,2,1,-21.74,-3.54
ANG S2 | BS1 h= -21.74 v=  -3.54 deg
A,3,0,30.42,-2.81
ANG S3 | BS0 h= +30.42 v=  -2.81 deg
A,3,1,-21.71,-4.25
ANG S3 | BS1 h= -21.71 v=  -4.25 deg
C_RAW,1.3689,-1.7224,1.4094
C,1.3689,-1.7224,1.0538
RUN: main loop
O,0,0,8,48820,72112404
O,0,1,20,67256,72088371
O,0,0,8,85954,72098864
O,0,1,21,32753,72101766
O,1,1,21,32623,72101744
O,1,0,8,85971,72098867
O,1,1,21,67364,72107534
O,2,0,8,85739,72118557
O,2,0,8,48454,72092615
O,2,1,21,32407,72101708
O,3,0,8,85718,72059368
O,3,1,20,67005,72069185
O,3,0,8,48655,72072919
O,3,1,21,32536,72044294
O,1,0,8,85972,72118595
O,2,1,21,67116,72126638
O,3,1,20,32537,72082584
O,0,0,8,85955,72118593
O,1,1,21,67365,72126681
O,2,0,8,48453,72132073
O,3,1,20,67005,72088331
O,0,1,21,67257,72126662
O,1,0,8,85969,72138324
O,2,1,21,32407,72140000
O,3,0,8,85718,72098827
O,0,0,8,85952,72138321
O,1,1,21,32623,72140035
O,3,1,21,67005,72107474
O,0,1,21,32753,72140056
O,1,1,21,67364,72145825
O,2,0,8,85735,72158019
O,3,0,8,85719,72118553
O,0,0,8,48817,72151861
O,1,0,8,85969,72158053
O,3,1,21,32538,72120875
O,0,0,8,85951,72158050
O,1,1,21,67363,72164970
O,2,0,9,48452,72171530
O,3,1,21,67006,72126621
O,0,0,9,48816,72171590
O,1,0,9,85967,72177782
O,2,1,21,32406,72178290
O,3,1,21,32536,72140020
O,0,0,9,85951,72177779
O,1,1,21,32621,72178325
Q,72192658,0,1.38114,-1.72924,1.39653
Q,72192658,1,1.37373,-1.76030,1.39817
Q,72192658,2,1.36154,-1.70454,1.42886
Q,72192658,3,1.34687,-1.72371,1.39458
A,0,0,31.04,-2.62
ANG S0 | BS0 h= +31.04 v=  -2.62 deg
A,0,1,-20.95,-4.15
ANG S0 | BS1 h= -20.95 v=  -4.15 deg
A,1,0,30.75,-1.92
ANG S1 | BS0 h= +30.75 v=  -1.92 deg
A,1,1,-21.00,-3.44
ANG S1 | BS1 h= -21.00 v=  -3.44 deg
A,2,0,31.15,-3.61
ANG S2 | BS0 h= +31.15 v=  -3.61 deg
A,2,1,-21.74,-3.53
ANG S2 | BS1 h= -21.74 v=  -3.53 deg
A,3,0,30.42,-2.81
ANG S3 | BS0 h= +30.42 v=  -2.81 deg
A,3,1,-21.71,-4.25
ANG S3 | BS1 h= -21.71 v=  -4.25 deg
C_RAW,1.3658,-1.7294,1.4045
C,1.3658,-1.7294,1.0476
O,0,0,8,48818,72191318
O,0,1,21,67254,72184097
O,0,1,20,32755,72216638
O,1,1,20,32624,72216616
O,1,0,8,85970,72217239
O,1,1,20,67365,72203261
O,2,0,8,85736,72217200
O,2,1,20,67116,72203219
O,2,0,8,48453,72210986
O,3,0,8,85716,72158012
O,3,0,9,48652,72171562
O,3,1,21,32536,72159166
O,3,0,9,85716,72177741
O,0,0,8,85953,72217236
O,2,0,8,48454,72230717
O,3,1,21,67003,72184057
O,0,0,8,48819,72230776
O,1,1,20,32624,72235761
O,2,1,20,67117,72241510
O,3,1,20,32537,72197456
O,0,1,20,32755,72235783
O,1,0,8,85971,72236968
O,2,0,8,48455,72250445
O,3,1,20,67005,72203201
O,0,0,8,85953,72236965
O,1,0,8,48618,72250471
O,2,0,8,85738,72256662
O,3,1,20,32538,72216602
O,0,1,21,32755,72254929
O,1,0,8,85972,72256698
O,2,1,21,67118,72260656
O,3,0,8,85717,72217197
O,0,0,8,85955,72256694
O,1,1,21,67366,72260697
O,2,0,9,48454,72270174
O,3,0,8,48655,72230748
O,0,0,9,48819,72270233
O,1,1,20,32624,72274059
O,2,1,20,67117,72279801
O,3,0,8,85718,72236926
O,0,1,20,32755,72274074
O,1,0,9,85971,72276429
O,2,0,9,48453,72289903
Q,72292915,0,1.38113,-1.72918,1.39663
Q,72292915,1,1.37378,-1.76031,1.39815
Q,72292915,2,1.35369,-1.72257,1.41683
Q,72292915,3,1.34682,-1.72370,1.39455
A,0,0,31.04,-2.62
ANG S0 | BS0 h= +31.04 v=  -2.62 deg
A,0,1,-20.96,-4.15
ANG S0 | BS1 h= -20.96 v=  -4.15 deg
A,1,0,30.75,-1.92
ANG S1 | BS0 h= +30.75 v=  -1.92 deg
A,1,1,-21.00,-3.44
ANG S1 | BS1 h= -21.00 v=  -3.44 deg
A,2,0,30.78,-3.07
ANG S2 | BS0 h= +30.78 v=  -3.07 deg
A,2,1,-21.75,-3.53
ANG S2 | BS1 h= -21.75 v=  -3.53 deg
A,3,0,30.42,-2.81
ANG S3 | BS0 h= +30.42 v=  -2.81 deg
A,3,1,-21.71,-4.25
ANG S3 | BS1 h= -21.71 v=  -4.25 deg
C_RAW,1.3639,-1.7339,1.4015
C,1.3639,-1.7339,1.0437
O,0,0,9,48818,72309691
O,0,1,20,67257,72279825
O,0,0,9,85952,72296151
O,0,1,20,32754,72312365
O,1,1,20,32624,72293198
O,1,0,9,85970,72315883
O,2,0,9,85737,72296122
O,2,1,20,67115,72318092
O,2,1,20,32409,72312308
O,3,0,9,85719,72276384
O,3,1,21,67007,72260638
O,3,0,9,48656,72270206
O,2,0,9,85738,72276392
O,3,1,20,67006,72279784
O,0,1,20,67256,72318115
O,1,0,9,48616,72329386
O,2,0,9,85737,72335585
O,3,0,9,85717,72296114
O,0,1,20,32754,72331511
O,1,0,9,85970,72335611
O,2,1,20,67116,72337241
O,3,1,20,67006,72298928
O,0,0,9,85952,72335609
O,1,0,9,48615,72349114
O,2,1,20,32408,72350599
O,3,1,20,32537,72312329
O,0,1,20,32753,72350656
O,1,0,9,85970,72355340
O,2,1,20,67115,72356383
O,3,0,9,85718,72315841
O,0,0,9,85952,72355338
O,1,1,20,67363,72356424
O,2,1,21,32408,72369744
O,3,0,9,48655,72329392
O,0,1,20,67255,72356406
O,2,1,21,67116,72375529
O,3,0,9,85717,72335574
O,0,1,21,32754,72369801
O,1,1,21,67364,72375569
O,2,0,9,85737,72335585
O,3,0,9,48654,72349121
Q,72393241,0,1.38113,-1.72918,1.39660
Q,72393241,1,1.37375,-1.76033,1.39811
Q,72393241,2,1.55634,-1.22225,1.88247
Q,72393241,3,1.34687,-1.72372,1.39455
A,0,0,31.04,-2.62
ANG S0 | BS0 h= +31.04 v=  -2.62 deg
A,0,1,-20.96,-4.15
ANG S0 | BS1 h= -20.96 v=  -4.15 deg
A,1,0,30.75,-1.92
ANG S1 | BS0 h= +30.75 v=  -1.92 deg
A,1,1,-21.00,-3.44
ANG S1 | BS1 h= -21.00 v=  -3.44 deg
A,2,0,42.32,-20.16
ANG S2 | BS0 h= +42.32 v= -20.16 deg
A,2,1,-21.75,-3.53
ANG S2 | BS1 h= -21.75 v=  -3.53 deg
A,3,0,30.42,-2.81
ANG S3 | BS0 h= +30.42 v=  -2.81 deg
A,3,1,-21.71,-4.25
ANG S3 | BS1 h= -21.71 v=  -4.25 deg
C_RAW,1.4145,-1.6089,1.5179
C,1.4145,-1.6089,1.1936
O,0,0,8,48818,72408334
O,0,1,21,67257,72394697
O,0,0,8,85953,72394795
O,0,1,21,32754,72388946
O,1,0,8,48616,72388572
O,1,0,8,85970,72414526
O,1,1,21,67365,72394715
O,2,0,8,48453,72408274
O,2,0,8,85735,72375040
O,3,0,8,85716,72375030
O,3,1,20,67004,72356365
O,3,0,8,48653,72368850
O,3,1,21,67005,72375511
O,0,0,8,85952,72414523
O,1,1,21,32624,72427217
O,3,1,21,67006,72394657
O,0,0,9,48819,72428065
O,1,1,21,67364,72433005
O,2,0,9,85738,72434226
O,3,0,8,85718,72394755
O,0,1,21,67256,72432987
O,1,1,21,32623,72446360
O,2,0,8,48455,72447732
O,3,0,8,48653,72408307
O,0,0,8,48820,72447792
O,1,1,21,67364,72452150
O,2,0,8,85739,72453950
O,3,1,20,67005,72413800
O,0,1,21,67256,72452132
O,1,0,8,85972,72453984
O,2,1,20,32409,72465471
O,3,1,21,32538,72427201
O,0,0,8,85955,72453981
O,1,0,8,48618,72467488
O,2,0,8,85739,72473681
O,3,1,21,67006,72432946
O,0,0,8,48820,72467522
O,1,1,20,67364,72471295
O,3,0,9,85719,72434214
O,0,0,8,85955,72473710
O,1,1,21,32623,72484650
O,2,1,21,67114,72490399
Q,72493684,0,1.38118,-1.72915,1.39669
Q,72493684,1,1.37376,-1.76030,1.39817
Q,72493684,2,1.49044,-1.39297,1.69615
Q,72493684,3,1.34685,-1.72375,1.39449
A,0,0,31.05,-2.62
ANG S0 | BS0 h= +31.05 v=  -2.62 deg
A,0,1,-20.96,-4.15
ANG S0 | BS1 h= -20.96 v=  -4.15 deg
A,1,0,30.75,-1.92
ANG S1 | BS0 h= +30.75 v=  -1.92 deg
A,1,1,-21.00,-3.44
ANG S1 | BS1 h= -21.00 v=  -3.44 deg
A,2,0,37.93,-13.66
ANG S2 | BS0 h= +37.93 v= -13.66 deg
A,2,1,-21.74,-3.54
ANG S2 | BS1 h= -21.74 v=  -3.54 deg
A,3,0,30.42,-2.81
ANG S3 | BS0 h= +30.42 v=  -2.81 deg
A,3,1,-21.71,-4.25
ANG S3 | BS1 h= -21.71 v=  -4.25 deg
C_RAW,1.3981,-1.6515,1.4714
C,1.3981,-1.6515,1.1337
O,0,0,9,48819,72506979
O,0,1,21,67256,72490423
O,0,1,21,32754,72503817
O,1,0,9,48616,72506945
O,1,0,9,85972,72493442
O,1,1,21,67365,72509586
O,2,0,9,48454,72506918
O,2,1,20,67115,72471254
O,2,0,9,85738,72513132
O,3,0,8,85720,72473672
O,3,1,20,67005,72471237
O,3,0,8,48655,72447765
O,3,1,20,32538,72465491
O,0,1,21,67257,72509568
O,1,1,20,32624,72522941
O,2,1,20,67116,72528691
O,3,0,9,48657,72487223
O,0,0,8,48820,72526708
O,1,1,20,67365,72528733
O,2,0,8,85738,72532868
O,3,1,21,67004,72490382
O,0,1,20,67256,72528715
O,1,0,8,85971,72532904
O,2,0,8,48454,72546377
O,3,0,9,48655,72506952
O,0,1,20,32754,72542109
O,2,0,8,85738,72552594
O,3,1,21,67006,72509526
O,0,0,8,48819,72546436
O,1,0,8,85971,72552628
O,2,1,20,32410,72561198
O,3,0,9,85719,72513129
O,0,1,20,32755,72561254
O,1,0,9,48616,72566131
O,2,1,20,67117,72566981
O,3,1,20,67005,72528674
O,0,0,9,48819,72566165
O,2,0,9,85737,72572326
O,3,0,8,85718,72532859
O,0,1,20,67257,72567005
O,1,0,8,48616,72585860
O,3,0,8,48655,72546409
Q,72593799,0,1.38120,-1.72916,1.39666
Q,72593799,1,1.37378,-1.76034,1.39818
Q,72593799,2,1.44114,-1.51561,1.57863
Q,72593799,3,1.34689,-1.72371,1.39458
A,0,0,31.05,-2.62
ANG S0 | BS0 h= +31.05 v=  -2.62 deg
A,0,1,-20.95,-4.15
ANG S0 | BS1 h= -20.95 v=  -4.15 deg
A,1,0,30.75,-1.91
ANG S1 | BS0 h= +30.75 v=  -1.91 deg
A,1,1,-21.00,-3.44
ANG S1 | BS1 h= -21.00 v=  -3.44 deg
A,2,0,35.13,-9.50
ANG S2 | BS0 h= +35.13 v=  -9.50 deg
A,2,1,-21.74,-3.54
ANG S2 | BS1 h= -21.74 v=  -3.54 deg
A,3,0,30.42,-2.81
ANG S3 | BS0 h= +30.42 v=  -2.81 deg
A,3,1,-21.71,-4.25
ANG S3 | BS1 h= -21.71 v=  -4.25 deg
C_RAW,1.3858,-1.6822,1.4420
C,1.3858,-1.6822,1.0958
O,0,0,9,48818,72605622
O,0,1,20,67257,72605296
O,0,1,20,32755,72599546
O,1,0,9,48614,72605588
O,1,1,20,32623,72618669
O,1,0,8,85971,72592085
O,1,1,21,67365,72586168
O,2,0,9,48452,72605561
O,2,0,8,85736,72592053
O,2,1,20,32409,72618634
O,3,0,9,85718,72572318
O,3,1,20,67006,72566964
O,3,0,9,48655,72566138
O,2,0,9,48453,72625290
O,3,0,8,48654,72585866
O,0,1,20,32754,72618691
O,1,0,9,48616,72625317
O,2,0,9,85737,72631514
O,3,1,21,67006,72586108
O,0,0,9,48818,72625351
O,1,0,9,85970,72631542
O,2,1,21,67114,72643564
O,3,1,20,67006,72605254
O,0,1,21,32752,72637837
O,1,1,21,67364,72643605
O,2,0,9,85738,72651238
O,3,0,9,48654,72605595
O,0,1,21,67256,72643587
O,1,0,9,85971,72651271
O,2,1,20,32408,72656926
O,3,1,20,32537,72618655
O,0,1,20,32753,72656983
O,1,1,20,67363,72662750
O,2,0,9,48455,72664748
O,3,0,9,48654,72625323
O,0,1,20,67255,72662732
O,1,0,9,48617,72664774
O,2,1,20,32409,72676071
O,3,0,9,85717,72631502
O,0,0,9,85954,72670998
O,2,0,9,48454,72684477
O,3,1,21,67004,72643546
O,0,1,20,67256,72681877
Q,72694357,0,1.38117,-1.72917,1.39672
Q,72694357,1,1.37377,-1.76037,1.39816
Q,72694357,2,1.39368,-1.62951,1.48339
Q,72694357,3,1.34688,-1.72372,1.39455
A,0,0,31.04,-2.62
ANG S0 | BS0 h= +31.04 v=  -2.62 deg
A,0,1,-20.96,-4.15
ANG S0 | BS1 h= -20.96 v=  -4.15 deg
A,1,0,30.75,-1.91
ANG S1 | BS0 h= +30.75 v=  -1.91 deg
A,1,1,-21.00,-3.44
ANG S1 | BS1 h= -21.00 v=  -3.44 deg
A,2,0,32.69,-5.89
ANG S2 | BS0 h= +32.69 v=  -5.89 deg
A,2,1,-21.74,-3.54
ANG S2 | BS1 h= -21.74 v=  -3.54 deg
A,3,0,30.42,-2.81
ANG S3 | BS0 h= +30.42 v=  -2.81 deg
A,3,1,-21.71,-4.25
ANG S3 | BS1 h= -21.71 v=  -4.25 deg
C_RAW,1.3739,-1.7107,1.4182
C,1.3739,-1.7107,1.0652
O,0,0,9,48819,72684538
O,0,1,21,67258,72701023
O,0,0,8,85953,72710455
O,0,1,21,32754,72695273
O,1,0,9,48616,72684504
O,1,1,21,32622,72714396
O,1,0,8,85971,72710458
O,1,1,21,67365,72701041
O,2,0,8,48454,72704205
O,2,1,21,67114,72720145
O,2,1,21,32407,72714360
O,3,0,9,85719,72670959
O,3,1,20,67005,72681837
O,3,0,9,48657,72664781
O,0,1,21,32752,72714418
O,1,1,21,67363,72720186
O,2,0,9,85737,72730154
O,3,0,9,85719,72690688
O,0,0,9,48818,72723995
O,1,1,20,32624,72733542
O,2,1,20,67116,72739290
O,3,1,21,32538,72695237
O,0,1,20,32754,72733563
O,2,0,9,85736,72749883
O,3,0,8,48654,72704239
O,0,0,9,48817,72743723
O,1,0,9,85968,72749915
O,2,1,21,67114,72758436
O,3,1,21,32536,72714382
O,0,0,9,85951,72749913
O,1,1,21,67364,72758477
O,2,0,9,48454,72763397
O,3,1,21,67004,72720127
O,0,1,21,67256,72758459
O,1,0,9,85971,72769648
O,2,1,21,32407,72771797
O,3,1,20,32537,72733527
O,0,0,9,85953,72769642
O,1,1,21,32623,72771833
O,3,1,20,67005,72739273
O,0,1,21,32753,72771856
O,1,1,21,67364,72777623
O,2,0,9,85737,72789339
Q,72794595,0,1.38116,-1.72921,1.39662
Q,72794595,1,1.37373,-1.76033,1.39821
Q,72794595,2,1.37464,-1.67399,1.45022
Q,72794595,3,1.34688,-1.72367,1.39465
A,0,0,31.04,-2.62
ANG S0 | BS0 h= +31.04 v=  -2.62 deg
A,0,1,-20.95,-4.15
ANG S0 | BS1 h= -20.95 v=  -4.15 deg
A,1,0,30.75,-1.91
ANG S1 | BS0 h= +30.75 v=  -1.91 deg
A,1,1,-21.00,-3.44
ANG S1 | BS1 h= -21.00 v=  -3.44 deg
A,2,0,31.77,-4.53
ANG S2 | BS0 h= +31.77 v=  -4.53 deg
A,2,1,-21.75,-3.54
ANG S2 | BS1 h= -21.75 v=  -3.54 deg
A,3,0,30.42,-2.81
ANG S3 | BS0 h= +30.42 v=  -2.81 deg
A,3,1,-21.71,-4.25
ANG S3 | BS1 h= -21.71 v=  -4.25 deg
C_RAW,1.3691,-1.7218,1.4099
C,1.3691,-1.7218,1.0545
O,0,0,9,48818,72783182
O,0,1,20,67257,72796750
O,0,0,8,85954,72809098
O,0,1,21,32755,72810145
O,1,1,21,32624,72810124
O,1,0,8,85972,72809101
O,1,1,21,67366,72815913
O,2,0,8,48455,72802849
O,2,1,21,67117,72815872
O,2,1,21,32409,72810087
O,3,0,9,85718,72769603
O,3,1,21,67004,72758419
O,3,1,21,32537,72771818
O,2,0,8,48453,72822578
O,3,0,9,85718,72789332
O,0,0,8,48818,72822638
O,1,0,8,85971,72828834
O,2,1,20,67117,72835017
O,3,1,20,32538,72790963
O,0,0,8,85953,72828828
O,1,1,20,32624,72829269
O,2,0,8,48454,72842308
O,3,1,20,67006,72796710
O,0,1,20,32754,72829294
O,1,1,21,32623,72848417
O,2,0,8,85738,72848520
O,3,0,8,85719,72809059
O,0,1,21,32754,72848436
O,1,0,8,85971,72848559
O,2,1,21,67116,72854163
O,3,1,21,32538,72810109
O,1,1,21,67365,72854204
O,2,1,21,32407,72867525
O,3,0,8,85717,72828790
O,0,0,8,48819,72862096
O,1,0,8,85971,72868288
O,2,1,21,67114,72873308
O,3,1,20,32537,72829254
O,0,1,21,32752,72867581
O,1,1,21,67363,72873350
O,2,0,8,48452,72881765
O,3,1,20,67005,72835000
O,0,0,8,48816,72881824
O,1,1,21,32622,72886705
Q,72894723,0,1.38117,-1.72923,1.39665
Q,72894723,1,1.37374,-1.76035,1.39821
Q,72894723,2,1.36223,-1.70286,1.43001
Q,72894723,3,1.34689,-1.72366,1.39464
A,0,0,31.04,-2.62
ANG S0 | BS0 h= +31.04 v=  -2.62 deg
A,0,1,-20.95,-4.15
ANG S0 | BS1 h= -20.95 v=  -4.15 deg
A,1,0,30.75,-1.91
ANG S1 | BS0 h= +30.75 v=  -1.91 deg
A,1,1,-21.00,-3.44
ANG S1 | BS1 h= -21.00 v=  -3.44 deg
A,2,0,31.18,-3.66
ANG S2 | BS0 h= +31.18 v=  -3.66 deg
A,2,1,-21.75,-3.53
ANG S2 | BS1 h= -21.75 v=  -3.53 deg
A,3,0,30.42,-2.81
ANG S3 | BS0 h= +30.42 v=  -2.81 deg
A,3,1,-21.71,-4.25
ANG S3 | BS1 h= -21.71 v=  -4.25 deg
C_RAW,1.3660,-1.7290,1.4049
C,1.3660,-1.7290,1.0480
O,0,0,9,85952,72907742
O,0,1,21,32753,72905872
O,1,0,9,48616,72901519
O,1,0,9,85969,72907744
O,1,1,21,67363,72911640
O,2,0,9,48453,72921221
O,2,1,21,67114,72911598
O,3,0,8,85717,72868247
O,3,1,21,67003,72873291
O,3,1,21,32536,72867545
O,0,1,21,67255,72911622
O,1,1,20,32624,72924995
O,2,1,20,67116,72930743
O,3,0,8,85716,72887975
O,0,1,20,32754,72925017
O,1,0,9,85968,72927478
O,2,0,8,85734,72887981
O,3,1,21,67003,72892436
O,0,0,9,85951,72927472
O,2,1,21,32407,72944106
O,3,1,21,32536,72905835
O,0,0,9,48818,72941010
O,1,0,9,85970,72947202
O,2,1,21,67115,72949889
O,3,0,9,85717,72907702
O,0,1,21,32753,72944162
O,1,1,21,67364,72949930
O,2,0,8,48455,72960679
O,3,0,9,48654,72921254
O,0,1,21,67256,72949914
O,1,1,20,32624,72963286
O,2,1,20,67116,72969034
O,3,0,9,85716,72927433
O,0,1,20,32754,72963307
O,1,0,8,85972,72966931
O,2,0,9,85736,72927444
O,3,1,20,67005,72930727
O,0,0,8,85955,72966928
O,1,0,8,48618,72980434
O,2,1,21,32408,72982396
O,3,1,21,32537,72944126
O,0,1,21,32754,72982453
O,1,0,8,85974,72986660
Q,72994758,0,1.38111,-1.72925,1.39660
Q,72994758,1,1.37376,-1.76029,1.39823
Q,72994758,2,1.35774,-1.71317,1.42298
Q,72994758,3,1.34683,-1.72363,1.39467
A,0,0,31.04,-2.62
ANG S0 | BS0 h= +31.04 v=  -2.62 deg
A,0,1,-20.96,-4.15
ANG S0 | BS1 h= -20.96 v=  -4.15 deg
A,1,0,30.75,-1.91
ANG S1 | BS0 h= +30.75 v=  -1.91 deg
A,1,1,-21.00,-3.44
ANG S1 | BS1 h= -21.00 v=  -3.44 deg
A,2,0,30.97,-3.35
ANG S2 | BS0 h= +30.97 v=  -3.35 deg
A,2,1,-21.75,-3.53
ANG S2 | BS1 h= -21.75 v=  -3.53 deg
A,3,0,30.42,-2.81
ANG S3 | BS0 h= +30.42 v=  -2.81 deg
A,3,1,-21.71,-4.25
ANG S3 | BS1 h= -21.71 v=  -4.25 deg
C_RAW,1.3649,-1.7316,1.4031
C,1.3649,-1.7316,1.0458
O,0,1,21,67257,73007348
O,0,0,8,85955,73006386
O,0,1,21,32754,73001598
O,1,0,9,48615,73019892
O,1,0,8,85973,73006389
O,1,1,21,67365,72988221
O,2,0,8,85739,72966897
O,2,1,21,67116,73007325
O,2,1,21,32409,73020686
O,3,0,8,85719,72966890
O,3,0,8,48656,72980440
O,1,0,9,85968,73026117
O,2,1,21,67117,73026470
O,3,0,8,85720,72986619
O,0,1,21,32754,73020743
O,1,1,21,67365,73026512
O,2,0,8,85740,72986627
O,3,0,8,48656,73000169
O,0,1,21,67258,73026494
O,1,1,20,67365,73045657
O,2,0,8,85738,73045807
O,3,0,8,85720,73006347
O,0,1,20,32754,73039889
O,1,0,8,85971,73045846
O,2,0,8,85739,73006350
O,3,1,21,67006,73007307
O,0,0,8,85953,73045843
O,1,1,20,32622,73059013
O,2,0,8,48455,73059322
O,3,0,9,85716,73026075
O,0,0,8,48820,73059383
O,2,0,8,85738,73065536
O,3,1,21,67006,73026452
O,0,1,20,67255,73064785
O,1,0,8,85971,73065576
O,2,0,8,48455,73079052
O,3,0,8,48655,73039630
O,0,1,20,32754,73078181
O,1,1,20,67365,73083948
O,2,0,8,85738,73085271
Q,73094898,0,1.38114,-1.72922,1.39659
Q,73094898,1,1.37377,-1.76035,1.39831
Q,73094898,2,1.49314,-1.38612,1.70317
Q,73094898,3,1.34684,-1.72359,1.39469
A,0,0,31.04,-2.62
ANG S0 | BS0 h= +31.04 v=  -2.62 deg
A,0,1,-20.96,-4.15
ANG S0 | BS1 h= -20.96 v=  -4.15 deg
A,1,0,30.75,-1.91
ANG S1 | BS0 h= +30.75 v=  -1.91 deg
A,1,1,-21.00,-3.44
ANG S1 | BS1 h= -21.00 v=  -3.44 deg
A,2,0,38.10,-13.91
ANG S2 | BS0 h= +38.10 v= -13.91 deg
A,2,1,-21.74,-3.53
ANG S2 | BS1 h= -21.74 v=  -3.53 deg
A,3,0,30.42,-2.81
ANG S3 | BS0 h= +30.42 v=  -2.81 deg
A,3,1,-21.71,-4.25
ANG S3 | BS1 h= -21.71 v=  -4.25 deg
C_RAW,1.3987,-1.6498,1.4732
C,1.3987,-1.6498,1.1360
RUN: main loop
O,0,0,8,48818,73098840
O,0,1,21,67257,73103075
O,0,0,8,85953,73105029
O,1,0,9,48616,73118535
O,1,1,21,32623,73097303
O,1,0,8,85970,73105032
O,1,1,21,67364,73103093
O,2,1,20,67117,73122197
O,2,0,8,85736,73104993
O,2,1,20,32409,73116413
O,3,0,8,85718,73065534
O,3,1,20,67005,73083889
O,3,1,20,32537,73078144
O,0,0,9,48819,73118569
O,1,1,20,67365,73122239
O,2,0,9,85738,73124722
O,3,0,8,85719,73085263
O,0,1,20,67256,73122221
O,1,1,20,32624,73135594
O,2,1,20,67117,73141344
O,3,0,8,48654,73098813
O,0,0,9,48819,73138299
O,2,0,9,85738,73144456
O,3,1,21,67006,73103034
O,0,1,20,67257,73141366
O,1,0,9,85971,73144490
O,2,0,9,48455,73157967
O,3,0,9,48656,73118542
O,0,1,21,32755,73154761
O,1,1,21,67365,73160530
O,2,0,9,85739,73164186
O,3,1,20,67005,73122179
O,0,0,9,48820,73158027
O,1,0,9,85972,73164219
O,2,1,21,32408,73173850
O,3,0,9,85718,73124719
O,0,0,9,85954,73164216
O,1,0,8,48618,73177725
O,2,1,21,67116,73179634
O,3,1,20,67006,73141326
O,0,0,8,48820,73177756
O,1,1,21,67364,73179675
O,2,0,8,85739,73183920
Q,73194936,0,1.38119,-1.72921,1.39660
Q,73194936,1,1.37380,-1.76034,1.39829
Q,73194936,2,1.46610,-1.45413,1.63575
Q,73194936,3,1.34686,-1.72360,1.39470
A,0,0,31.04,-2.62
ANG S0 | BS0 h= +31.04 v=  -2.62 deg
A,0,1,-20.95,-4.15
ANG S0 | BS1 h= -20.95 v=  -4.15 deg
A,1,0,30.75,-1.91
ANG S1 | BS0 h= +30.75 v=  -1.91 deg
A,1,1,-21.00,-3.44
ANG S1 | BS1 h= -21.00 v=  -3.44 deg
A,2,0,36.51,-11.55
ANG S2 | BS0 h= +36.51 v= -11.55 deg
A,2,1,-21.74,-3.53
ANG S2 | BS1 h= -21.74 v=  -3.53 deg
A,3,0,30.42,-2.81
ANG S3 | BS0 h= +30.42 v=  -2.81 deg
A,3,1,-21.71,-4.25
ANG S3 | BS1 h= -21.71 v=  -4.25 deg
C_RAW,1.3920,-1.6668,1.4563
C,1.3920,-1.6668,1.1143
O,0,0,8,48820,73217214
O,0,1,20,67256,73198803
O,0,1,20,32754,73212198
O,1,0,8,48618,73217180
O,1,0,8,85973,73203677
O,2,1,20,67116,73217924
O,2,0,8,85740,73203638
O,2,1,20,32409,73212140
O,3,0,9,85719,73144449
O,3,1,21,67006,73179615
O,3,0,9,48657,73157999
O,3,1,21,32537,73173871
O,1,1,20,67365,73217966
O,2,0,8,85739,73223367
O,3,0,8,85720,73183907
O,0,1,20,67256,73217948
O,1,0,9,48617,73236909
O,2,1,20,67115,73237070
O,3,0,8,48656,73197457
O,0,0,9,48820,73236942
O,2,0,9,85738,73243101
O,3,0,8,85720,73203634
O,0,1,20,67256,73237094
O,1,0,9,85971,73243135
O,2,0,9,48453,73256610
O,3,0,8,48655,73217186
O,0,1,20,32752,73250488
O,1,0,9,48616,73256637
O,2,0,9,85737,73262829
O,3,1,20,67005,73217906
O,0,0,9,48818,73256671
O,1,0,9,85969,73262863
O,2,1,20,32409,73269577
O,3,0,9,48656,73236915
O,0,1,20,32754,73269633
O,1,1,20,67365,73275402
O,2,0,8,85735,73282558
O,3,1,20,67005,73237051
O,0,1,20,67256,73275384
O,1,0,8,85969,73282591
O,2,1,20,32408,73288722
Q,73295254,0,1.38116,-1.72920,1.39664
Q,73295254,1,1.37379,-1.76032,1.39824
Q,73295254,2,1.44310,-1.51086,1.58291
Q,73295254,3,1.34691,-1.72360,1.39478
A,0,0,31.04,-2.62
ANG S0 | BS0 h= +31.04 v=  -2.62 deg
A,0,1,-20.96,-4.15
ANG S0 | BS1 h= -20.96 v=  -4.15 deg
A,1,0,30.75,-1.91
ANG S1 | BS0 h= +30.75 v=  -1.91 deg
A,1,1,-21.00,-3.44
ANG S1 | BS1 h= -21.00 v=  -3.44 deg
A,2,0,35.23,-9.66
ANG S2 | BS0 h= +35.23 v=  -9.66 deg
A,2,1,-21.74,-3.54
ANG S2 | BS1 h= -21.74 v=  -3.54 deg
A,3,0,30.43,-2.81
ANG S3 | BS0 h= +30.43 v=  -2.81 deg
A,3,1,-21.71,-4.25
ANG S3 | BS1 h= -21.71 v=  -4.25 deg
C_RAW,1.3862,-1.6810,1.4431
C,1.3862,-1.6810,1.0973
O,0,0,8,48818,73296128
O,0,1,20,67256,73313674
O,0,0,8,85951,73282588
O,0,1,20,32753,73307924
O,1,0,9,48615,73315823
O,1,0,8,85970,73302320
O,1,1,20,67364,73313692
O,2,0,9,48453,73315796
O,2,0,8,85736,73302287
O,2,1,20,32408,73307867
O,3,0,9,85717,73262822
O,3,1,20,67005,73275344
O,3,1,20,32538,73269597
O,2,1,20,32409,73327012
O,3,0,8,85716,73282550
O,0,0,9,48818,73315856
O,1,1,20,32624,73327048
O,2,0,8,48454,73335526
O,3,1,20,67005,73294488
O,0,1,20,32754,73327070
O,1,0,8,48616,73335552
O,2,0,8,85738,73341743
O,3,0,8,85717,73302279
O,0,0,8,48819,73335585
O,1,0,8,85971,73341777
O,2,1,21,67117,73351942
O,3,1,20,32537,73307888
O,0,1,21,32754,73346215
O,2,0,9,48454,73355254
O,3,0,9,48654,73315829
O,0,1,21,67258,73351965
O,1,0,9,85971,73361506
O,2,1,20,32408,73365304
O,3,1,20,32537,73327034
O,0,0,9,85954,73361503
O,1,1,20,67365,73371129
O,2,0,8,48455,73374983
O,3,1,20,67005,73332780
O,0,1,20,67256,73371111
O,1,0,8,48617,73375009
O,2,1,20,32408,73384449
O,3,0,8,85718,73341736
O,0,0,8,85954,73381232
O,1,1,20,32622,73384484
Q,73395643,0,1.38117,-1.72923,1.39662
Q,73395643,1,1.37376,-1.76035,1.39819
Q,73395643,2,1.39479,-1.62695,1.48535
Q,73395643,3,1.34689,-1.72361,1.39467
A,0,0,31.04,-2.62
ANG S0 | BS0 h= +31.04 v=  -2.62 deg
A,0,1,-20.95,-4.15
ANG S0 | BS1 h= -20.95 v=  -4.15 deg
A,1,0,30.75,-1.91
ANG S1 | BS0 h= +30.75 v=  -1.91 deg
A,1,1,-21.00,-3.44
ANG S1 | BS1 h= -21.00 v=  -3.44 deg
A,2,0,32.74,-5.97
ANG S2 | BS0 h= +32.74 v=  -5.97 deg
A,2,1,-21.74,-3.54
ANG S2 | BS1 h= -21.74 v=  -3.54 deg
A,3,0,30.43,-2.81
ANG S3 | BS0 h= +30.43 v=  -2.81 deg
A,3,1,-21.71,-4.25
ANG S3 | BS1 h= -21.71 v=  -4.25 deg
C_RAW,1.3742,-1.7100,1.4187
C,1.3742,-1.7100,1.0658
O,0,0,9,48819,73394771
O,0,1,21,67257,73409402
O,0,0,9,85953,73400960
O,0,1,20,32753,73384506
O,1,0,9,48617,73414467
O,1,0,9,85971,73400963
O,1,1,21,67365,73409420
O,2,0,9,48454,73414440
O,2,1,21,67116,73409378
O,2,0,9,85738,73400931
O,2,1,20,32410,73422740
O,3,0,8,85719,73381194
O,3,1,20,67005,73371070
O,3,1,20,32537,73365325
O,0,0,9,48820,73414500
O,1,1,20,32624,73422775
O,2,1,20,67117,73428525
O,0,1,20,32754,73422797
O,1,1,20,67365,73428566
O,2,0,9,85740,73440390
O,3,0,9,85719,73400923
O,0,0,9,48820,73434229
O,1,1,21,32624,73441921
O,2,1,21,67117,73447669
O,3,1,21,32538,73403616
O,0,0,9,85955,73440419
O,1,1,21,67365,73447711
O,2,0,9,48454,73453899
O,3,1,21,67006,73409360
O,0,0,9,48820,73453958
O,1,0,9,85971,73460150
O,2,1,21,67116,73466815
O,3,1,20,32539,73422761
O,0,0,9,85954,73460147
O,1,1,21,32624,73461066
O,2,0,9,48453,73473628
O,3,1,20,67006,73428508
O,0,1,21,32754,73461088
O,1,0,9,85970,73479879
O,2,1,20,32407,73480176
O,3,0,9,85720,73440381
O,0,0,9,85953,73479876
O,1,1,20,32622,73480212
O,2,1,20,67114,73485960
O,3,1,21,32538,73441907
O,0,1,20,32752,73480233
Q,73496034,0,1.38121,-1.72918,1.39674
Q,73496034,1,1.37379,-1.76035,1.39815
Q,73496034,2,1.37545,-1.67240,1.45144
Q,73496034,3,1.34693,-1.72363,1.39461
A,0,0,31.05,-2.62
ANG S0 | BS0 h= +31.05 v=  -2.62 deg
A,0,1,-20.95,-4.15
ANG S0 | BS1 h= -20.95 v=  -4.15 deg
A,1,0,30.75,-1.91
ANG S1 | BS0 h= +30.75 v=  -1.91 deg
A,1,1,-21.00,-3.44
ANG S1 | BS1 h= -21.00 v=  -3.44 deg
A,2,0,31.81,-4.58
ANG S2 | BS0 h= +31.81 v=  -4.58 deg
A,2,1,-21.74,-3.53
ANG S2 | BS1 h= -21.74 v=  -3.53 deg
A,3,0,30.43,-2.81
ANG S3 | BS0 h= +30.43 v=  -2.81 deg
A,3,1,-21.71,-4.25
ANG S3 | BS1 h= -21.71 v=  -4.25 deg
C_RAW,1.3693,-1.7214,1.4102
C,1.3693,-1.7214,1.0549
O,0,0,9,48818,73493415
O,0,0,9,85951,73499604
O,0,1,21,32752,73518524
O,1,1,21,32621,73499357
O,1,0,9,85968,73519336
O,1,1,21,67362,73505147
O,2,0,9,48453,73493356
O,2,1,21,67112,73524250
O,2,0,9,85736,73519297
O,2,1,21,32409,73461032
O,3,0,9,85718,73479838
O,3,1,21,67006,73466798
O,3,1,21,32538,73461052
O,0,0,9,85952,73519333
O,1,1,21,67362,73524292
O,2,0,8,48454,73532814
O,3,0,9,48654,73493388
O,0,0,8,48819,73532872
O,1,1,21,32621,73537647
O,2,1,21,67113,73543395
O,3,0,9,85717,73499565
O,0,1,21,32752,73537669
O,1,0,8,85971,73539070
O,2,0,9,85736,73499568
O,3,1,21,67003,73505087
O,0,0,8,85953,73539064
O,1,1,20,32624,73556792
O,2,0,8,85738,73558758
O,3,0,9,85717,73519294
O,0,1,20,32754,73556814
O,1,0,8,85971,73558793
O,2,1,20,67115,73562541
O,3,1,21,67003,73524232
O,0,0,8,85954,73558790
O,1,1,20,67365,73562582
O,2,1,21,32408,73575903
O,3,1,21,32536,73537633
O,0,0,8,48818,73572330
O,1,0,8,85971,73578522
O,3,0,8,85717,73539022
O,0,1,21,32754,73575959
O,1,1,21,67365,73581728
O,2,0,8,48453,73591999
Q,73596214,0,1.38119,-1.72922,1.39669
Q,73596214,1,1.37373,-1.76030,1.39824
Q,73596214,2,1.36270,-1.70179,1.43073
Q,73596214,3,1.34688,-1.72359,1.39464
A,0,0,31.04,-2.62
ANG S0 | BS0 h= +31.04 v=  -2.62 deg
A,0,1,-20.95,-4.15
ANG S0 | BS1 h= -20.95 v=  -4.15 deg
A,1,0,30.75,-1.91
ANG S1 | BS0 h= +30.75 v=  -1.91 deg
A,1,1,-21.00,-3.44
ANG S1 | BS1 h= -21.00 v=  -3.44 deg
A,2,0,31.20,-3.69
ANG S2 | BS0 h= +31.20 v=  -3.69 deg
A,2,1,-21.75,-3.54
ANG S2 | BS1 h= -21.75 v=  -3.54 deg
A,3,0,30.42,-2.81
ANG S3 | BS0 h= +30.42 v=  -2.81 deg
A,3,1,-21.71,-4.25
ANG S3 | BS1 h= -21.71 v=  -4.25 deg
C_RAW,1.3661,-1.7287,1.4051
C,1.3661,-1.7287,1.0483
O,0,1,21,67259,73600855
O,0,0,8,85952,73598248
O,0,1,21,32755,73614251
O,1,1,21,32624,73614229
O,1,0,9,85971,73617979
O,1,1,21,67366,73600873
O,2,0,8,85736,73598219
O,2,1,21,67118,73619978
O,2,0,8,85738,73578489
O,2,1,21,32409,73614193
O,3,0,8,85717,73578481
O,3,1,20,67005,73562523
O,3,0,8,48654,73572303
O,3,1,21,67006,73581669
O,0,0,9,85953,73617976
O,1,0,8,48615,73631482
O,2,1,20,32409,73633340
O,3,0,8,85716,73598210
O,0,1,20,32754,73633397
O,1,0,8,85970,73637709
O,2,1,20,67117,73639123
O,3,1,21,67007,73600813
O,0,0,8,85953,73637705
O,1,1,20,67365,73639165
O,2,1,21,32407,73652484
O,3,0,9,48656,73611760
O,0,1,20,67257,73639149
O,1,0,9,85970,73657439
O,2,1,21,67114,73658269
O,3,0,9,85719,73617937
O,0,1,21,32753,73652542
O,1,1,21,67364,73658310
O,2,0,9,85738,73617940
O,3,0,8,48654,73631489
O,0,1,21,67256,73658292
O,1,0,9,48616,73670940
O,2,1,21,67116,73677414
O,3,0,8,85717,73637667
O,0,1,21,32754,73671687
O,1,0,9,85971,73677167
O,2,0,8,85736,73637685
O,3,1,20,67006,73639105
O,0,1,21,67257,73677437
O,1,0,9,48616,73690669
Q,73696277,0,1.38121,-1.72924,1.39667
Q,73696277,1,1.37373,-1.76035,1.39820
Q,73696277,2,1.66466,-0.92938,2.25236
Q,73696277,3,1.34686,-1.72361,1.39460
A,0,0,31.04,-2.62
ANG S0 | BS0 h= +31.04 v=  -2.62 deg
A,0,1,-20.95,-4.15
ANG S0 | BS1 h= -20.95 v=  -4.15 deg
A,1,0,30.75,-1.91
ANG S1 | BS0 h= +30.75 v=  -1.91 deg
A,1,1,-21.00,-3.44
ANG S1 | BS1 h= -21.00 v=  -3.44 deg
A,2,0,52.00,-34.52
ANG S2 | BS0 h= +52.00 v= -34.52 deg
A,2,1,-21.74,-3.54
ANG S2 | BS1 h= -21.74 v=  -3.54 deg
A,3,0,30.42,-2.81
ANG S3 | BS0 h= +30.42 v=  -2.81 deg
A,3,1,-21.71,-4.25
ANG S3 | BS1 h= -21.71 v=  -4.25 deg
C_RAW,1.4416,-1.5356,1.6105
C,1.4416,-1.5356,1.3128
O,0,0,8,48818,73710431
O,0,1,21,67255,73696583
O,0,0,9,85953,73696892
O,0,1,21,32752,73690832
O,1,0,8,85971,73716623
O,1,1,21,67364,73696601
O,2,0,9,85738,73677137
O,2,0,8,48454,73710371
O,2,1,21,32407,73690775
O,3,0,9,85719,73677128
O,3,1,21,67004,73658251
O,3,0,9,48655,73670947
O,3,1,21,67006,73677397
O,0,0,8,85953,73716620
O,1,1,20,32624,73729101
O,2,1,20,67117,73734850
O,3,1,21,67004,73696542
O,0,0,8,48818,73730161
O,2,0,8,85736,73736318
O,3,0,9,85719,73696854
O,0,1,20,67256,73734874
O,1,0,8,85970,73736352
O,2,0,9,48454,73749829
O,3,1,20,32538,73709942
O,0,1,20,32754,73748269
O,1,0,9,48616,73749855
O,2,0,9,85738,73756048
O,3,1,20,67005,73715686
O,0,0,9,48819,73749889
O,1,1,20,67365,73754037
O,2,1,20,67117,73715705
O,3,0,8,85718,73716581
O,0,0,9,85953,73756078
O,1,0,9,48616,73769584
O,2,1,20,67114,73773141
O,3,1,20,67005,73734834
O,0,0,9,48819,73769618
O,1,1,20,67363,73773182
O,2,0,9,85738,73775777
O,3,0,8,85717,73736312
O,0,1,20,67255,73773165
O,1,1,20,32624,73786538
O,2,0,9,48454,73789287
O,3,0,9,48655,73749862
Q,73796544,0,1.38116,-1.72922,1.39668
Q,73796544,1,1.37373,-1.76032,1.39816
Q,73796544,2,1.54262,-1.25844,1.84096
Q,73796544,3,1.34686,-1.72359,1.39459
A,0,0,31.04,-2.62
ANG S0 | BS0 h= +31.04 v=  -2.62 deg
A,0,1,-20.96,-4.15
ANG S0 | BS1 h= -20.96 v=  -4.15 deg
A,1,0,30.75,-1.91
ANG S1 | BS0 h= +30.75 v=  -1.91 deg
A,1,1,-21.00,-3.44
ANG S1 | BS1 h= -21.00 v=  -3.44 deg
A,2,0,41.33,-18.70
ANG S2 | BS0 h= +41.33 v= -18.70 deg
A,2,1,-21.75,-3.53
ANG S2 | BS1 h= -21.75 v=  -3.53 deg
A,3,0,30.42,-2.81
ANG S3 | BS0 h= +30.42 v=  -2.81 deg
A,3,1,-21.71,-4.26
ANG S3 | BS1 h= -21.71 v=  -4.26 deg
C_RAW,1.4111,-1.6179,1.5076
C,1.4111,-1.6179,1.1803
O,0,0,9,48819,73809075
O,0,1,21,67256,73811455
O,0,0,9,85953,73795535
O,1,0,9,48616,73809041
O,1,0,9,85971,73795538
O,1,1,21,67364,73811473
O,2,0,9,85737,73815228
O,2,1,20,67114,73773141
O,3,0,9,85718,73775769
O,3,1,20,67003,73773126
O,3,1,20,32536,73767378
O,1,1,20,32624,73824828
O,2,1,20,67115,73830577
O,3,0,9,48656,73789319
O,0,0,9,48818,73828804
O,1,1,20,67364,73830618
O,2,0,9,85737,73834962
O,3,1,20,67005,73792270
O,0,1,20,67256,73830601
O,1,0,9,85970,73834995
O,2,0,9,48454,73848473
O,3,0,9,48655,73809048
O,0,1,21,32754,73843995
O,1,1,21,67364,73849764
O,2,0,9,85738,73854691
O,3,1,21,67005,73811413
O,0,0,9,48819,73848532
O,1,0,9,85971,73854725
O,2,1,20,32409,73863084
O,3,1,20,32537,73824814
O,0,1,20,32755,73863141
O,1,0,8,48618,73868227
O,2,1,20,67117,73868867
O,3,1,20,67005,73830561
O,0,0,8,48820,73868261
O,2,1,21,32408,73882233
O,3,0,9,85717,73834955
O,0,1,20,67256,73868891
O,1,0,8,48617,73887957
O,2,1,21,67116,73888013
O,3,0,9,48656,73848505
Q,73896786,0,1.38118,-1.72919,1.39665
Q,73896786,1,1.37375,-1.76028,1.39818
Q,73896786,2,1.71329,-1.32543,1.38931
Q,73896786,3,1.34684,-1.72356,1.39462
A,0,0,31.04,-2.62
ANG S0 | BS0 h= +31.04 v=  -2.62 deg
A,0,1,-20.95,-4.15
ANG S0 | BS1 h= -20.95 v=  -4.15 deg
A,1,0,30.75,-1.91
ANG S1 | BS0 h= +30.75 v=  -1.91 deg
A,1,1,-21.00,-3.44
ANG S1 | BS1 h= -21.00 v=  -3.44 deg
A,2,0,39.09,-15.38
ANG S2 | BS0 h= +39.09 v= -15.38 deg
A,2,1,-14.46,-10.90
ANG S2 | BS1 h= -14.46 v= -10.90 deg
A,3,0,30.42,-2.81
ANG S3 | BS0 h= +30.42 v=  -2.81 deg
A,3,1,-21.71,-4.25
ANG S3 | BS1 h= -21.71 v=  -4.25 deg
C_RAW,1.4538,-1.6346,1.3947
C,1.4538,-1.6346,1.0349
O,0,0,8,48817,73907719
O,0,1,21,67257,73907182
O,0,1,21,32754,73901431
O,1,0,8,48615,73907685
O,1,1,20,32623,73920555
O,1,0,8,85971,73894182
O,1,1,21,67365,73907200
O,2,0,8,85736,73913872
O,2,1,20,32408,73920519
O,2,0,9,48453,73927387
O,2,1,21,67116,73907158
O,3,0,8,85718,73874412
O,3,1,20,67005,73868850
O,3,0,8,48655,73868234
O,3,0,8,48654,73887963
O,0,1,20,32753,73920577
O,1,0,9,48616,73927414
O,2,0,9,85737,73933611
O,3,0,8,85718,73894141
O,0,0,9,48818,73927447
O,1,0,9,85970,73933641
O,2,0,9,48452,73947117
O,3,1,21,67006,73907140
O,0,1,21,32754,73939722
O,1,1,21,67365,73945492
O,2,0,9,85736,73953338
O,3,0,8,48653,73907691
O,0,0,9,48817,73947176
O,1,0,9,85968,73953372
O,2,1,21,32407,73958811
O,3,1,20,32537,73920541
O,0,1,21,32753,73958867
O,1,1,21,67364,73964636
O,2,0,9,48454,73966845
O,3,0,9,48655,73927420
O,0,1,21,67256,73964618
O,1,0,9,48617,73966871
O,2,1,21,32408,73977956
O,3,0,9,85717,73933599
O,0,0,9,85953,73973094
O,1,1,21,32623,73977991
O,2,0,9,48454,73986574
O,3,1,21,67006,73945433
O,0,1,21,32754,73978013
O,1,0,9,48617,73986600
Q,73997036,0,1.38116,-1.72923,1.39665
Q,73997036,1,1.37372,-1.76030,1.39812
Q,73997036,2,1.60109,-1.53227,1.26284
Q,73997036,3,1.34685,-1.72360,1.39460
A,0,0,31.04,-2.62
ANG S0 | BS0 h= +31.04 v=  -2.62 deg
A,0,1,-20.96,-4.15
ANG S0 | BS1 h= -20.96 v=  -4.15 deg
A,1,0,30.75,-1.92
ANG S1 | BS0 h= +30.75 v=  -1.92 deg
A,1,1,-21.00,-3.44
ANG S1 | BS1 h= -21.00 v=  -3.44 deg
A,2,0,34.72,-8.90
ANG S2 | BS0 h= +34.72 v=  -8.90 deg
A,2,1,-15.92,-9.43
ANG S2 | BS1 h= -15.92 v=  -9.43 deg
A,3,0,30.42,-2.81
ANG S3 | BS0 h= +30.42 v=  -2.81 deg
A,3,1,-21.71,-4.25
ANG S3 | BS1 h= -21.71 v=  -4.25 deg
C_RAW,1.4257,-1.6863,1.3631
C,1.4257,-1.6863,0.9942
O,0,0,9,48819,73986633
O,0,1,21,67256,74002908
O,0,0,8,85953,74012551
O,0,1,21,32754,73997158
O,1,1,20,32624,74016282
O,1,0,8,85971,74012554
O,1,1,21,67364,74002926
O,2,0,9,85738,73992792
O,2,1,20,32408,74016246
O,2,0,8,48454,74006302
O,2,1,20,67115,74022030
O,3,0,9,85719,73973056
O,3,1,21,67005,73983722
O,3,0,9,48656,73966878
O,0,1,20,32754,74016303
O,2,0,9,85737,74032252
O,3,0,9,85719,73992785
O,0,0,9,48819,74026091
O,1,0,9,85970,74032284
O,2,1,20,67117,74041176
O,3,1,21,32537,73997122
O,0,1,20,32754,74035449
O,1,1,20,67365,74041217
O,2,0,8,48453,74045760
O,3,0,8,48655,74006335
O,0,0,8,48818,74045820
O,1,0,8,85970,74052011
O,2,1,20,32410,74054538
O,3,1,20,32537,74016267
O,0,0,8,85952,74052009
O,1,1,20,67366,74060363
O,2,0,8,48453,74065490
O,3,1,20,67005,74022012
O,0,1,20,67257,74060345
O,1,0,8,85970,74071741
O,2,1,20,32409,74073683
O,3,0,9,85718,74032243
O,0,0,8,85952,74071737
O,1,1,20,32624,74073718
O,2,1,20,67117,74079467
O,3,1,20,67006,74041158
O,0,1,20,32755,74073740
O,1,1,20,67366,74079508
O,2,1,20,32410,74092829
O,3,0,8,85717,74051971
Q,74097234,0,1.38116,-1.72923,1.39661
Q,74097234,1,1.37376,-1.76032,1.39811
Q,74097234,2,1.48529,-1.61523,1.34456
Q,74097234,3,1.34688,-1.72360,1.39466
A,0,0,31.04,-2.62
ANG S0 | BS0 h= +31.04 v=  -2.62 deg
A,0,1,-20.95,-4.15
ANG S0 | BS1 h= -20.95 v=  -4.15 deg
A,1,0,30.75,-1.92
ANG S1 | BS0 h= +30.75 v=  -1.92 deg
A,1,1,-21.00,-3.44
ANG S1 | BS1 h= -21.00 v=  -3.44 deg
A,2,0,33.07,-6.46
ANG S2 | BS0 h= +33.07 v=  -6.46 deg
A,2,1,-18.76,-6.55
ANG S2 | BS1 h= -18.76 v=  -6.55 deg
A,3,0,30.42,-2.81
ANG S3 | BS0 h= +30.42 v=  -2.81 deg
A,3,1,-21.71,-4.25
ANG S3 | BS1 h= -21.71 v=  -4.25 deg
C_RAW,1.3968,-1.7071,1.3835
C,1.3968,-1.7071,1.0205
RUN: main loop
O,0,0,9,48818,74085277
O,0,0,9,85953,74111195
O,0,1,20,32755,74112031
O,1,1,20,32624,74112009
O,1,0,9,85970,74111198
O,1,1,20,67366,74098654
O,2,1,20,32410,74111973
O,2,0,9,48453,74104945
O,2,1,20,67117,74117757
O,3,0,8,85717,74071699
O,3,1,20,67006,74060304
O,3,1,20,32539,74073704
O,3,0,9,85718,74091428
O,0,0,9,48819,74124734
O,1,0,9,85971,74130927
O,2,1,20,67117,74136903
O,3,1,20,32539,74092849
O,0,0,9,85954,74130925
O,1,1,20,32624,74131156
O,2,0,9,48452,74144404
O,3,1,20,67006,74098596
O,0,1,20,32754,74131178
O,1,1,20,32622,74150299
O,2,0,9,85737,74150618
O,3,0,9,85718,74111155
O,0,1,20,32752,74150324
O,1,0,9,85969,74150655
O,2,1,20,67114,74156048
O,3,1,20,32538,74111995
O,0,0,9,85952,74150652
O,1,1,20,67363,74156089
O,2,1,20,32408,74169410
O,3,0,9,85719,74130890
O,0,0,8,48819,74164195
O,1,0,8,85971,74170384
O,2,1,20,67114,74175193
O,3,1,20,32538,74131141
O,0,1,20,32753,74169469
O,2,0,9,48453,74183861
O,3,1,20,67005,74136886
O,0,1,20,67255,74175217
O,1,1,20,32624,74188590
O,2,0,9,85737,74190080
O,3,0,9,85717,74150614
Q,74197629,0,1.38114,-1.72919,1.39661
Q,74197629,1,1.37376,-1.76034,1.39812
Q,74197629,2,1.43316,-1.66615,1.36114
Q,74197629,3,1.34693,-1.72362,1.39458
A,0,0,31.04,-2.62
ANG S0 | BS0 h= +31.04 v=  -2.62 deg
A,0,1,-20.96,-4.15
ANG S0 | BS1 h= -20.96 v=  -4.15 deg
A,1,0,30.75,-1.92
ANG S1 | BS0 h= +30.75 v=  -1.92 deg
A,1,1,-21.00,-3.44
ANG S1 | BS1 h= -21.00 v=  -3.44 deg
A,2,0,32.01,-4.89
ANG S2 | BS0 h= +32.01 v=  -4.89 deg
A,2,1,-19.83,-5.47
ANG S2 | BS1 h= -19.83 v=  -5.47 deg
A,3,0,30.42,-2.81
ANG S3 | BS0 h= +30.42 v=  -2.81 deg
A,3,1,-21.71,-4.25
ANG S3 | BS1 h= -21.71 v=  -4.25 deg
C_RAW,1.3837,-1.7198,1.3876
C,1.3837,-1.7198,1.0258
O,0,0,9,48819,74203650
O,0,1,20,67255,74213507
O,0,0,9,85953,74190110
O,0,1,20,32753,74207757
O,1,0,8,48615,74223345
O,1,0,9,85970,74209841
O,1,1,20,67363,74213525
O,2,1,20,32408,74207699
O,2,0,8,48453,74223318
O,2,1,20,67115,74213484
O,3,0,8,85718,74170343
O,3,1,20,67004,74175176
O,3,1,20,32537,74169430
O,2,0,8,85736,74229531
O,3,0,9,85718,74190072
O,0,1,20,32755,74226902
O,1,0,8,85970,74229570
O,2,1,20,67117,74232630
O,0,0,8,85953,74229567
O,1,1,20,67366,74232672
O,2,1,20,32410,74245992
O,3,1,20,32537,74207721
O,0,0,8,48818,74243107
O,1,0,8,85969,74249300
O,2,1,20,67117,74251775
O,3,0,9,85718,74209799
O,0,1,20,32755,74246052
O,2,0,8,48455,74262776
O,3,0,8,48654,74223351
O,0,1,20,67257,74251798
O,1,1,20,32623,74265172
O,3,0,8,85717,74229528
O,0,1,20,32754,74265194
O,1,0,8,85971,74269028
O,2,0,8,85736,74229531
O,0,0,8,85954,74269025
O,1,0,9,48615,74282531
O,2,1,20,32409,74284282
O,3,0,8,85717,74249258
O,0,1,20,32754,74284339
O,1,0,9,85970,74288757
Q,74297901,0,1.38115,-1.72919,1.39661
Q,74297901,1,1.37375,-1.76039,1.39813
Q,74297901,2,1.39900,-1.68302,1.39557
Q,74297901,3,1.34690,-1.72363,1.39459
A,0,0,31.04,-2.62
ANG S0 | BS0 h= +31.04 v=  -2.62 deg
A,0,1,-20.96,-4.15
ANG S0 | BS1 h= -20.96 v=  -4.15 deg
A,1,0,30.75,-1.91
ANG S1 | BS0 h= +30.75 v=  -1.91 deg
A,1,1,-21.00,-3.44
ANG S1 | BS1 h= -21.00 v=  -3.44 deg
A,2,0,31.64,-4.33
ANG S2 | BS0 h= +31.64 v=  -4.33 deg
A,2,1,-20.77,-4.53
ANG S2 | BS1 h= -20.77 v=  -4.53 deg
A,3,0,30.42,-2.81
ANG S3 | BS0 h= +30.42 v=  -2.81 deg
A,3,1,-21.71,-4.25
ANG S3 | BS1 h= -21.71 v=  -4.25 deg
C_RAW,1.3752,-1.7241,1.3962
C,1.3752,-1.7241,1.0369
O,0,1,20,67256,74309235
O,0,0,9,85953,74288754
O,0,1,20,32754,74303485
O,1,0,8,48618,74321989
O,1,0,9,85969,74308485
O,1,1,20,67365,74309253
O,2,0,8,85738,74268995
O,2,1,20,32409,74322572
O,2,1,20,67117,74309211
O,3,0,9,85718,74288716
O,3,1,20,67005,74270902
O,3,0,8,48655,74262808
O,0,1,20,32755,74322630
O,1,0,8,85971,74328214
O,2,1,20,67117,74328357
O,3,1,20,67005,74290048
O,0,0,8,85954,74328211
O,2,1,21,32409,74341731
O,3,0,9,48654,74302266
O,0,0,8,48818,74341751
O,1,1,21,67365,74347544
O,2,0,8,85737,74347907
O,3,1,20,32538,74303449
O,0,1,21,32754,74341775
O,1,0,8,85971,74347948
O,2,0,9,85737,74308447
O,3,1,20,67005,74309193
O,1,1,20,32623,74360899
O,2,0,9,85737,74367633
O,3,1,20,32538,74322594
O,0,0,9,48818,74361480
O,1,1,20,67364,74366690
O,2,0,8,85738,74328175
O,3,0,8,85718,74328172
O,0,1,20,67255,74366671
O,1,1,20,32622,74380044
O,2,0,9,48454,74381148
O,3,0,8,48654,74341735
O,0,0,9,48819,74381208
O,1,1,20,67363,74385834
O,2,0,9,85738,74387371
O,3,1,21,67006,74347486
Q,74398273,0,1.38115,-1.72918,1.39664
Q,74398273,1,1.37374,-1.76036,1.39816
Q,74398273,2,1.54659,-1.28821,1.77864
Q,74398273,3,1.34690,-1.72364,1.39457
A,0,0,31.04,-2.62
ANG S0 | BS0 h= +31.04 v=  -2.62 deg
A,0,1,-20.96,-4.15
ANG S0 | BS1 h= -20.96 v=  -4.15 deg
A,1,0,30.75,-1.91
ANG S1 | BS0 h= +30.75 v=  -1.91 deg
A,1,1,-21.00,-3.44
ANG S1 | BS1 h= -21.00 v=  -3.44 deg
A,2,0,40.51,-17.49
ANG S2 | BS0 h= +40.51 v= -17.49 deg
A,2,1,-21.12,-4.17
ANG S2 | BS1 h= -21.12 v=  -4.17 deg
A,3,0,30.42,-2.81
ANG S3 | BS0 h= +30.42 v=  -2.81 deg
A,3,1,-21.71,-4.25
ANG S3 | BS1 h= -21.71 v=  -4.25 deg
C_RAW,1.4121,-1.6253,1.4920
C,1.4121,-1.6253,1.1602
O,0,0,8,48819,74420666
O,0,1,21,67256,74404962
O,0,1,21,32754,74399213
O,1,0,8,48614,74400903
O,1,1,20,32624,74418335
O,1,0,9,85971,74387405
O,1,1,20,67365,74424125
O,2,0,8,85735,74407090
O,2,0,8,48455,74420605
O,2,1,20,67115,74366648
O,3,0,9,85717,74367629
O,3,1,20,67005,74366630
O,3,0,9,48655,74381181
O,3,1,20,32537,74360885
O,2,0,8,85738,74426819
O,3,1,20,67004,74385776
O,0,1,20,67257,74424107
O,1,0,8,85971,74426858
O,2,1,21,32408,74437452
O,3,1,21,32538,74399177
O,0,1,21,32754,74437505
O,1,0,9,48614,74440361
O,3,1,21,67005,74404920
O,0,0,9,48816,74440394
O,1,1,21,67365,74443271
O,2,1,21,67116,74404938
O,3,0,8,85716,74407087
O,0,1,21,67257,74443252
O,1,1,20,32623,74456626
O,2,1,20,67115,74462374
O,3,0,8,48655,74420638
O,0,0,8,48819,74460123
O,1,1,20,67364,74462416
O,2,0,8,85738,74466282
O,3,1,20,67005,74424065
O,0,1,20,67255,74462398
O,1,0,8,85971,74466315
O,3,0,9,48653,74440367
O,0,1,21,32752,74475793
O,1,0,8,48618,74479818
O,2,0,8,85739,74486012
O,3,1,21,67006,74443211
O,0,0,8,48820,74479853
O,1,1,21,67364,74481561
Q,74498273,0,1.38113,-1.72919,1.39667
Q,74498273,1,1.37374,-1.76037,1.39818
Q,74498273,2,1.51166,-1.37164,1.69418
Q,74498273,3,1.34686,-1.72363,1.39452
A,0,0,31.04,-2.62
ANG S0 | BS0 h= +31.04 v=  -2.62 deg
A,0,1,-20.96,-4.15
ANG S0 | BS1 h= -20.96 v=  -4.15 deg
A,1,0,30.75,-1.91
ANG S1 | BS0 h= +30.75 v=  -1.91 deg
A,1,1,-21.00,-3.44
ANG S1 | BS1 h= -21.00 v=  -3.44 deg
A,2,0,38.44,-14.41
ANG S2 | BS0 h= +38.44 v= -14.41 deg
A,2,1,-21.24,-4.04
ANG S2 | BS1 h= -21.24 v=  -4.04 deg
A,3,0,30.42,-2.81
ANG S3 | BS0 h= +30.42 v=  -2.81 deg
A,3,1,-21.71,-4.25
ANG S3 | BS1 h= -21.71 v=  -4.25 deg
C_RAW,1.4033,-1.6462,1.4709
C,1.4033,-1.6462,1.1330
O,0,0,8,48818,74519310
O,0,1,21,67257,74500689
O,0,1,20,32755,74514084
O,1,0,8,48616,74519276
O,1,0,9,85972,74505773
O,1,1,21,67365,74500708
O,2,0,9,85740,74505734
O,2,1,20,32410,74514026
O,2,1,20,67117,74519810
O,3,0,8,85718,74466274
O,3,1,21,67004,74481503
O,3,0,8,48656,74479825
O,1,1,20,67365,74519852
O,2,1,20,32409,74533173
O,3,0,8,85719,74486004
O,0,1,20,67257,74519834
O,1,1,20,32624,74533207
O,2,0,9,48454,74538978
O,3,0,9,48657,74499554
O,0,1,20,67257,74538980
O,2,0,9,85738,74545198
O,3,1,21,67006,74500647
O,0,0,9,48819,74539039
O,1,0,9,85971,74545231
O,2,1,20,67115,74558101
O,3,0,8,48654,74519283
O,0,1,20,32754,74552374
O,2,0,9,85735,74564926
O,0,1,20,67256,74558125
O,1,0,9,85967,74564960
O,2,1,20,32408,74571463
O,3,0,8,85717,74525460
O,0,1,20,32753,74571520
O,1,1,20,67363,74577288
O,2,0,8,48453,74578436
O,3,0,9,48655,74539012
O,0,1,20,67255,74577270
O,1,0,8,48615,74578462
O,2,1,20,32406,74590608
O,3,0,9,85719,74545190
O,0,0,8,48818,74578496
Q,74598294,0,1.38115,-1.72921,1.39664
Q,74598294,1,1.37373,-1.76040,1.39809
Q,74598294,2,1.45564,-1.50134,1.57577
Q,74598294,3,1.34688,-1.72364,1.39457
A,0,0,31.04,-2.62
ANG S0 | BS0 h= +31.04 v=  -2.62 deg
A,0,1,-20.96,-4.15
ANG S0 | BS1 h= -20.96 v=  -4.15 deg
A,1,0,30.75,-1.91
ANG S1 | BS0 h= +30.75 v=  -1.91 deg
A,1,1,-21.00,-3.44
ANG S1 | BS1 h= -21.00 v=  -3.44 deg
A,2,0,35.45,-9.98
ANG S2 | BS0 h= +35.45 v=  -9.98 deg
A,2,1,-21.42,-3.86
ANG S2 | BS1 h= -21.42 v=  -3.86 deg
A,3,0,30.42,-2.81
ANG S3 | BS0 h= +30.42 v=  -2.81 deg
A,3,1,-21.71,-4.25
ANG S3 | BS1 h= -21.71 v=  -4.25 deg
C_RAW,1.3894,-1.6786,1.4413
C,1.3894,-1.6786,1.0949
O,0,0,8,48817,74598224
O,0,1,20,67255,74615560
O,0,1,20,32753,74609810
O,1,0,9,48615,74617919
O,1,1,20,32621,74590643
O,1,0,8,85969,74604416
O,1,1,20,67363,74615578
O,2,0,9,85736,74624106
O,2,1,20,32408,74609752
O,2,0,9,48452,74617892
O,3,0,8,85716,74584647
O,3,1,20,67004,74577229
O,3,0,9,48652,74558742
O,0,0,9,48817,74617953
O,1,1,20,32623,74628933
O,2,1,20,67115,74634682
O,3,1,20,67003,74596374
O,0,1,20,32753,74628955
O,1,1,20,67365,74634724
O,2,0,9,85738,74643840
O,3,0,8,48653,74598197
O,0,0,9,48820,74637681
O,1,0,9,85971,74643873
O,2,1,20,67115,74653827
O,3,1,20,32537,74609774
O,0,1,20,32752,74648101
O,1,1,20,67363,74653869
O,2,0,9,48454,74657351
O,3,0,9,48654,74617926
O,0,1,20,67255,74653851
O,1,0,9,85971,74663602
O,2,1,21,32408,74667190
O,3,1,20,32537,74628919
O,0,0,9,85953,74663599
O,1,1,21,32623,74667224
O,2,0,9,48453,74677080
O,3,1,20,67005,74634666
O,0,1,21,32754,74667246
O,1,0,9,48616,74677105
O,2,0,9,85738,74683298
O,3,0,9,85719,74643833
O,0,0,9,48819,74677139
O,1,1,21,32623,74686369
O,2,1,21,67116,74692118
O,3,1,20,32536,74648064
Q,74698543,0,1.38112,-1.72915,1.39671
Q,74698543,1,1.37367,-1.76035,1.39815
Q,74698543,2,1.40259,-1.62209,1.47904
Q,74698543,3,1.34683,-1.72367,1.39457
A,0,0,31.04,-2.62
ANG S0 | BS0 h= +31.04 v=  -2.62 deg
A,0,1,-20.96,-4.15
ANG S0 | BS1 h= -20.96 v=  -4.15 deg
A,1,0,30.75,-1.91
ANG S1 | BS0 h= +30.75 v=  -1.91 deg
A,1,1,-21.00,-3.44
ANG S1 | BS1 h= -21.00 v=  -3.44 deg
A,2,0,32.86,-6.14
ANG S2 | BS0 h= +32.86 v=  -6.14 deg
A,2,1,-21.54,-3.74
ANG S2 | BS1 h= -21.54 v=  -3.74 deg
A,3,0,30.42,-2.81
ANG S3 | BS0 h= +30.42 v=  -2.81 deg
A,3,1,-21.71,-4.25
ANG S3 | BS1 h= -21.71 v=  -4.25 deg
C_RAW,1.3761,-1.7088,1.4171
C,1.3761,-1.7088,1.0638
O,0,0,9,48820,74716597
O,0,0,9,85953,74703057
O,0,1,20,32755,74705537
O,1,1,20,32624,74705515
O,1,0,9,85971,74722789
O,1,1,20,67366,74711305
O,2,0,9,85738,74722750
O,2,1,20,32410,74705479
O,2,0,9,48454,74716536
O,3,0,9,85719,74683290
O,3,1,21,67005,74672956
O,3,0,9,48656,74657383
O,3,1,21,32538,74667210
O,2,1,20,67118,74730410
O,3,1,21,32538,74686355
O,0,1,20,32755,74724682
O,1,1,20,67367,74730451
O,2,0,8,48456,74736267
O,3,0,9,48656,74696841
O,0,0,8,48820,74736327
O,1,0,8,85974,74742518
O,2,1,20,32410,74743772
O,3,1,20,32539,74705501
O,0,0,8,85955,74742515
O,1,1,20,32624,74743806
O,2,0,8,48456,74755995
O,3,1,20,67006,74711245
O,0,1,20,32755,74743828
O,1,1,20,67366,74749597
O,2,1,21,32409,74762918
O,3,0,9,85719,74722747
O,0,0,8,48820,74756055
O,1,1,21,32624,74762952
O,2,1,21,67118,74768701
O,3,1,20,32539,74724646
O,0,0,8,85955,74762248
O,1,1,21,67365,74768742
O,2,0,9,48452,74775724
O,3,1,20,67007,74730391
O,0,0,9,48817,74775784
O,1,0,9,85968,74781975
O,2,1,20,32409,74782062
O,3,1,20,32539,74743792
O,0,0,9,85951,74781973
O,1,1,20,32624,74782098
O,2,1,20,67117,74787846
O,3,1,20,67007,74749539
Q,74798748,0,1.38113,-1.72914,1.39674
Q,74798748,1,1.37376,-1.76044,1.39804
Q,74798748,2,1.38828,-1.64807,1.46511
Q,74798748,3,1.34695,-1.72370,1.39453
A,0,0,31.04,-2.62
ANG S0 | BS0 h= +31.04 v=  -2.62 deg
A,0,1,-20.96,-4.15
ANG S0 | BS1 h= -20.96 v=  -4.15 deg
A,1,0,30.75,-1.91
ANG S1 | BS0 h= +30.75 v=  -1.91 deg
A,1,1,-21.00,-3.44
ANG S1 | BS1 h= -21.00 v=  -3.44 deg
A,2,0,32.31,-5.33
ANG S2 | BS0 h= +32.31 v=  -5.33 deg
A,2,1,-21.66,-3.62
ANG S2 | BS1 h= -21.66 v=  -3.62 deg
A,3,0,30.42,-2.81
ANG S3 | BS0 h= +30.42 v=  -2.81 deg
A,3,1,-21.71,-4.25
ANG S3 | BS1 h= -21.71 v=  -4.25 deg
C_RAW,1.3725,-1.7153,1.4136
C,1.3725,-1.7153,1.0593
O,0,0,9,48818,74795512
O,0,0,9,85952,74801701
O,0,1,20,32755,74820410
O,1,1,20,32624,74820388
O,1,0,8,85971,74821433
O,1,1,20,67364,74807033
O,2,0,8,85738,74821394
O,2,0,8,48454,74815180
O,2,1,20,67116,74826137
O,3,0,9,85717,74781935
O,3,1,21,67007,74768684
O,3,1,21,32539,74762938
O,3,1,20,32539,74782083
O,0,0,8,85953,74821430
O,2,0,9,48453,74834911
O,3,0,9,48655,74795485
O,0,0,9,48818,74834969
O,1,1,20,32624,74839534
O,2,1,20,67117,74845282
O,3,0,9,85718,74801662
O,0,1,20,32754,74839556
O,1,0,9,85970,74841161
O,2,0,9,85737,74801665
O,3,1,20,67005,74806973
O,0,1,20,67257,74845306
O,1,0,8,48618,74854665
O,2,0,8,85738,74860862
O,3,0,8,85718,74821391
O,0,1,20,32755,74858701
O,1,0,8,85972,74860895
O,2,1,20,67117,74864428
O,3,1,20,67005,74826119
O,0,0,8,85955,74860888
O,2,1,20,32409,74877790
O,3,1,20,32538,74839519
O,0,1,20,32754,74877848
O,1,0,9,85968,74880619
O,2,1,20,67116,74883573
O,3,0,9,85718,74841122
O,0,0,9,85951,74880616
O,1,1,20,67365,74883615
O,2,0,8,48454,74894096
Q,74898866,0,1.38113,-1.72919,1.39668
Q,74898866,1,1.37377,-1.76038,1.39805
Q,74898866,2,1.57104,-1.18752,1.92032
Q,74898866,3,1.34695,-1.72368,1.39449
A,0,0,31.04,-2.62
ANG S0 | BS0 h= +31.04 v=  -2.62 deg
A,0,1,-20.96,-4.15
ANG S0 | BS1 h= -20.96 v=  -4.15 deg
A,1,0,30.75,-1.92
ANG S1 | BS0 h= +30.75 v=  -1.92 deg
A,1,1,-21.00,-3.44
ANG S1 | BS1 h= -21.00 v=  -3.44 deg
A,2,0,43.30,-21.61
ANG S2 | BS0 h= +43.30 v= -21.61 deg
A,2,1,-21.67,-3.60
ANG S2 | BS1 h= -21.67 v=  -3.60 deg
A,3,0,30.42,-2.81
ANG S3 | BS0 h= +30.42 v=  -2.81 deg
A,3,1,-21.71,-4.25
ANG S3 | BS1 h= -21.71 v=  -4.25 deg
C_RAW,1.4182,-1.6002,1.5274
C,1.4182,-1.6002,1.2058
O,0,0,8,48819,74913884
O,0,0,8,85954,74900346
O,0,1,21,32754,74916137
O,1,0,8,48618,74913851
O,1,1,20,32624,74896970
O,1,0,8,85971,74920076
O,1,1,21,67364,74921905
O,2,1,21,32408,74916080
O,2,0,8,85738,74860862
O,2,1,20,67117,74902719
O,3,0,9,85717,74880578
O,3,1,20,67006,74864411
O,3,0,9,48654,74874400
O,2,0,9,85736,74880586
O,3,1,20,67005,74883556
O,0,1,21,67256,74921887
O,1,0,8,48615,74933579
O,2,1,20,67117,74941009
O,3,0,8,85718,74900308
O,0,1,20,32754,74935285
O,1,0,8,85970,74939805
O,2,0,8,85738,74900315
O,0,0,8,85952,74939802
O,1,0,8,48616,74953308
O,2,1,20,32406,74954370
O,3,0,8,48655,74913857
O,0,1,20,32752,74954428
O,1,0,8,85971,74959534
O,2,1,20,67114,74960155
O,3,0,8,85718,74920034
O,0,0,8,85953,74959531
O,1,1,20,67362,74960196
O,2,1,20,32409,74973515
O,3,0,8,48653,74933586
O,0,1,20,67254,74960181
O,1,0,9,85970,74979262
O,2,1,20,67115,74979299
O,3,0,8,85717,74939764
O,0,1,20,32754,74973573
O,1,1,20,67363,74979341
O,2,0,8,85736,74939773
O,3,1,20,67005,74940991
O,0,1,20,67255,74979323
O,1,1,21,32621,74992696
Q,74998890,0,1.38110,-1.72913,1.39666
Q,74998890,1,1.37372,-1.76035,1.39810
Q,74998890,2,1.66932,-0.91840,2.26611
Q,74998890,3,1.34693,-1.72372,1.39445
A,0,0,31.04,-2.62
ANG S0 | BS0 h= +31.04 v=  -2.62 deg
A,0,1,-20.96,-4.15
ANG S0 | BS1 h= -20.96 v=  -4.15 deg
A,1,0,30.75,-1.92
ANG S1 | BS0 h= +30.75 v=  -1.92 deg
A,1,1,-21.00,-3.44
ANG S1 | BS1 h= -21.00 v=  -3.44 deg
A,2,0,52.43,-35.15
ANG S2 | BS0 h= +52.43 v= -35.15 deg
A,2,1,-21.71,-3.57
ANG S2 | BS1 h= -21.71 v=  -3.57 deg
A,3,0,30.42,-2.81
ANG S3 | BS0 h= +30.42 v=  -2.81 deg
A,3,1,-21.71,-4.25
ANG S3 | BS1 h= -21.71 v=  -4.25 deg
C_RAW,1.4428,-1.5329,1.6138
C,1.4428,-1.5329,1.3171
O,0,0,8,48818,75012528
O,0,1,21,67254,74998470
O,0,1,21,32754,75011863
O,1,0,8,85970,75018720
O,1,1,21,67364,75017631
O,2,0,8,48453,75012467
O,2,0,9,85738,74979229
O,3,0,9,85718,74979221
O,3,1,20,67004,74979281
O,3,0,9,48655,74973043
O,1,1,20,32623,75030989
O,2,0,9,48453,75032198
O,3,1,21,67002,74998428
O,0,0,9,48819,75032256
O,2,0,9,85738,75038414
O,3,0,8,85718,74998950
O,0,1,20,67256,75036758
O,1,1,21,32624,75050132
O,2,0,8,48455,75051925
O,3,1,21,32537,75011827
O,0,1,21,32754,75050155
O,1,1,21,67365,75055924
O,2,0,8,85738,75058145
O,3,1,21,67004,75017571
O,0,0,8,48819,75051985
O,1,0,8,85971,75058177
O,2,1,21,32408,75069243
O,3,1,20,32537,75030974
O,0,0,8,85953,75058174
O,1,0,8,48618,75071680
O,2,0,8,85739,75077873
O,0,0,8,48820,75071714
O,1,1,21,67365,75075068
O,2,1,20,67116,75036735
O,3,0,9,85719,75038408
O,0,1,21,67257,75075050
O,1,1,21,32624,75088423
O,2,1,21,67117,75094172
O,3,0,8,48655,75051958
Q,75099058,0,1.38111,-1.72912,1.39666
Q,75099058,1,1.37376,-1.76033,1.39811
Q,75099058,2,1.54644,-1.25021,1.84908
Q,75099058,3,1.34689,-1.72363,1.39457
A,0,0,31.04,-2.62
ANG S0 | BS0 h= +31.04 v=  -2.62 deg
A,0,1,-20.96,-4.15
ANG S0 | BS1 h= -20.96 v=  -4.15 deg
A,1,0,30.75,-1.92
ANG S1 | BS0 h= +30.75 v=  -1.92 deg
A,1,1,-21.00,-3.44
ANG S1 | BS1 h= -21.00 v=  -3.44 deg
A,2,0,41.55,-19.03
ANG S2 | BS0 h= +41.55 v= -19.03 deg
A,2,1,-21.72,-3.56
ANG S2 | BS1 h= -21.72 v=  -3.56 deg
A,3,0,30.42,-2.81
ANG S3 | BS0 h= +30.42 v=  -2.81 deg
A,3,1,-21.71,-4.26
ANG S3 | BS1 h= -21.71 v=  -4.26 deg
C_RAW,1.4120,-1.6158,1.5096
C,1.4120,-1.6158,1.1829
RUN: main loop
O,0,0,8,48818,75111172
O,0,1,20,67256,75113341
O,0,1,20,32754,75107590
O,1,0,8,48615,75111138
O,1,0,8,85970,75117364
O,1,1,21,67365,75094213
O,2,0,8,48453,75111111
O,2,1,21,67116,75075026
O,2,0,8,85736,75117325
O,3,0,8,85719,75077865
O,3,1,21,67006,75075009
O,3,1,21,32537,75069263
O,2,0,8,48454,75130840
O,3,0,8,48655,75091415
O,0,0,8,48818,75130900
O,1,1,20,67365,75132505
O,2,0,8,85738,75137059
O,3,1,21,67006,75094155
O,0,1,20,67256,75132486
O,1,0,8,85971,75137092
O,2,1,21,32409,75145825
O,3,0,8,48653,75111144
O,0,1,21,32754,75145881
O,1,0,8,48618,75150596
O,2,0,8,85738,75156788
O,3,1,20,67005,75113299
O,0,0,8,48820,75150629
O,1,1,21,67365,75151650
O,2,1,20,32408,75164970
O,3,0,8,85717,75117321
O,0,1,20,32753,75165028
O,1,0,8,48615,75170324
O,2,1,20,67115,75170753
O,3,1,20,67005,75132449
O,0,0,8,48818,75170358
O,1,1,20,67363,75170796
O,2,0,8,85736,75176518
O,3,0,8,85718,75137052
O,0,1,20,67256,75170777
O,1,1,21,67363,75189940
O,2,0,8,48455,75190026
O,3,0,8,48655,75150602
O,0,1,21,67255,75189922
Q,75199521,0,1.38112,-1.72914,1.39665
Q,75199521,1,1.37377,-1.76032,1.39812
Q,75199521,2,1.45734,-1.47723,1.61275
Q,75199521,3,1.34688,-1.72367,1.39456
A,0,0,31.04,-2.62
ANG S0 | BS0 h= +31.04 v=  -2.62 deg
A,0,1,-20.96,-4.15
ANG S0 | BS1 h= -20.96 v=  -4.15 deg
A,1,0,30.75,-1.92
ANG S1 | BS0 h= +30.75 v=  -1.92 deg
A,1,1,-21.00,-3.44
ANG S1 | BS1 h= -21.00 v=  -3.44 deg
A,2,0,35.98,-10.77
ANG S2 | BS0 h= +35.98 v= -10.77 deg
A,2,1,-21.72,-3.56
ANG S2 | BS1 h= -21.72 v=  -3.56 deg
A,3,0,30.42,-2.81
ANG S3 | BS0 h= +30.42 v=  -2.81 deg
A,3,1,-21.71,-4.25
ANG S3 | BS1 h= -21.71 v=  -4.25 deg
C_RAW,1.3898,-1.6726,1.4505
C,1.3898,-1.6726,1.1068
O,0,0,9,48820,75209816
O,0,1,21,67256,75209067
O,0,1,21,32754,75203317
O,1,0,9,48618,75209782
O,1,1,21,32624,75222440
O,1,0,8,85971,75196280
O,1,1,21,67364,75209085
O,2,0,9,48453,75229484
O,2,1,21,32408,75203261
O,2,0,9,85740,75215969
O,3,0,8,85717,75176509
O,3,1,21,67004,75189882
O,3,0,8,48654,75170331
O,0,1,21,32754,75222462
O,1,1,21,67365,75228230
O,2,0,9,85737,75235704
O,3,0,8,48656,75190060
O,0,0,9,48818,75229544
O,1,0,9,85970,75235736
O,2,1,20,32407,75241551
O,3,1,21,32538,75203281
O,0,1,20,32752,75241607
O,2,0,9,48453,75249214
O,3,0,9,48657,75209788
O,0,1,20,67255,75247360
O,1,0,9,48615,75249240
O,2,1,20,32409,75260696
O,3,0,9,85720,75215966
O,0,0,9,85952,75255462
O,2,0,8,48454,75268942
O,3,1,21,67006,75228171
O,0,1,20,67257,75266503
O,1,0,8,48617,75268968
O,2,1,21,32408,75279842
O,3,0,9,85718,75235696
O,0,0,8,48819,75269002
O,1,1,21,32623,75279876
O,2,1,21,67117,75285627
O,3,1,20,67004,75247317
O,0,1,21,32754,75279898
O,1,1,21,67365,75285667
O,2,0,8,85738,75294889
O,3,0,9,48654,75249246
Q,75300094,0,1.38112,-1.72917,1.39663
Q,75300094,1,1.37376,-1.76032,1.39813
Q,75300094,2,1.40300,-1.60868,1.49896
Q,75300094,3,1.34689,-1.72363,1.39459
A,0,0,31.04,-2.62
ANG S0 | BS0 h= +31.04 v=  -2.62 deg
A,0,1,-20.96,-4.15
ANG S0 | BS1 h= -20.96 v=  -4.15 deg
A,1,0,30.75,-1.92
ANG S1 | BS0 h= +30.75 v=  -1.92 deg
A,1,1,-21.00,-3.44
ANG S1 | BS1 h= -21.00 v=  -3.44 deg
A,2,0,33.13,-6.54
ANG S2 | BS0 h= +33.13 v=  -6.54 deg
A,2,1,-21.73,-3.55
ANG S2 | BS1 h= -21.73 v=  -3.55 deg
A,3,0,30.42,-2.81
ANG S3 | BS0 h= +30.42 v=  -2.81 deg
A,3,1,-21.71,-4.25
ANG S3 | BS1 h= -21.71 v=  -4.25 deg
C_RAW,1.3762,-1.7054,1.4221
C,1.3762,-1.7054,1.0702
O,0,0,8,48820,75308459
O,0,0,8,85954,75294919
O,0,1,21,32754,75318190
O,1,0,8,48618,75308425
O,1,0,8,85972,75314651
O,1,1,21,67365,75323958
O,2,0,9,48454,75328127
O,2,1,20,32409,75298988
O,2,0,8,85739,75314612
O,2,1,21,67116,75323916
O,3,0,8,85718,75275153
O,3,1,20,67006,75266462
O,3,1,21,32538,75279862
O,3,1,21,67006,75285608
O,0,1,21,67257,75323940
O,1,0,9,85971,75334383
O,2,1,21,32409,75337279
O,3,0,8,85718,75294881
O,0,0,9,85953,75334378
O,1,1,21,32624,75337313
O,2,0,8,48452,75347857
O,3,1,20,67006,75304754
O,0,1,21,32755,75337335
O,1,1,21,67365,75343103
O,2,0,8,85735,75354075
O,3,0,8,85719,75314609
O,0,0,8,48817,75347918
O,1,1,21,32623,75356459
O,3,1,21,32537,75318154
O,0,1,21,32754,75356481
O,1,1,21,67365,75362249
O,2,0,9,48453,75367586
O,3,1,21,67006,75323898
O,0,0,9,48817,75367645
O,1,0,9,85968,75373837
O,2,1,20,32409,75375570
O,3,1,21,32538,75337299
O,0,0,9,85951,75373834
O,1,1,20,32624,75375604
O,2,0,8,48454,75387314
O,3,1,21,67006,75343045
O,0,1,20,32754,75375626
O,2,1,21,32409,75394714
O,3,0,8,85716,75354068
Q,75400472,0,1.38112,-1.72922,1.39659
Q,75400472,1,1.37380,-1.76032,1.39816
Q,75400472,2,1.38092,-1.66050,1.45938
Q,75400472,3,1.34692,-1.72368,1.39457
A,0,0,31.04,-2.62
ANG S0 | BS0 h= +31.04 v=  -2.62 deg
A,0,1,-20.96,-4.15
ANG S0 | BS1 h= -20.96 v=  -4.15 deg
A,1,0,30.75,-1.92
ANG S1 | BS0 h= +30.75 v=  -1.92 deg
A,1,1,-21.00,-3.44
ANG S1 | BS1 h= -21.00 v=  -3.44 deg
A,2,0,32.05,-4.94
ANG S2 | BS0 h= +32.05 v=  -4.94 deg
A,2,1,-21.73,-3.55
ANG S2 | BS1 h= -21.73 v=  -3.55 deg
A,3,0,30.42,-2.81
ANG S3 | BS0 h= +30.42 v=  -2.81 deg
A,3,1,-21.71,-4.25
ANG S3 | BS1 h= -21.71 v=  -4.25 deg
C_RAW,1.3707,-1.7184,1.4122
C,1.3707,-1.7184,1.0574
O,0,0,8,48819,75387374
O,0,1,21,67258,75400522
O,0,0,8,85954,75413292
O,0,1,21,32752,75413917
O,1,1,21,32622,75413895
O,1,0,8,85971,75413295
O,1,1,21,67363,75419685
O,2,0,9,48453,75426771
O,2,1,21,32407,75413860
O,2,1,21,67114,75419644
O,3,0,9,85716,75373796
O,3,1,21,67006,75362190
O,3,1,20,32538,75375590
O,3,0,8,85718,75393526
O,0,0,9,48818,75426832
O,1,0,9,48615,75426798
O,2,1,20,67114,75438789
O,3,1,21,32538,75394736
O,0,0,9,85952,75433023
O,1,0,9,85969,75433031
O,2,0,9,48453,75446504
O,3,1,21,67006,75400481
O,0,0,9,48818,75446562
O,1,1,21,32623,75452186
O,2,0,9,85737,75452713
O,3,1,21,32536,75413881
O,0,1,21,32754,75452208
O,1,0,9,85970,75452752
O,2,1,21,67116,75457935
O,3,1,21,67004,75419626
O,0,0,9,85952,75452749
O,1,0,9,48616,75466256
O,2,0,9,85738,75472447
O,3,0,9,85717,75432984
O,0,1,21,32754,75471353
O,1,0,9,85970,75472481
O,2,1,21,67116,75477080
O,3,1,20,32536,75433032
O,0,0,9,85953,75472478
O,1,1,21,67364,75477121
O,2,0,9,48454,75485958
O,3,0,9,48654,75446534
O,0,0,9,48819,75486018
O,1,0,9,85971,75492210
O,2,1,20,67117,75496225
Q,75500797,0,1.38115,-1.72923,1.39659
Q,75500797,1,1.37375,-1.76033,1.39818
Q,75500797,2,1.36634,-1.69414,1.43549
Q,75500797,3,1.34689,-1.72369,1.39457
A,0,0,31.04,-2.62
ANG S0 | BS0 h= +31.04 v=  -2.62 deg
A,0,1,-20.95,-4.15
ANG S0 | BS1 h= -20.95 v=  -4.15 deg
A,1,0,30.75,-1.91
ANG S1 | BS0 h= +30.75 v=  -1.91 deg
A,1,1,-21.00,-3.44
ANG S1 | BS1 h= -21.00 v=  -3.44 deg
A,2,0,31.36,-3.92
ANG S2 | BS0 h= +31.36 v=  -3.92 deg
A,2,1,-21.73,-3.55
ANG S2 | BS1 h= -21.73 v=  -3.55 deg
A,3,0,30.42,-2.81
ANG S3 | BS0 h= +30.42 v=  -2.81 deg
A,3,1,-21.71,-4.25
ANG S3 | BS1 h= -21.71 v=  -4.25 deg
C_RAW,1.3670,-1.7268,1.4062
C,1.3670,-1.7268,1.0497
O,0,1,20,67257,75496249
O,0,0,8,85951,75511935
O,0,1,21,32752,75509644
O,1,1,21,32622,75509622
O,1,0,8,85969,75511938
O,1,1,21,67362,75515412
O,2,0,8,48451,75525414
O,2,0,8,85735,75511899
O,2,1,21,67114,75515370
O,3,0,9,85718,75472440
O,3,1,21,67005,75457917
O,3,0,9,48656,75485990
O,3,1,21,32538,75471317
O,0,0,8,48816,75525475
O,1,0,8,85968,75531667
O,3,0,9,85719,75492169
O,0,1,21,32752,75528789
O,1,1,21,67362,75534560
O,2,0,8,48454,75545145
O,0,1,21,67254,75534540
O,1,0,8,48616,75545170
O,2,1,20,67115,75553661
O,3,0,8,85716,75511896
O,0,1,20,32754,75547934
O,1,0,8,85970,75551407
O,2,0,8,85735,75511899
O,3,1,21,67004,75515352
O,0,0,8,85953,75551393
O,1,1,20,67364,75553702
O,2,1,20,32409,75567023
O,3,0,8,48653,75525448
O,0,1,20,32754,75567083
O,1,0,8,85971,75571126
O,2,1,20,67116,75572806
O,3,0,8,85715,75531625
O,0,0,8,85953,75571121
O,1,1,20,67365,75572848
O,2,0,8,48453,75584601
O,3,0,8,48655,75545176
O,0,1,20,67256,75572830
O,1,0,8,85970,75590853
O,2,1,21,67117,75591952
O,3,0,8,85717,75551353
O,0,1,21,32754,75586226
Q,75601172,0,1.38110,-1.72924,1.39656
Q,75601172,1,1.37369,-1.76030,1.39816
Q,75601172,2,1.36103,-1.70621,1.42724
Q,75601172,3,1.34684,-1.72365,1.39449
A,0,0,31.04,-2.62
ANG S0 | BS0 h= +31.04 v=  -2.62 deg
A,0,1,-20.96,-4.15
ANG S0 | BS1 h= -20.96 v=  -4.15 deg
A,1,0,30.75,-1.92
ANG S1 | BS0 h= +30.75 v=  -1.92 deg
A,1,1,-21.00,-3.44
ANG S1 | BS1 h= -21.00 v=  -3.44 deg
A,2,0,31.12,-3.56
ANG S2 | BS0 h= +31.12 v=  -3.56 deg
A,2,1,-21.74,-3.55
ANG S2 | BS1 h= -21.74 v=  -3.55 deg
A,3,0,30.42,-2.81
ANG S3 | BS0 h= +30.42 v=  -2.81 deg
A,3,1,-21.71,-4.25
ANG S3 | BS1 h= -21.71 v=  -4.25 deg
C_RAW,1.3657,-1.7299,1.4041
C,1.3657,-1.7299,1.0470
O,0,1,21,67256,75611120
O,0,0,8,85954,75610578
O,0,1,21,32754,75605370
O,1,0,8,48618,75604356
O,1,0,8,85971,75610581
O,1,1,20,67366,75630284
O,2,0,9,85739,75630272
O,2,1,20,32409,75624458
O,2,1,21,67116,75611097
O,3,0,8,85717,75571085
O,3,1,20,67005,75572789
O,3,0,8,48653,75584633
O,3,0,8,85717,75590812
O,0,1,20,32754,75624516
O,1,0,9,85972,75630310
O,2,0,8,85736,75590819
O,3,1,21,67006,75591933
O,0,0,9,85954,75630307
O,1,1,21,32623,75643639
O,2,0,8,48454,75643787
O,3,0,8,85718,75610539
O,0,0,8,48819,75643847
O,1,1,21,67365,75649430
O,2,0,8,85738,75650000
O,3,1,21,67005,75611079
O,0,1,21,67257,75649413
O,1,0,8,85971,75650039
O,2,0,9,48455,75663517
O,3,0,9,48656,75624091
O,0,1,20,32754,75662807
O,2,0,9,85740,75669730
O,3,1,20,67006,75630224
O,0,0,9,48820,75663576
O,1,0,9,85972,75669774
O,2,1,20,67117,75630243
O,3,1,21,32538,75643625
O,0,0,9,85954,75669765
O,1,0,8,48618,75683272
O,2,0,8,85739,75689464
O,3,1,21,67006,75649371
O,0,0,8,48820,75683305
O,1,1,20,67365,75687720
O,2,1,21,67116,75649388
Q,75701282,0,1.38115,-1.72920,1.39663
Q,75701282,1,1.37375,-1.76028,1.39821
Q,75701282,2,1.35345,-1.72361,1.41570
Q,75701282,3,1.34686,-1.72367,1.39449
A,0,0,31.04,-2.62
ANG S0 | BS0 h= +31.04 v=  -2.62 deg
A,0,1,-20.96,-4.15
ANG S0 | BS1 h= -20.96 v=  -4.15 deg
A,1,0,30.75,-1.92
ANG S1 | BS0 h= +30.75 v=  -1.92 deg
A,1,1,-21.00,-3.44
ANG S1 | BS1 h= -21.00 v=  -3.44 deg
A,2,0,30.76,-3.04
ANG S2 | BS0 h= +30.76 v=  -3.04 deg
A,2,1,-21.74,-3.54
ANG S2 | BS1 h= -21.74 v=  -3.54 deg
A,3,0,30.42,-2.81
ANG S3 | BS0 h= +30.42 v=  -2.81 deg
A,3,1,-21.71,-4.25
ANG S3 | BS1 h= -21.71 v=  -4.25 deg
C_RAW,1.3638,-1.7342,1.4013
C,1.3638,-1.7342,1.0434
O,0,0,8,48818,75722763
O,0,1,20,67255,75706848
O,0,0,9,85953,75709223
O,1,0,8,48615,75722729
O,1,1,20,32623,75701076
O,1,0,9,85970,75709226
O,1,1,20,67364,75706866
O,2,0,8,85736,75728916
O,2,1,20,32408,75720185
O,2,0,9,48453,75702975
O,3,0,8,85718,75649997
O,3,1,20,67005,75687662
O,3,0,9,48657,75663549
O,3,1,20,32537,75681916
O,1,1,20,67363,75726011
O,2,1,20,67116,75687679
O,3,0,8,85719,75689456
O,0,1,20,67256,75725993
O,1,1,20,32624,75739366
O,2,1,20,67115,75745114
O,3,0,9,48655,75703007
O,0,0,9,48817,75742492
O,1,1,20,67365,75745156
O,3,1,20,67004,75706806
O,0,1,20,67256,75745138
O,1,0,9,85968,75748683
O,2,1,20,32407,75758477
O,3,1,20,32537,75720206
O,0,1,20,32752,75758533
O,1,0,8,48615,75762186
O,2,0,8,85736,75768379
O,3,1,20,67004,75725951
O,0,0,8,48818,75762220
O,1,1,20,67363,75764301
O,3,0,8,85717,75728913
O,0,1,20,67255,75764284
O,1,0,8,48617,75781915
O,2,1,20,67114,75783405
O,3,1,20,67005,75745098
O,0,0,8,48819,75781951
O,2,0,8,85738,75788120
O,3,0,9,85716,75748642
O,0,1,20,67255,75783428
Q,75801918,0,1.38113,-1.72920,1.39667
Q,75801918,1,1.37371,-1.76032,1.39810
Q,75801918,2,1.35063,-1.72981,1.41179
Q,75801918,3,1.34687,-1.72361,1.39459
A,0,0,31.04,-2.62
ANG S0 | BS0 h= +31.04 v=  -2.62 deg
A,0,1,-20.96,-4.15
ANG S0 | BS1 h= -20.96 v=  -4.15 deg
A,1,0,30.75,-1.92
ANG S1 | BS0 h= +30.75 v=  -1.92 deg
A,1,1,-21.00,-3.44
ANG S1 | BS1 h= -21.00 v=  -3.44 deg
A,2,0,30.64,-2.85
ANG S2 | BS0 h= +30.64 v=  -2.85 deg
A,2,1,-21.74,-3.54
ANG S2 | BS1 h= -21.74 v=  -3.54 deg
A,3,0,30.42,-2.81
ANG S3 | BS0 h= +30.42 v=  -2.81 deg
A,3,1,-21.71,-4.25
ANG S3 | BS1 h= -21.71 v=  -4.25 deg
C_RAW,1.3631,-1.7357,1.4003
C,1.3631,-1.7357,1.0421
O,0,0,8,48820,75821406
O,0,1,20,32752,75815969
O,1,0,8,48618,75821373
O,1,0,8,85972,75807869
O,1,1,20,67363,75821737
O,2,0,8,85739,75827559
O,2,1,20,32408,75815911
O,2,1,20,67115,75821696
O,3,0,8,85716,75768371
O,3,1,20,67004,75764243
O,3,0,8,48655,75781921
O,3,0,8,85718,75788106
O,0,1,20,67256,75821719
O,1,0,8,85972,75827598
O,2,0,9,48453,75841074
O,3,0,8,48655,75801650
O,0,1,20,32754,75835116
O,1,0,9,48615,75841101
O,2,0,9,85737,75847299
O,3,1,20,67005,75802533
O,0,0,9,48818,75841135
O,1,0,9,85970,75847328
O,2,1,20,32409,75854203
O,3,0,8,48655,75821379
O,0,1,20,32754,75854264
O,1,1,20,67365,75860028
O,2,0,8,85737,75867022
O,3,1,20,67004,75821677
O,0,1,20,67257,75860010
O,1,0,8,85970,75867056
O,2,1,20,32407,75873349
O,3,0,8,85719,75827556
O,0,0,8,85953,75867053
O,1,1,20,67365,75879174
O,2,0,9,48453,75880533
O,3,1,20,67005,75840824
O,0,1,20,67256,75879155
O,1,0,9,48616,75880559
O,2,1,20,32409,75892494
O,3,0,9,85718,75847291
O,0,0,9,48819,75880593
O,1,1,20,32624,75892529
Q,75902159,0,1.38113,-1.72921,1.39666
Q,75902159,1,1.37375,-1.76034,1.39815
Q,75902159,2,1.34668,-1.73879,1.40612
Q,75902159,3,1.34687,-1.72362,1.39459
A,0,0,31.04,-2.62
ANG S0 | BS0 h= +31.04 v=  -2.62 deg
A,0,1,-20.96,-4.15
ANG S0 | BS1 h= -20.96 v=  -4.15 deg
A,1,0,30.75,-1.91
ANG S1 | BS0 h= +30.75 v=  -1.91 deg
A,1,1,-21.00,-3.44
ANG S1 | BS1 h= -21.00 v=  -3.44 deg
A,2,0,30.46,-2.58
ANG S2 | BS0 h= +30.46 v=  -2.58 deg
A,2,1,-21.74,-3.54
ANG S2 | BS1 h= -21.74 v=  -3.54 deg
A,3,0,30.42,-2.81
ANG S3 | BS0 h= +30.42 v=  -2.81 deg
A,3,1,-21.71,-4.25
ANG S3 | BS1 h= -21.71 v=  -4.25 deg
C_RAW,1.3621,-1.7380,1.3989
C,1.3621,-1.7380,1.0403
O,0,0,8,48819,75900323
O,0,0,8,85953,75906511
O,0,1,20,32754,75911696
O,1,0,9,48615,75920017
O,1,0,8,85971,75906514
O,2,0,9,85737,75926203
O,2,1,20,32408,75911639
O,2,0,9,48453,75919990
O,3,0,9,85718,75886744
O,3,1,20,67005,75879115
O,3,0,8,48654,75860837
O,3,1,20,32536,75873369
O,0,0,9,48818,75920050
O,1,1,20,32624,75930820
O,2,1,20,67117,75936569
O,3,1,20,67005,75898260
O,0,1,20,32754,75930842
O,2,0,8,85738,75945937
O,3,0,8,48654,75900294
O,0,0,8,48819,75939779
O,1,0,8,85971,75945971
O,2,1,20,32409,75949931
O,3,1,20,32537,75911660
O,0,0,8,85954,75945968
O,1,1,20,67365,75955755
O,2,0,9,48452,75959450
O,3,1,20,67005,75917405
O,0,1,20,67257,75955737
O,1,0,9,85968,75965703
O,2,1,21,32409,75969076
O,3,0,9,85718,75926200
O,0,0,9,85951,75965697
O,1,1,21,32624,75969111
O,2,0,8,48454,75979177
O,3,1,20,67005,75936553
O,0,1,21,32754,75969132
O,1,0,8,48617,75979203
O,2,0,8,85738,75985394
O,3,0,8,85718,75945930
O,0,0,8,48819,75979236
O,1,1,20,32624,75988256
O,2,1,20,67116,75994005
O,3,1,20,32538,75949952
O,0,1,20,32754,75988278
Q,76002249,0,1.38115,-1.72919,1.39662
Q,76002249,1,1.37374,-1.76035,1.39809
Q,76002249,2,1.34326,-1.74662,1.40126
Q,76002249,3,1.34686,-1.72366,1.39459
A,0,0,31.04,-2.62
ANG S0 | BS0 h= +31.04 v=  -2.62 deg
A,0,1,-20.96,-4.15
ANG S0 | BS1 h= -20.96 v=  -4.15 deg
A,1,0,30.75,-1.92
ANG S1 | BS0 h= +30.75 v=  -1.92 deg
A,1,1,-21.00,-3.44
ANG S1 | BS1 h= -21.00 v=  -3.44 deg
A,2,0,30.30,-2.35
ANG S2 | BS0 h= +30.30 v=  -2.35 deg
A,2,1,-21.74,-3.54
ANG S2 | BS1 h= -21.74 v=  -3.54 deg
A,3,0,30.42,-2.81
ANG S3 | BS0 h= +30.42 v=  -2.81 deg
A,3,1,-21.71,-4.25
ANG S3 | BS1 h= -21.71 v=  -4.25 deg
C_RAW,1.3613,-1.7400,1.3976
C,1.3613,-1.7400,1.0387
O,0,0,9,48817,76018693
O,0,1,20,67256,75994028
O,0,0,8,85953,76005154
O,0,1,20,32753,76007423
O,1,1,20,32622,76007401
O,1,0,9,85968,76024885
O,1,1,20,67364,76013191
O,2,0,9,85736,76024846
O,2,1,20,32408,76007366
O,2,0,8,48454,75998905
O,2,1,21,67116,76032295
O,3,0,8,85718,75985387
O,3,1,21,67006,75974842
O,3,0,9,48654,75959483
O,3,1,20,32538,75988242
O,0,0,9,85951,76024882
O,1,1,21,67365,76032337
O,2,0,9,48453,76038363
O,0,0,9,48818,76038422
O,1,0,9,85970,76044620
O,2,1,20,32408,76045656
O,3,1,20,32537,76007387
O,0,0,9,85952,76044612
O,1,1,20,32622,76045692
O,2,0,9,48453,76058091
O,3,1,20,67005,76013132
O,0,1,20,32753,76045714
O,2,1,21,32409,76064803
O,3,0,9,85717,76024843
O,0,0,9,48818,76058151
O,1,1,21,32624,76064838
O,2,1,21,67117,76070586
O,3,1,21,32538,76026532
O,0,0,9,85953,76064340
O,1,1,21,67365,76070628
O,2,0,8,48454,76077823
O,3,1,21,67006,76032277
O,0,0,8,48819,76077880
O,1,1,21,32624,76083983
O,2,0,8,85738,76084033
O,3,1,20,32537,76045678
O,0,1,21,32754,76084005
O,1,0,8,85971,76084071
O,3,1,20,67005,76051424
Q,76102543,0,1.38113,-1.72921,1.39658
Q,76102543,1,1.37373,-1.76037,1.39811
Q,76102543,2,1.34196,-1.74956,1.39943
Q,76102543,3,1.34688,-1.72369,1.39457
A,0,0,31.04,-2.62
ANG S0 | BS0 h= +31.04 v=  -2.62 deg
A,0,1,-20.96,-4.15
ANG S0 | BS1 h= -20.96 v=  -4.15 deg
A,1,0,30.75,-1.92
ANG S1 | BS0 h= +30.75 v=  -1.92 deg
A,1,1,-21.00,-3.44
ANG S1 | BS1 h= -21.00 v=  -3.44 deg
A,2,0,30.24,-2.26
ANG S2 | BS0 h= +30.24 v=  -2.26 deg
A,2,1,-21.74,-3.54
ANG S2 | BS1 h= -21.74 v=  -3.54 deg
A,3,0,30.42,-2.81
ANG S3 | BS0 h= +30.42 v=  -2.81 deg
A,3,1,-21.71,-4.25
ANG S3 | BS1 h= -21.71 v=  -4.25 deg
C_RAW,1.3609,-1.7407,1.3972
C,1.3609,-1.7407,1.0381
RUN: main loop
O,0,0,9,48817,76097610
O,0,1,21,67258,76108901
O,0,0,8,85954,76084069
O,0,1,20,32753,76122296
O,1,1,20,32623,76122274
O,1,0,9,85968,76123529
O,1,1,21,67366,76108919
O,2,0,9,85736,76123490
O,2,0,9,48452,76117276
O,2,1,20,67115,76128023
O,3,0,8,85718,76084029
O,3,1,21,67006,76070569
O,3,1,21,32538,76064823
O,3,1,21,67006,76089715
O,0,0,9,85951,76123526
O,2,1,20,32409,76141385
O,3,1,21,32538,76103116
O,0,0,8,48816,76137067
O,1,0,8,85968,76143258
O,2,1,20,67116,76147168
O,3,0,9,85716,76103760
O,0,1,20,32754,76141442
O,1,1,20,67365,76147210
O,2,0,8,48455,76156735
O,3,1,21,67007,76108859
O,0,1,20,67256,76147192
O,1,1,20,32624,76160565
O,2,0,8,85738,76162954
O,3,0,9,85717,76123487
O,0,1,20,32754,76160588
O,1,0,8,85971,76162986
O,2,1,20,67116,76166314
O,3,1,20,67005,76128005
O,0,0,8,85953,76162983
O,1,0,8,48618,76176489
O,2,1,20,32409,76179676
O,3,1,20,32538,76141406
O,0,1,20,32754,76179732
O,1,0,8,85972,76182721
O,2,1,20,67116,76185459
O,3,0,8,85715,76143215
O,0,0,8,85955,76182714
O,2,0,8,48455,76196193
O,3,0,8,48655,76156767
Q,76202779,0,1.38112,-1.72929,1.39653
Q,76202779,1,1.37377,-1.76036,1.39812
Q,76202779,2,1.34112,-1.75142,1.39827
Q,76202779,3,1.34688,-1.72369,1.39447
A,0,0,31.04,-2.62
ANG S0 | BS0 h= +31.04 v=  -2.62 deg
A,0,1,-20.95,-4.15
ANG S0 | BS1 h= -20.95 v=  -4.15 deg
A,1,0,30.75,-1.92
ANG S1 | BS0 h= +30.75 v=  -1.92 deg
A,1,1,-21.00,-3.44
ANG S1 | BS1 h= -21.00 v=  -3.44 deg
A,2,0,30.20,-2.21
ANG S2 | BS0 h= +30.20 v=  -2.21 deg
A,2,1,-21.74,-3.54
ANG S2 | BS1 h= -21.74 v=  -3.54 deg
A,3,0,30.42,-2.81
ANG S3 | BS0 h= +30.42 v=  -2.81 deg
A,3,1,-21.71,-4.25
ANG S3 | BS1 h= -21.71 v=  -4.25 deg
C_RAW,1.3607,-1.7412,1.3968
C,1.3607,-1.7412,1.0377
O,0,0,8,48820,76215981
O,0,1,20,67256,76185482
O,0,0,8,85954,76202442
O,0,1,20,32752,76218023
O,1,1,21,32623,76198856
O,1,0,8,85972,76222173
O,1,1,20,67363,76223791
O,2,0,8,85739,76182697
O,2,1,20,32406,76217965
O,2,0,8,85738,76162954
O,2,1,20,67114,76223749
O,3,0,8,85720,76182679
O,3,1,20,67005,76166296
O,3,0,8,48655,76176496
O,3,1,20,67005,76185442
O,0,1,20,67255,76223773
O,1,0,8,48618,76235678
O,2,1,21,67115,76242894
O,3,0,8,85719,76202407
O,0,1,21,32754,76237170
O,1,0,8,85973,76241902
O,2,0,8,85738,76202414
O,3,1,21,67004,76204588
O,0,0,8,85955,76241899
O,2,1,21,32407,76256257
O,3,0,8,48655,76215954
O,0,1,21,32752,76256314
O,1,0,8,85970,76261631
O,3,0,8,85719,76222131
O,0,0,8,85953,76261628
O,1,1,21,67363,76262081
O,2,0,8,85739,76222134
O,3,0,8,48656,76235684
O,0,1,21,67254,76262063
O,1,0,9,48616,76275134
O,2,0,9,85738,76281321
O,3,0,8,85720,76241861
O,0,1,21,32754,76275458
O,1,1,21,67364,76281226
O,2,0,8,85739,76241869
O,3,1,21,67004,76242876
O,0,0,9,85953,76281357
O,1,1,21,32623,76294582
O,2,0,8,48455,76294837
Q,76302800,0,1.38109,-1.72920,1.39669
Q,76302800,1,1.37376,-1.76031,1.39818
Q,76302800,2,1.34080,-1.75207,1.39799
Q,76302800,3,1.34693,-1.72366,1.39459
A,0,0,31.04,-2.62
ANG S0 | BS0 h= +31.04 v=  -2.62 deg
A,0,1,-20.96,-4.15
ANG S0 | BS1 h= -20.96 v=  -4.15 deg
A,1,0,30.75,-1.92
ANG S1 | BS0 h= +30.75 v=  -1.92 deg
A,1,1,-21.00,-3.44
ANG S1 | BS1 h= -21.00 v=  -3.44 deg
A,2,0,30.19,-2.19
ANG S2 | BS0 h= +30.19 v=  -2.19 deg
A,2,1,-21.74,-3.53
ANG S2 | BS1 h= -21.74 v=  -3.53 deg
A,3,0,30.42,-2.81
ANG S3 | BS0 h= +30.42 v=  -2.81 deg
A,3,1,-21.71,-4.25
ANG S3 | BS1 h= -21.71 v=  -4.25 deg
C_RAW,1.3606,-1.7413,1.3969
C,1.3606,-1.7413,1.0377
O,0,0,8,48819,76314625
O,0,1,21,67256,76300356
O,0,0,8,85954,76301085
O,1,0,8,48616,76314591
O,1,0,8,85971,76301088
O,1,1,21,67366,76319517
O,2,0,8,85738,76320778
O,2,0,8,48454,76314564
O,2,1,21,67115,76281185
O,3,0,9,85718,76281317
O,3,1,21,67005,76281169
O,3,0,9,48655,76275140
O,1,1,21,32624,76332873
O,2,0,9,48454,76334293
O,3,0,8,48655,76294869
O,0,0,9,48819,76334353
O,1,1,21,67365,76338664
O,2,0,9,85737,76340513
O,3,1,21,67005,76300315
O,0,1,21,67258,76338647
O,1,0,9,85970,76340556
O,2,0,8,48453,76354023
O,3,1,21,32538,76313713
O,0,1,21,32754,76352040
O,1,1,21,67365,76357808
O,2,0,8,85736,76360241
O,3,1,21,67006,76319457
O,0,0,8,48818,76354082
O,1,0,8,85970,76360274
O,2,1,21,67117,76319476
O,3,0,8,85718,76320775
O,0,0,8,85952,76360271
O,1,0,9,48614,76373777
O,2,1,21,67116,76376912
O,3,1,21,67006,76338605
O,0,0,9,48817,76373811
O,1,1,21,67365,76376954
O,2,0,9,85736,76379970
O,3,0,9,85718,76340505
O,1,1,20,32622,76390309
O,2,1,20,67115,76396058
O,3,0,8,48654,76354055
O,0,0,8,48818,76393539
Q,76403009,0,1.38114,-1.72922,1.39665
Q,76403009,1,1.37375,-1.76041,1.39814
Q,76403009,2,1.34021,-1.75337,1.39714
Q,76403009,3,1.34692,-1.72367,1.39456
A,0,0,31.04,-2.62
ANG S0 | BS0 h= +31.04 v=  -2.62 deg
A,0,1,-20.96,-4.15
ANG S0 | BS1 h= -20.96 v=  -4.15 deg
A,1,0,30.75,-1.91
ANG S1 | BS0 h= +30.75 v=  -1.91 deg
A,1,1,-21.00,-3.44
ANG S1 | BS1 h= -21.00 v=  -3.44 deg
A,2,0,30.16,-2.15
ANG S2 | BS0 h= +30.16 v=  -2.15 deg
A,2,1,-21.74,-3.53
ANG S2 | BS1 h= -21.74 v=  -3.53 deg
A,3,0,30.42,-2.81
ANG S3 | BS0 h= +30.42 v=  -2.81 deg
A,3,1,-21.71,-4.25
ANG S3 | BS1 h= -21.71 v=  -4.25 deg
C_RAW,1.3605,-1.7417,1.3966
C,1.3605,-1.7417,1.0374
O,0,0,8,48818,76413268
O,0,1,21,67256,76415227
O,0,0,8,85952,76399728
O,1,0,8,48616,76413234
O,1,0,8,85970,76419460
O,1,1,21,67364,76415245
O,2,0,8,85738,76419421
O,2,1,21,32408,76409421
O,2,0,9,48453,76432936
O,2,1,21,67115,76415203
O,3,0,9,85717,76379962
O,3,1,21,67006,76376895
O,3,0,8,48653,76393512
O,3,1,21,32538,76371150
O,0,1,21,32753,76428622
O,1,0,9,48616,76432963
O,2,0,9,85738,76439158
O,3,1,20,67004,76396039
O,0,0,9,48819,76432997
O,1,0,9,85970,76439189
O,2,1,20,32409,76447711
O,3,1,21,32538,76409440
O,0,1,20,32754,76447767
O,1,0,8,48618,76452692
O,2,0,8,85739,76458885
O,3,1,21,67005,76415185
O,0,0,8,48820,76452726
O,2,1,21,32409,76466856
O,3,0,8,85718,76419418
O,0,1,20,67256,76453517
O,1,0,9,48616,76472421
O,2,1,21,67116,76472639
O,3,0,9,48655,76432970
O,0,0,9,48818,76472455
O,1,1,21,67365,76472681
O,2,0,9,85738,76478613
O,3,0,9,85718,76439150
O,0,1,21,67258,76472663
O,1,1,20,32624,76486036
O,2,0,8,48453,76492123
O,3,0,8,48655,76452698
O,0,1,20,32754,76486058
O,1,0,8,48616,76492150
Q,76503205,0,1.38115,-1.72925,1.39660
Q,76503205,1,1.37375,-1.76041,1.39811
Q,76503205,2,1.34000,-1.75388,1.39684
Q,76503205,3,1.34690,-1.72367,1.39453
A,0,0,31.04,-2.62
ANG S0 | BS0 h= +31.04 v=  -2.62 deg
A,0,1,-20.95,-4.15
ANG S0 | BS1 h= -20.95 v=  -4.15 deg
A,1,0,30.75,-1.91
ANG S1 | BS0 h= +30.75 v=  -1.91 deg
A,1,1,-21.00,-3.44
ANG S1 | BS1 h= -21.00 v=  -3.44 deg
A,2,0,30.15,-2.13
ANG S2 | BS0 h= +30.15 v=  -2.13 deg
A,2,1,-21.74,-3.54
ANG S2 | BS1 h= -21.74 v=  -3.54 deg
A,3,0,30.42,-2.81
ANG S3 | BS0 h= +30.42 v=  -2.81 deg
A,3,1,-21.71,-4.25
ANG S3 | BS1 h= -21.71 v=  -4.25 deg
C_RAW,1.3604,-1.7418,1.3965
C,1.3604,-1.7418,1.0373
O,0,0,9,48818,76511912
O,0,1,21,67257,76510954
O,0,1,21,32754,76505203
O,1,0,9,48615,76511878
O,1,1,20,32624,76524327
O,1,0,8,85970,76498375
O,1,1,21,67365,76510972
O,2,0,9,85737,76518065
O,2,1,21,32409,76505148
O,2,0,9,48454,76531580
O,3,0,9,85718,76478606
O,3,1,20,67006,76491767
O,3,1,21,32538,76466876
O,0,1,20,32755,76524349
O,1,1,20,67366,76530117
O,2,0,9,85738,76537804
O,3,0,8,48654,76492156
O,0,0,9,48819,76531641
O,1,0,9,85970,76537838
O,2,1,21,32407,76543438
O,3,1,21,32538,76505167
O,0,1,21,32753,76543494
O,1,1,21,67364,76549262
O,2,0,9,48454,76551310
O,3,0,9,48654,76511885
O,0,1,21,67256,76549244
O,1,0,9,48616,76551336
O,2,1,20,32409,76562583
O,3,0,9,85717,76518062
O,0,0,9,48819,76551369
O,1,1,20,32624,76562618
O,2,0,9,48454,76571038
O,3,1,20,67006,76530057
O,0,1,20,32754,76562640
O,1,0,9,48616,76571065
O,2,0,9,85738,76577257
O,3,0,9,85718,76537793
O,0,0,9,48819,76571098
O,1,0,9,85970,76577290
O,2,1,20,67117,76587512
O,3,1,21,67004,76549204
O,0,1,20,32755,76581785
O,2,0,9,85738,76596985
O,3,0,9,48655,76551342
Q,76603591,0,1.38114,-1.72925,1.39661
Q,76603591,1,1.37375,-1.76040,1.39807
Q,76603591,2,1.33984,-1.75431,1.39657
Q,76603591,3,1.34691,-1.72370,1.39450
A,0,0,31.04,-2.62
ANG S0 | BS0 h= +31.04 v=  -2.62 deg
A,0,1,-20.96,-4.15
ANG S0 | BS1 h= -20.96 v=  -4.15 deg
A,1,0,30.75,-1.91
ANG S1 | BS0 h= +30.75 v=  -1.91 deg
A,1,1,-21.00,-3.44
ANG S1 | BS1 h= -21.00 v=  -3.44 deg
A,2,0,30.15,-2.12
ANG S2 | BS0 h= +30.15 v=  -2.12 deg
A,2,1,-21.74,-3.54
ANG S2 | BS1 h= -21.74 v=  -3.54 deg
A,3,0,30.42,-2.81
ANG S3 | BS0 h= +30.42 v=  -2.81 deg
A,3,1,-21.71,-4.25
ANG S3 | BS1 h= -21.71 v=  -4.25 deg
C_RAW,1.3604,-1.7419,1.3964
C,1.3604,-1.7419,1.0371
O,0,0,9,48818,76610556
O,0,1,21,67257,76606681
O,0,0,9,85953,76597016
O,0,1,21,32753,76620076
O,1,0,9,48615,76610522
O,1,1,21,32622,76620054
O,1,0,9,85970,76597019
O,1,1,21,67364,76625844
O,2,1,21,32407,76620018
O,2,0,9,48453,76610495
O,2,1,21,67114,76625802
O,3,0,9,85719,76577249
O,3,1,20,67006,76587495
O,3,1,20,32537,76562603
O,2,0,8,85738,76636444
O,3,0,9,85718,76596978
O,0,0,8,48818,76630284
O,1,0,8,85971,76636478
O,3,1,21,32538,76600894
O,0,0,8,85953,76636473
O,1,1,21,67363,76644989
O,2,0,8,48453,76649954
O,3,0,9,48654,76610529
O,0,0,8,48818,76650014
O,1,0,8,85970,76656205
O,2,1,21,32408,76658312
O,3,1,21,32536,76620039
O,0,0,8,85952,76656202
O,1,1,21,32623,76658344
O,2,0,9,48454,76669682
O,3,1,21,67004,76625784
O,0,1,21,32754,76658366
O,1,1,21,67364,76664135
O,2,1,21,32409,76677455
O,3,0,8,85718,76636436
O,0,0,9,48819,76669742
O,1,1,21,32624,76677490
O,2,1,21,67116,76683239
O,3,1,21,32536,76639191
O,0,1,21,32754,76677512
O,1,1,21,67365,76683281
O,2,0,9,48454,76689411
O,3,0,8,85717,76656164
O,0,0,9,48820,76689471
O,1,0,9,85972,76695663
Q,76703778,0,1.38116,-1.72926,1.39656
Q,76703778,1,1.37371,-1.76038,1.39809
Q,76703778,2,1.33974,-1.75448,1.39650
Q,76703778,3,1.34687,-1.72370,1.39455
A,0,0,31.04,-2.62
ANG S0 | BS0 h= +31.04 v=  -2.62 deg
A,0,1,-20.95,-4.15
ANG S0 | BS1 h= -20.95 v=  -4.15 deg
A,1,0,30.75,-1.91
ANG S1 | BS0 h= +30.75 v=  -1.91 deg
A,1,1,-21.00,-3.44
ANG S1 | BS1 h= -21.00 v=  -3.44 deg
A,2,0,30.14,-2.11
ANG S2 | BS0 h= +30.14 v=  -2.11 deg
A,2,1,-21.74,-3.54
ANG S2 | BS1 h= -21.74 v=  -3.54 deg
A,3,0,30.42,-2.81
ANG S3 | BS0 h= +30.42 v=  -2.81 deg
A,3,1,-21.71,-4.25
ANG S3 | BS1 h= -21.71 v=  -4.25 deg
C_RAW,1.3604,-1.7420,1.3964
C,1.3604,-1.7420,1.0371
O,0,0,9,48819,76709200
O,0,0,9,85953,76715388
O,0,1,21,32754,76715802
O,1,1,21,32623,76715781
O,1,0,9,85971,76715391
O,1,1,21,67365,76721571
O,2,1,21,32407,76715745
O,2,0,8,48456,76728868
O,2,1,20,67117,76702384
O,3,0,9,85719,76675893
O,3,1,21,67006,76683221
O,3,1,21,32538,76677476
O,1,1,21,32624,76734926
O,2,0,8,85739,76735081
O,3,1,20,32539,76696621
O,0,1,21,32755,76734948
O,1,0,8,85972,76735120
O,2,1,21,67117,76740675
O,3,1,20,67006,76702367
O,0,0,8,85955,76735117
O,1,1,21,67365,76740716
O,2,0,9,85736,76754810
O,3,0,9,85718,76715349
O,0,1,20,32755,76754093
O,1,0,9,85968,76754849
O,2,1,20,67117,76759820
O,3,1,21,32538,76715766
O,0,0,9,85952,76754846
O,1,1,20,67365,76759862
O,2,0,8,48453,76768328
O,3,1,21,32539,76734912
O,0,0,8,48818,76768386
O,1,1,20,32624,76773217
O,2,1,20,67117,76778966
O,3,0,8,85719,76735078
O,0,1,20,32754,76773239
O,1,0,8,85970,76774578
O,2,0,8,85739,76735081
O,3,1,21,67006,76740658
O,0,0,8,85952,76774575
O,1,0,8,48618,76788082
O,2,0,8,85738,76794274
O,3,1,20,32539,76754057
O,0,1,20,32754,76792387
O,1,0,8,85971,76794306
Q,76804271,0,1.38116,-1.72925,1.39656
Q,76804271,1,1.37375,-1.76036,1.39807
Q,76804271,2,1.55072,-1.23718,1.86524
Q,76804271,3,1.34691,-1.72373,1.39450
A,0,0,31.04,-2.62
ANG S0 | BS0 h= +31.04 v=  -2.62 deg
A,0,1,-20.95,-4.15
ANG S0 | BS1 h= -20.95 v=  -4.15 deg
A,1,0,30.75,-1.92
ANG S1 | BS0 h= +30.75 v=  -1.92 deg
A,1,1,-21.00,-3.44
ANG S1 | BS1 h= -21.00 v=  -3.44 deg
A,2,0,41.91,-19.55
ANG S2 | BS0 h= +41.91 v= -19.55 deg
A,2,1,-21.74,-3.53
ANG S2 | BS1 h= -21.74 v=  -3.53 deg
A,3,0,30.42,-2.81
ANG S3 | BS0 h= +30.42 v=  -2.81 deg
A,3,1,-21.71,-4.25
ANG S3 | BS1 h= -21.71 v=  -4.25 deg
C_RAW,1.4131,-1.6126,1.5136
C,1.4131,-1.6126,1.1880
O,0,0,9,48818,76807843
O,0,0,9,85953,76814032
O,0,1,20,32754,76811529
O,1,0,8,48615,76827538
O,1,0,9,85970,76814035
O,1,1,20,67365,76798152
O,2,0,8,85736,76774539
O,2,1,21,32409,76830617
O,2,1,20,67116,76817256
O,3,0,8,85717,76774536
O,3,1,20,67005,76778948
O,3,1,20,32537,76792349
O,0,1,21,32754,76830675
O,1,0,8,85969,76833764
O,2,1,21,67117,76836404
O,3,0,8,85718,76794265
O,0,0,8,85952,76833761
O,2,0,8,48454,76847242
O,3,0,9,48654,76807816
O,0,1,21,67258,76836426
O,1,1,20,32622,76849798
O,2,1,20,67115,76855547
O,3,0,9,85718,76813993
O,0,1,20,32754,76849820
O,1,0,8,85971,76853500
O,2,0,9,85737,76813996
O,0,1,20,67256,76855571
O,1,0,9,48616,76866995
O,2,1,21,67116,76874693
O,3,0,8,85717,76833722
O,0,1,21,32754,76868966
O,1,0,9,85971,76873221
O,2,0,8,85736,76833725
O,3,1,21,67006,76836387
O,0,0,9,85953,76873218
O,1,0,8,48618,76886724
O,2,1,20,32410,76888054
O,3,0,8,48654,76847273
O,0,1,20,32755,76888111
O,1,0,8,85972,76892950
O,2,1,20,67117,76893838
O,3,0,8,85718,76853454
Q,76904716,0,1.38116,-1.72926,1.39653
Q,76904716,1,1.37376,-1.76036,1.39816
Q,76904716,2,1.55075,-1.23718,1.86519
Q,76904716,3,1.34690,-1.72374,1.39448
A,0,0,31.04,-2.62
ANG S0 | BS0 h= +31.04 v=  -2.62 deg
A,0,1,-20.95,-4.15
ANG S0 | BS1 h= -20.95 v=  -4.15 deg
A,1,0,30.75,-1.91
ANG S1 | BS0 h= +30.75 v=  -1.91 deg
A,1,1,-21.00,-3.44
ANG S1 | BS1 h= -21.00 v=  -3.44 deg
A,2,0,41.91,-19.55
ANG S2 | BS0 h= +41.91 v= -19.55 deg
A,2,1,-21.74,-3.54
ANG S2 | BS1 h= -21.74 v=  -3.54 deg
A,3,0,30.42,-2.81
ANG S3 | BS0 h= +30.42 v=  -2.81 deg
A,3,1,-21.71,-4.25
ANG S3 | BS1 h= -21.71 v=  -4.25 deg
C_RAW,1.4131,-1.6126,1.5136
C,1.4131,-1.6126,1.1880
O,0,1,20,67256,76913007
O,0,0,8,85955,76892947
O,0,1,21,32753,76926402
O,1,0,8,48616,76926182
O,1,0,8,85971,76912679
O,1,1,21,67363,76932170
O,2,1,21,32407,76926344
O,2,0,9,85738,76873187
O,2,1,20,67115,76912983
O,3,0,9,85719,76873180
O,3,1,21,67005,76874674
O,3,0,9,48656,76867002
O,3,1,20,32539,76888075
O,2,0,8,85738,76932369
O,3,0,8,85719,76892910
O,0,1,21,67255,76932152
O,1,0,8,85971,76932408
O,2,0,8,48455,76945884
O,3,0,8,48655,76906460
O,0,0,8,85953,76932405
O,1,1,21,67362,76951316
O,2,0,8,85738,76952099
O,3,0,8,85718,76912637
O,0,0,8,48820,76945945
O,1,0,8,85971,76952137
O,2,0,8,85738,76912640
O,3,0,8,48654,76926188
O,0,0,8,85954,76952134
O,1,1,20,32621,76964670
O,2,1,20,67113,76970419
O,3,1,21,67004,76932110
O,0,0,8,48818,76965673
O,2,0,8,85736,76971831
O,3,0,8,85718,76932366
O,0,1,20,67254,76970442
O,1,1,20,32621,76983815
O,2,0,8,48455,76985343
O,3,0,8,48655,76945917
O,0,0,8,48819,76985402
O,1,1,20,67362,76989605
O,2,0,8,85738,76991560
O,3,1,21,67003,76951257
O,0,1,20,67254,76989587
Q,77004906,0,1.38116,-1.72920,1.39661
Q,77004906,1,1.37369,-1.76030,1.39830
Q,77004906,2,1.64938,-0.97107,2.19647
Q,77004906,3,1.34693,-1.72369,1.39452
A,0,0,31.04,-2.62
ANG S0 | BS0 h= +31.04 v=  -2.62 deg
A,0,1,-20.95,-4.15
ANG S0 | BS1 h= -20.95 v=  -4.15 deg
A,1,0,30.75,-1.91
ANG S1 | BS0 h= +30.75 v=  -1.91 deg
A,1,1,-21.00,-3.44
ANG S1 | BS1 h= -21.00 v=  -3.44 deg
A,2,0,50.40,-32.14
ANG S2 | BS0 h= +50.40 v= -32.14 deg
A,2,1,-21.74,-3.53
ANG S2 | BS1 h= -21.74 v=  -3.53 deg
A,3,0,30.42,-2.81
ANG S3 | BS0 h= +30.42 v=  -2.81 deg
A,3,1,-21.71,-4.25
ANG S3 | BS1 h= -21.71 v=  -4.25 deg
C_RAW,1.4378,-1.5461,1.5965
C,1.4378,-1.5461,1.2948
O,0,0,8,48820,77005132
O,0,1,20,67256,77008733
O,0,0,8,85954,76991591
O,0,1,20,32755,77022128
O,1,0,8,48618,77005097
O,1,1,20,32624,77022106
O,1,0,8,85971,76991594
O,2,0,8,48454,77024799
O,2,0,8,85736,77031013
O,2,1,20,67113,76970419
O,3,0,8,85717,76971825
O,3,1,20,67003,76989547
O,3,0,8,48655,76985375
O,3,1,20,32535,76964656
O,0,0,8,48819,77024860
O,1,0,8,85970,77031052
O,2,1,20,32410,77041220
O,3,0,8,85718,76991553
O,0,0,8,85953,77031049
O,1,0,9,48614,77044555
O,2,1,20,67118,77047001
O,0,0,9,48817,77044588
O,2,0,9,85735,77050748
O,3,0,8,85719,77011281
O,0,1,20,67257,77047024
O,1,0,9,85968,77050780
O,2,0,9,48453,77064257
O,3,0,8,48654,77024832
O,0,1,20,32755,77060419
O,2,0,9,85735,77070475
O,3,1,20,67006,77027836
O,0,0,9,48817,77064317
O,1,0,9,85968,77070508
O,2,1,20,32410,77079510
O,3,0,8,85717,77031010
O,0,0,9,85951,77070506
O,1,0,9,48614,77084012
O,2,1,20,67117,77085292
O,3,1,20,67006,77046984
O,0,0,9,48817,77084045
O,2,0,9,85736,77090205
O,3,0,9,85716,77050739
O,0,1,20,67257,77085321
O,1,0,9,85968,77090238
Q,77105349,0,1.38118,-1.72920,1.39654
Q,77105349,1,1.37365,-1.76035,1.39820
Q,77105349,2,1.56686,-1.19441,1.91499
Q,77105349,3,1.34688,-1.72367,1.39459
A,0,0,31.04,-2.62
ANG S0 | BS0 h= +31.04 v=  -2.62 deg
A,0,1,-20.95,-4.15
ANG S0 | BS1 h= -20.95 v=  -4.15 deg
A,1,0,30.75,-1.91
ANG S1 | BS0 h= +30.75 v=  -1.91 deg
A,1,1,-21.00,-3.44
ANG S1 | BS1 h= -21.00 v=  -3.44 deg
A,2,0,43.10,-21.33
ANG S2 | BS0 h= +43.10 v= -21.33 deg
A,2,1,-21.74,-3.54
ANG S2 | BS1 h= -21.74 v=  -3.54 deg
A,3,0,30.42,-2.81
ANG S3 | BS0 h= +30.42 v=  -2.81 deg
A,3,1,-21.71,-4.25
ANG S3 | BS1 h= -21.71 v=  -4.25 deg
C_RAW,1.4171,-1.6019,1.5261
C,1.4171,-1.6019,1.2041
RUN: main loop
O,0,0,8,48818,77123503
O,0,1,20,32755,77117856
O,1,0,8,48615,77123469
O,1,0,9,85968,77109966
O,1,1,20,67365,77123624
O,2,1,20,32409,77117798
O,2,0,8,85736,77129656
O,2,1,20,67117,77123583
O,3,0,9,85716,77070468
O,3,1,20,67006,77085275
O,3,0,9,48653,77084018
O,0,1,20,67257,77123606
O,1,0,8,85970,77129695
O,2,1,20,32409,77136944
O,3,0,9,48654,77103748
O,0,1,20,32754,77137001
O,1,1,20,67365,77142773
O,2,0,8,85738,77149390
O,3,1,21,67006,77104419
O,0,1,20,67257,77142753
O,1,0,8,85971,77149423
O,2,1,20,32409,77156090
O,3,1,20,32538,77117820
O,0,1,20,32754,77156146
O,2,0,9,48455,77162901
O,3,1,20,67005,77123564
O,0,1,20,67257,77161897
O,1,0,9,48617,77162926
O,2,1,20,32408,77175235
O,3,0,8,85717,77129652
O,0,0,9,48820,77162960
O,1,1,20,32622,77175270
O,2,0,8,48455,77182630
O,3,1,20,67006,77142711
O,0,1,20,32754,77175294
O,1,1,20,67363,77181060
O,2,0,8,85739,77188848
O,3,0,8,48654,77143204
O,0,0,8,48819,77182689
O,1,0,8,85972,77188881
O,2,1,21,32407,77194381
O,3,1,20,32538,77156110
O,0,1,21,32752,77194437
Q,77205801,0,1.38119,-1.72924,1.39653
Q,77205801,1,1.37367,-1.76037,1.39815
Q,77205801,2,1.49873,-1.37212,1.71754
Q,77205801,3,1.34687,-1.72372,1.39448
A,0,0,31.04,-2.62
ANG S0 | BS0 h= +31.04 v=  -2.62 deg
A,0,1,-20.95,-4.15
ANG S0 | BS1 h= -20.95 v=  -4.15 deg
A,1,0,30.75,-1.91
ANG S1 | BS0 h= +30.75 v=  -1.91 deg
A,1,1,-21.00,-3.44
ANG S1 | BS1 h= -21.00 v=  -3.44 deg
A,2,0,38.44,-14.41
ANG S2 | BS0 h= +38.44 v= -14.41 deg
A,2,1,-21.74,-3.54
ANG S2 | BS1 h= -21.74 v=  -3.54 deg
A,3,0,30.42,-2.81
ANG S3 | BS0 h= +30.42 v=  -2.81 deg
A,3,1,-21.71,-4.25
ANG S3 | BS1 h= -21.71 v=  -4.25 deg
C_RAW,1.4001,-1.6464,1.4767
C,1.4001,-1.6464,1.1405
O,0,0,9,48819,77222147
O,0,1,21,67255,77200187
O,0,1,21,32754,77213582
O,1,0,8,48616,77202384
O,1,1,21,32624,77213560
O,1,0,9,85970,77228339
O,1,1,21,67364,77219350
O,2,0,9,48454,77222086
O,2,1,21,32408,77232670
O,2,0,9,85738,77228300
O,3,0,9,85720,77169111
O,3,1,20,67005,77181001
O,3,0,8,48655,77182662
O,3,1,21,32536,77194401
O,0,0,9,85953,77228336
O,1,1,21,67365,77238496
O,2,0,9,48454,77241817
O,3,0,8,48654,77202391
O,1,0,9,85971,77248067
O,2,1,21,32409,77251816
O,3,0,8,85718,77208570
O,0,0,9,85954,77248065
O,1,1,21,67365,77257641
O,2,0,9,48454,77261545
O,3,1,21,67005,77219290
O,0,1,21,67257,77257623
O,1,0,9,48616,77261571
O,2,1,21,32407,77270962
O,3,0,9,85718,77228297
O,0,0,9,48819,77261604
O,1,1,21,32623,77270996
O,3,1,21,67006,77238439
O,0,1,21,32753,77271018
O,1,1,21,67364,77276786
O,2,0,8,85735,77287491
O,3,0,9,85720,77248028
O,0,0,8,48817,77281334
O,1,0,8,85969,77287525
O,2,1,20,67117,77295890
O,3,1,21,32538,77251837
O,0,0,8,85951,77287522
O,1,1,20,67366,77295932
Q,77305891,0,1.38115,-1.72924,1.39657
Q,77305891,1,1.37371,-1.76037,1.39819
Q,77305891,2,1.44711,-1.50109,1.59175
Q,77305891,3,1.34688,-1.72375,1.39455
A,0,0,31.04,-2.62
ANG S0 | BS0 h= +31.04 v=  -2.62 deg
A,0,1,-20.95,-4.15
ANG S0 | BS1 h= -20.95 v=  -4.15 deg
A,1,0,30.75,-1.91
ANG S1 | BS0 h= +30.75 v=  -1.91 deg
A,1,1,-21.00,-3.44
ANG S1 | BS1 h= -21.00 v=  -3.44 deg
A,2,0,35.45,-9.98
ANG S2 | BS0 h= +35.45 v=  -9.98 deg
A,2,1,-21.74,-3.53
ANG S2 | BS1 h= -21.74 v=  -3.53 deg
A,3,0,30.42,-2.81
ANG S3 | BS0 h= +30.42 v=  -2.81 deg
A,3,1,-21.71,-4.25
ANG S3 | BS1 h= -21.71 v=  -4.25 deg
C_RAW,1.3872,-1.6786,1.4453
C,1.3872,-1.6786,1.1000
O,0,0,8,48818,77301063
O,0,0,9,85953,77326979
O,0,1,21,32754,77309309
O,1,1,21,32623,77309287
O,1,0,9,85970,77326982
O,1,1,21,67364,77315077
O,2,0,9,48454,77320729
O,2,1,21,32407,77328397
O,2,1,21,67115,77315036
O,3,0,9,85719,77267755
O,3,1,21,67005,77276728
O,3,0,8,48653,77281306
O,3,1,20,32539,77290128
O,1,1,21,32622,77328433
O,2,0,9,48453,77340460
O,3,1,20,67006,77295873
O,0,1,21,32752,77328455
O,1,0,9,48615,77340485
O,2,1,20,32408,77347544
O,3,0,8,85717,77307213
O,0,0,9,48818,77340522
O,1,1,20,32623,77347578
O,2,1,20,67115,77353327
O,3,1,21,32537,77309273
O,0,1,20,32754,77347600
O,2,0,8,48454,77360188
O,3,0,9,48656,77320763
O,0,0,8,48819,77360248
O,1,0,8,85971,77366440
O,2,1,21,67117,77372472
O,3,1,21,32536,77328418
O,0,0,8,85953,77366437
O,1,1,21,32624,77366723
O,2,0,9,48454,77379917
O,3,1,21,67004,77334163
O,0,1,21,32755,77366745
O,1,1,20,32622,77385869
O,2,0,9,85738,77386129
O,3,0,9,85718,77346670
O,0,1,20,32753,77385891
O,1,0,9,85970,77386168
O,2,1,20,67116,77391620
O,3,1,20,32537,77347564
O,0,0,9,85953,77386165
O,2,0,9,48454,77399646
Q,77406084,0,1.38116,-1.72923,1.39659
Q,77406084,1,1.37370,-1.76041,1.39817
Q,77406084,2,1.42715,-1.54959,1.54877
Q,77406084,3,1.34687,-1.72371,1.39458
A,0,0,31.04,-2.62
ANG S0 | BS0 h= +31.04 v=  -2.62 deg
A,0,1,-20.95,-4.15
ANG S0 | BS1 h= -20.95 v=  -4.15 deg
A,1,0,30.75,-1.91
ANG S1 | BS0 h= +30.75 v=  -1.91 deg
A,1,1,-21.00,-3.44
ANG S1 | BS1 h= -21.00 v=  -3.44 deg
A,2,0,34.39,-8.41
ANG S2 | BS0 h= +34.39 v=  -8.41 deg
A,2,1,-21.74,-3.53
ANG S2 | BS1 h= -21.74 v=  -3.53 deg
A,3,0,30.42,-2.81
ANG S3 | BS0 h= +30.42 v=  -2.81 deg
A,3,1,-21.71,-4.25
ANG S3 | BS1 h= -21.71 v=  -4.25 deg
C_RAW,1.3822,-1.6907,1.4345
C,1.3822,-1.6907,1.0862
O,0,0,8,48818,77419434
O,0,0,9,85954,77405894
O,0,1,20,32754,77424182
O,1,1,21,32623,77405014
O,1,0,8,85970,77425626
O,1,1,20,67364,77429950
O,2,1,20,67115,77429908
O,2,0,8,85736,77425587
O,2,1,21,32409,77366688
O,3,0,9,85719,77386127
O,3,1,21,67006,77372455
O,3,0,8,48655,77360220
O,3,1,20,32537,77385855
O,2,0,9,48454,77439104
O,3,1,20,67005,77391600
O,0,1,20,67256,77429932
O,1,1,21,32623,77443306
O,2,0,9,85738,77445322
O,3,0,9,85719,77405855
O,0,1,21,32754,77443327
O,1,0,9,85970,77445355
O,2,1,21,67116,77449057
O,3,1,21,67004,77410747
O,0,0,9,85953,77445352
O,1,0,8,48614,77458858
O,2,0,8,85735,77465051
O,3,1,20,32538,77424146
O,0,1,20,32754,77462472
O,1,0,8,85969,77465085
O,2,1,20,67117,77468199
O,3,0,8,85717,77425584
O,0,0,8,85951,77465083
O,1,1,20,67365,77468240
O,2,1,21,32409,77481561
O,3,0,9,48655,77439137
O,0,0,9,48817,77478620
O,1,0,9,85968,77484812
O,2,1,21,67116,77487346
O,3,0,9,85719,77445314
O,0,1,21,32754,77481617
O,1,1,21,67365,77487388
O,2,0,9,85738,77445322
O,3,1,21,67005,77449040
O,1,1,20,32622,77500741
Q,77506343,0,1.38114,-1.72925,1.39654
Q,77506343,1,1.37369,-1.76046,1.39815
Q,77506343,2,1.61314,-1.61936,1.11961
Q,77506343,3,1.34687,-1.72367,1.39458
A,0,0,31.04,-2.62
ANG S0 | BS0 h= +31.04 v=  -2.62 deg
A,0,1,-20.95,-4.15
ANG S0 | BS1 h= -20.95 v=  -4.15 deg
A,1,0,30.75,-1.91
ANG S1 | BS0 h= +30.75 v=  -1.91 deg
A,1,1,-21.00,-3.44
ANG S1 | BS1 h= -21.00 v=  -3.44 deg
A,2,0,32.86,-6.14
ANG S2 | BS0 h= +32.86 v=  -6.14 deg
A,2,1,-14.46,-10.91
ANG S2 | BS1 h= -14.46 v= -10.91 deg
A,3,0,30.42,-2.81
ANG S3 | BS0 h= +30.42 v=  -2.81 deg
A,3,1,-21.71,-4.25
ANG S3 | BS1 h= -21.71 v=  -4.25 deg
C_RAW,1.4287,-1.7082,1.3272
C,1.4287,-1.7082,0.9480
O,0,0,8,48817,77518078
O,0,0,9,85952,77504538
O,0,1,20,32754,77519908
O,1,0,8,85969,77524269
O,1,1,20,67365,77525676
O,2,1,20,67117,77525635
O,2,0,9,85736,77484779
O,2,1,20,32409,77519850
O,3,0,9,85716,77484771
O,3,1,21,67006,77487327
O,3,0,9,48654,77478593
O,0,1,20,67256,77525658
O,1,0,9,48617,77537772
O,2,0,9,85738,77543966
O,3,0,9,85717,77504500
O,0,1,20,32754,77539053
O,1,0,9,85971,77543999
O,2,1,20,67115,77544781
O,3,1,20,67004,77506474
O,0,0,9,85953,77543995
O,1,1,20,67364,77544822
O,2,1,21,32408,77558142
O,3,0,8,48653,77518050
O,0,1,21,32753,77558200
O,1,0,9,85971,77563727
O,2,1,21,67115,77563925
O,3,0,8,85717,77524227
O,0,0,9,85954,77563724
O,1,1,21,67364,77563967
O,2,1,21,32409,77577286
O,3,0,9,48657,77537779
O,0,1,21,67256,77563949
O,1,1,21,67365,77583112
O,2,0,9,85738,77583417
O,3,0,9,85719,77543958
O,0,1,21,32754,77577344
O,1,0,9,85971,77583456
O,2,0,9,85738,77543966
O,3,0,9,48655,77557508
O,0,0,9,85953,77583453
O,1,1,21,32624,77596468
O,2,1,21,67117,77602216
Q,77606436,0,1.38111,-1.72926,1.39654
Q,77606436,1,1.37371,-1.76042,1.39810
Q,77606436,2,1.50308,-1.62572,1.29832
Q,77606436,3,1.34687,-1.72365,1.39456
A,0,0,31.04,-2.62
ANG S0 | BS0 h= +31.04 v=  -2.62 deg
A,0,1,-20.96,-4.15
ANG S0 | BS1 h= -20.96 v=  -4.15 deg
A,1,0,30.75,-1.91
ANG S1 | BS0 h= +30.75 v=  -1.91 deg
A,1,1,-21.00,-3.44
ANG S1 | BS1 h= -21.00 v=  -3.44 deg
A,2,0,32.86,-6.14
ANG S2 | BS0 h= +32.86 v=  -6.14 deg
A,2,1,-18.01,-7.31
ANG S2 | BS1 h= -18.01 v=  -7.31 deg
A,3,0,30.42,-2.81
ANG S3 | BS0 h= +30.42 v=  -2.81 deg
A,3,1,-21.71,-4.25
ANG S3 | BS1 h= -21.71 v=  -4.25 deg
C_RAW,1.4012,-1.7098,1.3719
C,1.4012,-1.7098,1.0055
O,0,0,8,48819,77616721
O,0,0,8,85954,77622910
O,0,1,21,32754,77615635
O,1,0,8,85971,77622913
O,1,1,21,67364,77621403
O,2,0,8,48454,77616661
O,2,0,8,85738,77622874
O,3,0,9,85719,77583414
O,3,1,21,67006,77583054
O,3,0,9,48656,77577237
O,1,1,21,32624,77634759
O,2,1,21,67117,77640508
O,3,1,21,67006,77602199
O,0,0,9,48816,77636450
O,1,1,21,67365,77640549
O,2,0,9,85735,77642610
O,3,0,8,85718,77603144
O,0,1,21,67258,77640532
O,1,1,21,32623,77653904
O,2,0,8,48453,77656119
O,3,0,8,48655,77616694
O,0,1,21,32754,77653926
O,1,1,21,67364,77659694
O,2,0,8,85736,77662336
O,3,1,21,67006,77621344
O,0,0,8,48818,77656179
O,1,0,8,85970,77662371
O,2,1,21,32408,77673015
O,3,1,21,32538,77634745
O,0,1,21,32754,77673071
O,1,0,8,48618,77675874
O,2,0,8,85739,77682066
O,3,1,21,67006,77640491
O,0,0,8,48820,77675907
O,1,1,21,67365,77678840
O,2,1,21,67117,77640508
O,3,0,9,85716,77642601
O,0,1,21,67256,77678822
O,1,1,21,32623,77692196
O,2,1,21,67114,77697944
O,3,0,8,48654,77656151
O,0,0,8,48820,77695636
Q,77706723,0,1.38114,-1.72930,1.39656
Q,77706723,1,1.37373,-1.76038,1.39810
Q,77706723,2,1.81364,-1.61843,0.82968
Q,77706723,3,1.34688,-1.72366,1.39453
A,0,0,31.04,-2.62
ANG S0 | BS0 h= +31.04 v=  -2.62 deg
A,0,1,-20.95,-4.15
ANG S0 | BS1 h= -20.95 v=  -4.15 deg
A,1,0,30.75,-1.92
ANG S1 | BS0 h= +30.75 v=  -1.92 deg
A,1,1,-21.00,-3.44
ANG S1 | BS1 h= -21.00 v=  -3.44 deg
A,2,0,31.88,-4.69
ANG S2 | BS0 h= +31.88 v=  -4.69 deg
A,2,1,-7.97,-17.47
ANG S2 | BS1 h=  -7.97 v= -17.47 deg
A,3,0,30.42,-2.81
ANG S3 | BS0 h= +30.42 v=  -2.81 deg
A,3,1,-21.71,-4.25
ANG S3 | BS1 h= -21.71 v=  -4.25 deg
C_RAW,1.4788,-1.7079,1.2547
C,1.4788,-1.7079,0.8546
O,0,0,9,48819,77715365
O,0,1,20,67257,77717112
O,0,1,20,32755,77711362
O,1,0,9,48616,77715332
O,1,1,20,32623,77730486
O,1,0,8,85972,77701828
O,1,1,20,67365,77717130
O,2,0,9,48454,77715304
O,2,1,20,67115,77736234
O,2,0,9,85738,77721518
O,3,0,8,85719,77682058
O,3,1,21,67006,77678781
O,3,0,8,48655,77695609
O,3,1,21,32538,77673035
O,0,0,8,48818,77735094
O,1,1,20,67364,77736276
O,2,0,8,85738,77741253
O,3,1,21,67004,77697927
O,0,1,20,67256,77736258
O,1,0,8,85971,77741288
O,2,0,8,48455,77754763
O,3,0,9,48655,77715338
O,0,1,21,32754,77749653
O,1,0,8,48618,77754789
O,2,0,8,85738,77760981
O,0,0,8,48820,77754823
O,1,0,8,85972,77761015
O,2,1,20,32410,77768742
O,3,0,9,85719,77721515
O,0,0,8,85955,77761012
O,1,0,8,48618,77774518
O,2,1,20,67117,77774526
O,3,1,20,67005,77736216
O,0,1,20,32755,77768798
O,2,0,8,85739,77780711
O,3,0,8,85718,77741246
O,1,1,20,32624,77787922
O,2,0,8,48453,77794220
O,3,0,8,48655,77754795
O,0,1,20,32754,77787944
O,1,0,8,48616,77794247
O,2,0,8,85738,77800439
Q,77807015,0,1.38118,-1.72926,1.39661
Q,77807015,1,1.37379,-1.76032,1.39821
Q,77807015,2,1.70158,-1.68665,0.91592
Q,77807015,3,1.34691,-1.72367,1.39457
A,0,0,31.04,-2.62
ANG S0 | BS0 h= +31.04 v=  -2.62 deg
A,0,1,-20.95,-4.15
ANG S0 | BS1 h= -20.95 v=  -4.15 deg
A,1,0,30.75,-1.92
ANG S1 | BS0 h= +30.75 v=  -1.92 deg
A,1,1,-21.00,-3.44
ANG S1 | BS1 h= -21.00 v=  -3.44 deg
A,2,0,31.03,-3.43
ANG S2 | BS0 h= +31.03 v=  -3.43 deg
A,2,1,-10.73,-14.68
ANG S2 | BS1 h= -10.73 v= -14.68 deg
A,3,0,30.42,-2.81
ANG S3 | BS0 h= +30.42 v=  -2.81 deg
A,3,1,-21.71,-4.25
ANG S3 | BS1 h= -21.71 v=  -4.25 deg
C_RAW,1.4509,-1.7250,1.2763
C,1.4509,-1.7250,0.8825
O,0,0,8,48818,77814009
O,0,1,21,67257,77812839
O,0,1,21,32754,77826235
O,1,0,8,48615,77813975
O,1,0,8,85970,77820201
O,1,1,21,67364,77832003
O,2,0,8,48453,77813948
O,2,1,21,32408,77807033
O,2,0,8,85736,77820162
O,2,1,21,67116,77831961
O,3,0,8,85719,77780703
O,3,1,20,67006,77793653
O,3,1,20,32538,77768762
O,2,0,8,85736,77839897
O,3,0,8,48654,77794253
O,0,1,21,67256,77831985
O,1,0,8,85970,77839931
O,2,1,21,32408,77845324
O,3,0,8,85718,77800431
O,0,0,8,85952,77839927
O,1,1,21,67365,77851148
O,2,0,8,48451,77853407
O,3,1,21,67005,77812800
O,0,1,21,67257,77851130
O,1,0,8,48614,77853434
O,2,1,20,32409,77864469
O,3,0,8,85717,77820159
O,0,0,8,48816,77853468
O,1,1,20,32624,77864503
O,2,0,8,48452,77873135
O,3,1,21,67005,77831943
O,0,1,20,32754,77864525
O,2,0,8,85734,77879353
O,3,0,8,48654,77833710
O,0,0,8,48816,77873196
O,1,0,8,85968,77879401
O,2,1,20,67115,77889398
O,3,1,21,32538,77845344
O,0,1,20,32753,77883674
O,1,1,20,67363,77889439
O,2,0,8,48454,77892864
O,3,1,21,67006,77851090
O,0,1,20,67255,77889421
O,1,0,8,85971,77899120
Q,77907035,0,1.38115,-1.72924,1.39661
Q,77907035,1,1.37376,-1.76040,1.39812
Q,77907035,2,1.56093,-1.73224,1.06913
Q,77907035,3,1.34691,-1.72370,1.39454
A,0,0,31.04,-2.62
ANG S0 | BS0 h= +31.04 v=  -2.62 deg
A,0,1,-20.96,-4.15
ANG S0 | BS1 h= -20.96 v=  -4.15 deg
A,1,0,30.75,-1.91
ANG S1 | BS0 h= +30.75 v=  -1.91 deg
A,1,1,-21.00,-3.44
ANG S1 | BS1 h= -21.00 v=  -3.44 deg
A,2,0,30.59,-2.78
ANG S2 | BS0 h= +30.59 v=  -2.78 deg
A,2,1,-14.69,-10.67
ANG S2 | BS1 h= -14.69 v= -10.67 deg
A,3,0,30.42,-2.81
ANG S3 | BS0 h= +30.42 v=  -2.81 deg
A,3,1,-21.71,-4.25
ANG S3 | BS1 h= -21.71 v=  -4.25 deg
C_RAW,1.4157,-1.7364,1.3146
C,1.4157,-1.7364,0.9317
O,0,0,8,48820,77912652
O,0,0,8,85955,77918841
O,0,1,21,32754,77921961
O,1,1,21,32624,77921939
O,1,0,8,85972,77918844
O,1,1,21,67365,77927730
O,2,0,8,48453,77932320
O,2,1,21,32409,77921904
O,2,0,8,85739,77918805
O,3,0,8,85716,77859621
O,3,1,20,67004,77889380
O,3,0,8,48653,77873167
O,3,1,20,32537,77883639
O,2,0,8,85737,77938534
O,3,0,8,85718,77899074
O,0,0,8,48818,77932381
O,1,1,20,32624,77941085
O,2,1,20,67117,77946834
O,3,1,20,32537,77902780
O,0,1,20,32755,77941106
O,1,1,20,67365,77946875
O,2,0,8,48454,77952050
O,3,0,8,48655,77912624
O,0,0,8,48818,77952110
O,1,0,8,85971,77958302
O,3,1,21,32538,77921925
O,0,0,8,85954,77958299
O,1,1,20,32622,77960230
O,2,0,8,48456,77971779
O,3,1,21,67006,77927670
O,0,1,20,32752,77960252
O,1,1,20,67363,77966021
O,2,1,20,32409,77979340
O,3,0,8,85718,77938531
O,0,0,8,48820,77971839
O,1,1,20,32624,77979375
O,2,1,20,67117,77985124
O,3,1,20,32538,77941071
O,0,1,20,32755,77979397
O,1,1,20,67365,77985165
O,2,0,8,48455,77991508
O,3,0,8,85718,77958261
O,0,0,8,48820,77991568
O,1,0,8,85972,77997759
Q,78007238,0,1.38118,-1.72922,1.39669
Q,78007238,1,1.37374,-1.76036,1.39814
Q,78007238,2,1.47764,-1.74615,1.18209
Q,78007238,3,1.34688,-1.72370,1.39451
A,0,0,31.04,-2.62
ANG S0 | BS0 h= +31.04 v=  -2.62 deg
A,0,1,-20.96,-4.15
ANG S0 | BS1 h= -20.96 v=  -4.15 deg
A,1,0,30.75,-1.91
ANG S1 | BS0 h= +30.75 v=  -1.91 deg
A,1,1,-21.00,-3.44
ANG S1 | BS1 h= -21.00 v=  -3.44 deg
A,2,0,30.43,-2.54
ANG S2 | BS0 h= +30.43 v=  -2.54 deg
A,2,1,-17.23,-8.10
ANG S2 | BS1 h= -17.23 v=  -8.10 deg
A,3,0,30.42,-2.81
ANG S3 | BS0 h= +30.42 v=  -2.81 deg
A,3,1,-21.71,-4.25
ANG S3 | BS1 h= -21.71 v=  -4.25 deg
C_RAW,1.3949,-1.7399,1.3429
C,1.3949,-1.7399,0.9681
O,0,0,8,48819,78011296
O,0,1,20,67256,78023438
O,0,0,8,85954,77997756
O,0,1,20,32752,77998542
O,1,1,20,32622,78036812
O,1,0,8,85971,78017488
O,1,1,20,67365,78023456
O,2,0,8,48453,78030964
O,2,1,20,32409,78017630
O,2,1,20,67117,78023415
O,3,0,8,85720,77977990
O,3,1,20,67004,77965964
O,3,1,20,32538,77979361
O,2,0,8,85736,78037178
O,3,1,20,32536,77998506
O,0,1,20,32752,78036833
O,1,0,8,85970,78037217
O,2,1,20,67115,78042560
O,3,1,20,67005,78004257
O,0,0,8,85953,78037214
O,2,1,21,32409,78055923
O,3,0,8,85718,78017446
O,0,0,8,48818,78050753
O,1,0,8,85970,78056945
O,3,1,20,32537,78017652
O,0,1,21,32755,78055979
O,1,1,21,67366,78061747
O,2,0,9,48454,78070423
O,0,1,21,67258,78061729
O,1,1,20,32624,78075103
O,2,0,9,85739,78076635
O,3,0,8,85717,78037175
O,0,1,20,32754,78075124
O,1,0,9,85971,78076674
O,2,1,20,67117,78080851
O,3,1,20,67004,78042544
O,0,0,9,85954,78076671
O,1,1,20,67366,78080893
O,2,0,8,85738,78096370
O,3,1,21,32538,78055943
O,0,1,20,32754,78094270
O,1,0,8,85971,78096403
O,2,1,20,67117,78099997
Q,78107452,0,1.38121,-1.72924,1.39663
Q,78107452,1,1.37376,-1.76041,1.39813
Q,78107452,2,1.42641,-1.75144,1.25785
Q,78107452,3,1.34685,-1.72367,1.39456
A,0,0,31.04,-2.62
ANG S0 | BS0 h= +31.04 v=  -2.62 deg
A,0,1,-20.95,-4.15
ANG S0 | BS1 h= -20.95 v=  -4.15 deg
A,1,0,30.75,-1.91
ANG S1 | BS0 h= +30.75 v=  -1.91 deg
A,1,1,-21.00,-3.44
ANG S1 | BS1 h= -21.00 v=  -3.44 deg
A,2,0,30.32,-2.38
ANG S2 | BS0 h= +30.32 v=  -2.38 deg
A,2,1,-18.86,-6.46
ANG S2 | BS1 h= -18.86 v=  -6.46 deg
A,3,0,30.42,-2.81
ANG S3 | BS0 h= +30.42 v=  -2.81 deg
A,3,1,-21.71,-4.25
ANG S3 | BS1 h= -21.71 v=  -4.25 deg
C_RAW,1.3821,-1.7412,1.3618
C,1.3821,-1.7412,0.9925
RUN: main loop
O,0,0,9,48819,78129669
O,0,0,8,85955,78116129
O,0,1,21,32754,78113416
O,1,1,21,32624,78113394
O,1,0,8,85973,78116132
O,1,1,21,67365,78119184
O,2,0,9,85739,78076635
O,2,1,20,32409,78132503
O,2,1,21,67117,78119142
O,3,0,9,85719,78076632
O,3,1,20,67006,78080834
O,3,0,9,48656,78070455
O,3,1,20,32538,78094234
O,1,0,9,85971,78135861
O,2,1,20,67116,78138288
O,3,0,8,85718,78096362
O,0,1,20,32754,78132561
O,2,0,8,48455,78149339
O,3,0,8,48656,78109913
O,1,1,20,32624,78151686
O,2,1,20,67117,78157433
O,3,0,8,85720,78116090
O,0,1,20,32755,78151706
O,1,0,8,85971,78155590
O,2,0,8,85739,78116093
O,3,1,21,67006,78119124
O,0,0,8,85955,78155587
O,1,0,9,48616,78169093
O,2,1,20,32409,78170796
O,3,1,20,32537,78132525
O,0,1,20,32754,78170852
O,1,0,9,85970,78175318
O,2,1,20,67117,78176579
O,3,0,9,85719,78135819
O,0,0,9,85953,78175316
O,1,1,20,67365,78176620
O,2,1,20,32409,78189941
O,3,0,8,48655,78149370
O,0,0,8,48819,78188857
O,1,0,8,85971,78195048
O,2,1,20,67117,78195724
O,3,0,8,85719,78155550
O,0,1,20,32754,78189997
Q,78207736,0,1.38121,-1.72922,1.39664
Q,78207736,1,1.37378,-1.76042,1.39811
Q,78207736,2,1.58965,-1.22744,1.80916
Q,78207736,3,1.34691,-1.72365,1.39459
A,0,0,31.04,-2.62
ANG S0 | BS0 h= +31.04 v=  -2.62 deg
A,0,1,-20.95,-4.15
ANG S0 | BS1 h= -20.95 v=  -4.15 deg
A,1,0,30.75,-1.91
ANG S1 | BS0 h= +30.75 v=  -1.91 deg
A,1,1,-21.00,-3.44
ANG S1 | BS1 h= -21.00 v=  -3.44 deg
A,2,0,42.05,-19.77
ANG S2 | BS0 h= +42.05 v= -19.77 deg
A,2,1,-20.26,-5.03
ANG S2 | BS1 h= -20.26 v=  -5.03 deg
A,3,0,30.42,-2.81
ANG S3 | BS0 h= +30.42 v=  -2.81 deg
A,3,1,-21.71,-4.25
ANG S3 | BS1 h= -21.71 v=  -4.25 deg
C_RAW,1.4229,-1.6102,1.4996
C,1.4229,-1.6102,1.1700
O,0,0,9,48816,78228313
O,0,1,20,67257,78195749
O,0,0,9,85953,78214773
O,0,1,21,32754,78209143
O,1,0,9,48617,78208552
O,1,0,9,85971,78214776
O,1,1,20,67364,78234056
O,2,0,9,48452,78228253
O,2,0,9,85735,78234466
O,3,0,8,85719,78195007
O,3,1,20,67006,78176562
O,3,0,8,48655,78188830
O,0,1,20,67255,78234038
O,1,0,9,85968,78234504
O,2,0,8,85738,78195014
O,3,0,9,48656,78208559
O,0,0,9,85951,78234502
O,1,0,8,48615,78248007
O,2,0,8,85736,78254199
O,3,0,9,85719,78214734
O,0,0,8,48818,78248041
O,1,1,21,67364,78253201
O,2,0,9,85738,78214737
O,3,1,21,67004,78214851
O,0,0,8,85951,78254230
O,1,1,20,32622,78266556
O,2,1,20,67114,78272305
O,3,1,20,67005,78233996
O,0,0,8,48819,78267770
O,1,1,20,67363,78272346
O,2,0,8,85737,78273928
O,3,0,9,85716,78234462
O,0,1,20,67255,78272329
O,1,1,21,32624,78285702
O,2,0,8,48454,78287439
O,3,0,8,48654,78248014
O,0,0,8,48819,78287498
O,1,1,21,67365,78291492
O,2,0,8,85738,78293656
O,3,1,21,67004,78253143
O,0,1,21,67256,78291474
O,1,0,8,85971,78293690
Q,78308097,0,1.38116,-1.72922,1.39653
Q,78308097,1,1.37373,-1.76037,1.39809
Q,78308097,2,1.63312,-1.10254,1.96452
Q,78308097,3,1.34691,-1.72367,1.39457
A,0,0,31.04,-2.62
ANG S0 | BS0 h= +31.04 v=  -2.62 deg
A,0,1,-20.95,-4.15
ANG S0 | BS1 h= -20.95 v=  -4.15 deg
A,1,0,30.75,-1.91
ANG S1 | BS0 h= +30.75 v=  -1.91 deg
A,1,1,-21.00,-3.44
ANG S1 | BS1 h= -21.00 v=  -3.44 deg
A,2,0,45.65,-25.10
ANG S2 | BS0 h= +45.65 v= -25.10 deg
A,2,1,-20.26,-5.03
ANG S2 | BS1 h= -20.26 v=  -5.03 deg
A,3,0,30.42,-2.81
ANG S3 | BS0 h= +30.42 v=  -2.81 deg
A,3,1,-21.71,-4.25
ANG S3 | BS1 h= -21.71 v=  -4.25 deg
C_RAW,1.4337,-1.5790,1.5384
C,1.4337,-1.5790,1.2200
O,0,0,8,48817,78307227
O,0,1,21,67256,78310619
O,0,0,8,85953,78293687
O,0,1,21,32754,78324014
O,1,0,8,48615,78307195
O,1,0,8,85969,78313419
O,1,1,21,67364,78329782
O,2,0,8,48455,78326895
O,2,1,20,67114,78272305
O,2,0,8,85738,78333108
O,3,0,8,85717,78273920
O,3,1,21,67006,78291433
O,3,0,8,48655,78287471
O,3,1,20,32536,78266542
O,0,0,8,48820,78326956
O,1,0,8,85971,78333147
O,2,1,21,32407,78343104
O,3,0,8,85718,78293649
O,0,0,8,85954,78333144
O,1,0,8,48616,78346651
O,2,1,21,67116,78348889
O,3,1,21,67004,78310579
O,0,0,8,48818,78346684
O,1,1,21,67364,78348928
O,2,0,8,85738,78352843
O,0,1,21,67256,78348910
O,1,1,21,32623,78362283
O,2,1,21,67115,78368032
O,3,0,8,48655,78326928
O,0,0,8,48818,78366413
O,1,1,21,67364,78368073
O,2,0,8,85736,78372572
O,3,1,21,67006,78329722
O,0,1,21,67256,78368055
O,1,0,8,85970,78372605
O,2,1,21,32409,78381395
O,3,0,8,48654,78346657
O,0,1,21,32754,78381450
O,1,0,8,48618,78386108
O,2,0,8,85738,78392300
O,3,1,21,67005,78348870
O,0,0,8,48819,78386142
O,1,1,21,67365,78387219
O,2,1,21,32408,78400539
O,3,0,8,85718,78352835
O,0,0,8,85954,78392331
Q,78408639,0,1.38118,-1.72919,1.39662
Q,78408639,1,1.37374,-1.76034,1.39814
Q,78408639,2,1.77610,-1.17734,1.53225
Q,78408639,3,1.34689,-1.72370,1.39458
A,0,0,31.04,-2.62
ANG S0 | BS0 h= +31.04 v=  -2.62 deg
A,0,1,-20.95,-4.15
ANG S0 | BS1 h= -20.95 v=  -4.15 deg
A,1,0,30.75,-1.91
ANG S1 | BS0 h= +30.75 v=  -1.91 deg
A,1,1,-21.00,-3.44
ANG S1 | BS1 h= -21.00 v=  -3.44 deg
A,2,0,42.55,-20.51
ANG S2 | BS0 h= +42.55 v= -20.51 deg
A,2,1,-13.70,-11.67
ANG S2 | BS1 h= -13.70 v= -11.67 deg
A,3,0,30.42,-2.81
ANG S3 | BS0 h= +30.42 v=  -2.81 deg
A,3,1,-21.71,-4.25
ANG S3 | BS1 h= -21.71 v=  -4.25 deg
C_RAW,1.4695,-1.5976,1.4304
C,1.4695,-1.5976,1.0809
O,0,0,9,48818,78405872
O,0,1,20,67257,78425491
O,0,1,20,32755,78419741
O,1,0,9,48616,78425566
O,1,0,9,85970,78412063
O,2,1,21,32408,78438829
O,2,0,9,85738,78431753
O,2,1,21,67116,78406323
O,3,1,21,67006,78387161
O,3,0,8,48655,78386115
O,3,0,8,85718,78392293
O,0,0,9,48818,78425600
O,1,1,21,67364,78444655
O,2,0,8,48454,78445269
O,3,0,9,48654,78405844
O,0,1,21,67257,78444637
O,1,0,8,48616,78445295
O,2,0,8,85738,78451487
O,3,0,9,85717,78412023
O,0,0,8,48818,78445329
O,1,0,8,85971,78451520
O,2,0,8,48455,78464998
O,3,1,20,67006,78425449
O,0,1,20,32754,78458032
O,1,1,20,67365,78463800
O,2,0,8,85738,78471222
O,3,0,9,48655,78425573
O,0,0,8,48819,78465057
O,1,0,8,85971,78471249
O,2,1,21,32409,78477121
O,3,1,21,32537,78438850
O,0,1,21,32754,78477177
O,1,1,21,67365,78482946
O,2,0,8,48454,78484727
O,3,0,8,48654,78445301
O,0,1,21,67257,78482928
O,1,0,8,48617,78484752
O,2,1,21,32407,78496266
O,3,0,8,85718,78451480
O,0,0,8,48819,78484789
O,1,1,21,32623,78496301
O,2,0,9,48452,78504455
O,3,1,20,67005,78463742
Q,78508837,0,1.38120,-1.72923,1.39660
Q,78508837,1,1.37375,-1.76035,1.39816
Q,78508837,2,1.64934,-1.44660,1.30827
Q,78508837,3,1.34688,-1.72373,1.39456
A,0,0,31.04,-2.62
ANG S0 | BS0 h= +31.04 v=  -2.62 deg
A,0,1,-20.95,-4.15
ANG S0 | BS1 h= -20.95 v=  -4.15 deg
A,1,0,30.75,-1.91
ANG S1 | BS0 h= +30.75 v=  -1.91 deg
A,1,1,-21.00,-3.44
ANG S1 | BS1 h= -21.00 v=  -3.44 deg
A,2,0,36.49,-11.53
ANG S2 | BS0 h= +36.49 v= -11.53 deg
A,2,1,-15.31,-10.04
ANG S2 | BS1 h= -15.31 v= -10.04 deg
A,3,0,30.42,-2.81
ANG S3 | BS0 h= +30.42 v=  -2.81 deg
A,3,1,-21.71,-4.25
ANG S3 | BS1 h= -21.71 v=  -4.25 deg
C_RAW,1.4378,-1.6650,1.3744
C,1.4378,-1.6650,1.0088
O,0,0,8,48819,78524243
O,0,0,9,85951,78510704
O,0,1,21,32753,78496323
O,1,0,8,48617,78524210
O,1,0,8,85970,78530435
O,1,1,21,67365,78521237
O,2,0,8,48454,78524183
O,2,1,20,32409,78534556
O,2,0,9,85736,78510674
O,3,0,8,85718,78490937
O,3,1,21,67006,78482887
O,3,0,8,48655,78465030
O,3,1,21,32538,78477141
O,2,1,20,67117,78540341
O,3,1,21,67005,78502032
O,0,1,20,32754,78534614
O,1,1,20,67365,78540382
O,2,0,8,85735,78550131
O,3,0,9,48653,78504488
O,0,0,8,48816,78543972
O,1,0,8,85969,78550164
O,2,1,20,67117,78559486
O,3,1,21,32538,78515432
O,0,1,20,32754,78553759
O,1,1,20,67365,78559527
O,2,0,8,48452,78563641
O,3,0,8,48655,78524216
O,0,1,20,67256,78559509
O,1,0,8,85968,78569895
O,2,1,21,32408,78572848
O,3,1,20,32537,78534577
O,0,0,8,85950,78569889
O,1,1,21,32623,78572883
O,2,0,8,48453,78583369
O,0,1,21,32754,78572904
O,1,0,8,48615,78583395
O,2,1,20,32410,78591994
O,3,0,8,85716,78550123
O,0,0,8,48818,78583429
O,1,1,20,32625,78592029
O,2,1,20,67117,78597777
O,3,1,20,32538,78553723
O,0,1,20,32755,78592050
O,1,1,20,67366,78597818
Q,78609338,0,1.38115,-1.72924,1.39648
Q,78609338,1,1.37376,-1.76039,1.39804
Q,78609338,2,1.51585,-1.56047,1.37279
Q,78609338,3,1.34689,-1.72370,1.39450
A,0,0,31.04,-2.62
ANG S0 | BS0 h= +31.04 v=  -2.62 deg
A,0,1,-20.95,-4.15
ANG S0 | BS1 h= -20.95 v=  -4.15 deg
A,1,0,30.75,-1.92
ANG S1 | BS0 h= +30.75 v=  -1.92 deg
A,1,1,-21.00,-3.44
ANG S1 | BS1 h= -21.00 v=  -3.44 deg
A,2,0,34.20,-8.14
ANG S2 | BS0 h= +34.20 v=  -8.14 deg
A,2,1,-18.45,-6.87
ANG S2 | BS1 h= -18.45 v=  -6.87 deg
A,3,0,30.42,-2.81
ANG S3 | BS0 h= +30.42 v=  -2.81 deg
A,3,1,-21.71,-4.25
ANG S3 | BS1 h= -21.71 v=  -4.25 deg
C_RAW,1.4044,-1.6935,1.3905
C,1.4044,-1.6935,1.0294
O,0,0,8,48820,78622887
O,0,0,8,85955,78629075
O,0,1,20,32755,78611195
O,1,1,21,32624,78630319
O,1,0,8,85972,78629078
O,2,0,8,48453,78603098
O,2,1,20,32410,78611140
O,2,0,8,85739,78629040
O,2,1,21,67117,78636068
O,3,0,8,85717,78589580
O,3,1,21,67006,78578614
O,3,0,8,48653,78563673
O,3,1,20,32539,78592015
O,2,0,8,48456,78642557
O,0,1,21,32754,78630341
O,1,0,8,48619,78642583
O,2,1,21,32408,78649431
O,3,0,8,85717,78609309
O,0,0,8,48820,78642617
O,1,1,21,32623,78649465
O,2,1,21,67116,78655213
O,3,1,20,32539,78611159
O,0,1,21,32754,78649486
O,1,1,21,67364,78655256
O,2,0,9,48453,78662285
O,3,0,8,85719,78629036
O,0,0,9,48818,78662344
O,1,0,9,85970,78668536
O,2,1,21,67116,78674359
O,3,1,21,32538,78630305
O,0,0,9,85953,78668534
O,1,1,21,67364,78674402
O,2,0,8,48453,78682014
O,3,1,21,67006,78636049
O,0,0,8,48818,78682075
O,1,1,20,32622,78687755
O,2,0,8,85737,78688226
O,3,1,21,32537,78649450
O,0,1,20,32753,78687777
O,1,0,8,85970,78688265
O,2,1,20,67114,78693504
O,3,1,21,67005,78655198
O,0,0,8,85953,78688262
Q,78709524,0,1.38117,-1.72923,1.39656
Q,78709524,1,1.37376,-1.76032,1.39816
Q,78709524,2,1.45348,-1.63089,1.37715
Q,78709524,3,1.34688,-1.72373,1.39447
A,0,0,31.04,-2.62
ANG S0 | BS0 h= +31.04 v=  -2.62 deg
A,0,1,-20.95,-4.15
ANG S0 | BS1 h= -20.95 v=  -4.15 deg
A,1,0,30.75,-1.92
ANG S1 | BS0 h= +30.75 v=  -1.92 deg
A,1,1,-21.00,-3.44
ANG S1 | BS1 h= -21.00 v=  -3.44 deg
A,2,0,32.74,-5.96
ANG S2 | BS0 h= +32.74 v=  -5.96 deg
A,2,1,-19.63,-5.67
ANG S2 | BS1 h= -19.63 v=  -5.67 deg
A,3,0,30.42,-2.81
ANG S3 | BS0 h= +30.42 v=  -2.81 deg
A,3,1,-21.71,-4.25
ANG S3 | BS1 h= -21.71 v=  -4.25 deg
C_RAW,1.3888,-1.7110,1.3916
C,1.3888,-1.7110,1.0309
O,0,1,20,67255,78712672
O,0,0,8,85954,78727720
O,0,1,20,32754,78726067
O,1,1,20,32624,78726045
O,1,0,8,85971,78727722
O,1,1,20,67363,78712690
O,2,0,8,48454,78721470
O,2,0,8,85738,78727684
O,2,1,20,67116,78731794
O,3,0,8,85717,78688223
O,3,1,20,67004,78693486
O,3,1,21,32536,78668596
O,2,1,21,32407,78745157
O,3,0,8,48655,78701775
O,0,0,9,48818,78741259
O,1,0,9,85970,78747457
O,2,1,21,67114,78750939
O,3,0,8,85718,78707953
O,0,1,21,32753,78745212
O,1,1,21,67364,78750981
O,2,0,9,48453,78760930
O,3,0,8,48655,78721503
O,0,0,9,48818,78760992
O,1,0,9,85969,78767181
O,2,1,20,67116,78770085
O,3,0,8,85718,78727680
O,0,1,20,32754,78764358
O,2,0,8,85738,78727684
O,3,1,20,67005,78731775
O,0,1,20,67256,78770108
O,1,0,9,48616,78780683
O,2,0,9,85738,78786874
O,3,0,9,85718,78747409
O,0,1,21,32754,78783503
O,1,0,9,85970,78786909
O,2,1,21,67116,78789230
O,3,1,21,67004,78750922
O,0,0,9,85953,78786906
O,1,0,9,48614,78800412
O,2,1,21,32407,78802592
O,3,1,20,32537,78764322
Q,78809954,0,1.38115,-1.72922,1.39662
Q,78809954,1,1.37372,-1.76035,1.39810
Q,78809954,2,1.42141,-1.65529,1.39715
Q,78809954,3,1.34685,-1.72367,1.39454
A,0,0,31.04,-2.62
ANG S0 | BS0 h= +31.04 v=  -2.62 deg
A,0,1,-20.96,-4.15
ANG S0 | BS1 h= -20.96 v=  -4.15 deg
A,1,0,30.75,-1.92
ANG S1 | BS0 h= +30.75 v=  -1.92 deg
A,1,1,-21.00,-3.44
ANG S1 | BS1 h= -21.00 v=  -3.44 deg
A,2,0,32.22,-5.19
ANG S2 | BS0 h= +32.22 v=  -5.19 deg
A,2,1,-20.39,-4.90
ANG S2 | BS1 h= -20.39 v=  -4.90 deg
A,3,0,30.42,-2.81
ANG S3 | BS0 h= +30.42 v=  -2.81 deg
A,3,1,-21.71,-4.25
ANG S3 | BS1 h= -21.71 v=  -4.25 deg
C_RAW,1.3808,-1.7171,1.3966
C,1.3808,-1.7171,1.0374
O,0,1,21,67256,78808400
O,0,0,8,85952,78826363
O,0,1,20,32753,78821794
O,1,0,8,48615,78820140
O,1,0,8,85970,78826366
O,1,1,21,67364,78808417
O,2,0,9,85738,78786874
O,2,1,20,67115,78827521
O,3,0,9,85718,78786868
O,3,1,21,67006,78789213
O,3,0,9,48655,78780690
O,2,1,20,32408,78840882
O,3,0,9,48652,78800418
O,0,1,20,32754,78840940
O,1,0,9,85970,78846095
O,2,1,20,67116,78846666
O,3,0,9,85716,78806596
O,0,0,9,85952,78846092
O,1,1,20,67365,78846708
O,2,1,21,32407,78860027
O,3,0,8,48654,78820147
O,0,1,20,67256,78846690
O,1,0,9,85970,78865823
O,2,1,21,67114,78865812
O,3,1,20,32537,78821758
O,0,0,9,48818,78859631
O,1,1,21,67364,78865853
O,2,0,8,85736,78826327
O,3,1,20,67005,78827502
O,0,0,9,85952,78865820
O,1,1,20,32622,78879209
O,2,1,20,67114,78884957
O,3,1,20,32537,78840903
O,0,0,8,48820,78879360
O,1,1,20,67363,78884999
O,2,0,8,85739,78885518
O,3,0,9,85717,78846054
O,0,1,20,67255,78884981
O,1,1,21,32624,78898354
O,2,0,8,48455,78899029
O,3,1,20,67005,78846649
O,0,1,21,32755,78898376
O,1,1,21,67365,78904144
Q,78910047,0,1.38115,-1.72916,1.39658
Q,78910047,1,1.37370,-1.76034,1.39811
Q,78910047,2,1.68772,-0.90755,2.25236
Q,78910047,3,1.34683,-1.72372,1.39450
A,0,0,31.04,-2.62
ANG S0 | BS0 h= +31.04 v=  -2.62 deg
A,0,1,-20.96,-4.15
ANG S0 | BS1 h= -20.96 v=  -4.15 deg
A,1,0,30.75,-1.91
ANG S1 | BS0 h= +30.75 v=  -1.91 deg
A,1,1,-21.00,-3.44
ANG S1 | BS1 h= -21.00 v=  -3.44 deg
A,2,0,52.65,-35.48
ANG S2 | BS0 h= +52.65 v= -35.48 deg
A,2,1,-20.88,-4.41
ANG S2 | BS1 h= -20.88 v=  -4.41 deg
A,3,0,30.42,-2.81
ANG S3 | BS0 h= +30.42 v=  -2.81 deg
A,3,1,-21.71,-4.25
ANG S3 | BS1 h= -21.71 v=  -4.25 deg
C_RAW,1.4473,-1.5302,1.6104
C,1.4473,-1.5302,1.3127
O,0,0,8,48820,78918818
O,0,1,20,67255,78923271
O,0,0,8,85955,78925007
O,1,1,20,32623,78917499
O,1,0,8,85972,78925010
O,1,1,20,67363,78923289
O,2,1,20,32408,78936608
O,2,0,8,85739,78924971
O,2,1,20,67115,78923248
O,3,0,8,85719,78885511
O,3,1,20,67004,78884940
O,3,1,21,32538,78898339
O,1,0,9,48617,78938514
O,2,0,9,85738,78944708
O,3,1,21,67006,78904085
O,0,0,9,48820,78938547
O,1,1,20,67364,78942434
O,2,1,21,67116,78904105
O,3,0,8,85720,78905240
O,0,0,9,85954,78944739
O,1,1,21,32624,78955790
O,2,1,21,67116,78961538
O,3,1,20,67004,78923229
O,0,0,9,48816,78958276
O,1,1,21,67365,78961580
O,2,0,9,85735,78964435
O,3,0,8,85720,78924968
O,0,1,21,67257,78961562
O,1,0,9,85968,78964468
O,2,0,8,48454,78977945
O,3,0,9,48656,78938520
O,0,1,21,32754,78974957
O,1,1,21,67366,78980725
O,2,0,8,85737,78984163
O,3,1,20,67005,78942376
O,0,0,8,48819,78978005
O,1,0,8,85971,78984196
O,2,1,21,32408,78994046
O,3,1,21,32538,78955775
O,0,1,21,32754,78994102
O,1,0,9,48616,78997700
O,2,0,9,85738,79003893
O,3,1,21,67006,78961521
Q,79010310,0,1.38120,-1.72914,1.39667
Q,79010310,1,1.37373,-1.76034,1.39816
Q,79010310,2,1.59822,-1.14306,1.95329
Q,79010310,3,1.34686,-1.72367,1.39455
A,0,0,31.05,-2.62
ANG S0 | BS0 h= +31.05 v=  -2.62 deg
A,0,1,-20.95,-4.15
ANG S0 | BS1 h= -20.95 v=  -4.15 deg
A,1,0,30.75,-1.91
ANG S1 | BS0 h= +30.75 v=  -1.91 deg
A,1,1,-21.00,-3.44
ANG S1 | BS1 h= -21.00 v=  -3.44 deg
A,2,0,44.55,-23.47
ANG S2 | BS0 h= +44.55 v= -23.47 deg
A,2,1,-21.19,-4.09
ANG S2 | BS1 h= -21.19 v=  -4.09 deg
A,3,0,30.42,-2.81
ANG S3 | BS0 h= +30.42 v=  -2.81 deg
A,3,1,-21.71,-4.25
ANG S3 | BS1 h= -21.71 v=  -4.25 deg
C_RAW,1.4250,-1.5891,1.5357
C,1.4250,-1.5891,1.2165
O,0,0,8,48818,79017462
O,0,1,21,67257,78999853
O,0,0,8,85952,79023651
O,0,1,21,32754,79013248
O,1,0,9,48616,79037157
O,1,1,21,32624,79013226
O,1,0,8,85970,79023654
O,1,1,21,67365,79019016
O,2,1,21,32408,79032336
O,2,0,8,85736,79023615
O,2,1,21,67117,79038121
O,3,0,8,85717,78984156
O,3,1,21,67006,78980667
O,3,0,8,48654,78977977
O,3,1,21,67006,78999812
O,0,0,9,48819,79037191
O,1,1,21,67365,79038162
O,2,0,9,85738,79043351
O,3,0,9,85718,79003884
O,0,1,21,67257,79038144
O,1,0,9,85970,79043383
O,2,1,21,67115,79057266
O,3,0,8,48653,79017435
O,0,1,21,32752,79051539
O,1,1,21,67364,79057308
O,2,0,9,85738,79063083
O,3,1,21,67006,79018957
O,0,0,9,48819,79056919
O,1,0,9,85970,79063116
O,2,1,20,32408,79070631
O,3,0,9,48655,79037163
O,0,1,20,32753,79070685
O,1,1,20,67363,79076454
O,2,0,9,85737,79082806
O,3,1,21,67006,79038102
O,0,1,20,67255,79076435
O,1,0,9,85970,79082840
O,2,1,21,32407,79089774
O,3,0,9,85719,79043343
O,0,0,9,85952,79082837
O,1,1,21,67363,79095598
O,2,0,9,48452,79096316
O,3,1,21,67004,79057248
O,0,1,21,67254,79095580
O,1,0,9,48614,79096344
Q,79110586,0,1.38117,-1.72916,1.39663
Q,79110586,1,1.37374,-1.76041,1.39809
Q,79110586,2,1.55604,-1.24520,1.84011
Q,79110586,3,1.34686,-1.72369,1.39457
A,0,0,31.04,-2.62
ANG S0 | BS0 h= +31.04 v=  -2.62 deg
A,0,1,-20.96,-4.15
ANG S0 | BS1 h= -20.96 v=  -4.15 deg
A,1,0,30.75,-1.91
ANG S1 | BS0 h= +30.75 v=  -1.91 deg
A,1,1,-21.00,-3.44
ANG S1 | BS1 h= -21.00 v=  -3.44 deg
A,2,0,41.66,-19.19
ANG S2 | BS0 h= +41.66 v= -19.19 deg
A,2,1,-21.39,-3.89
ANG S2 | BS1 h= -21.39 v=  -3.89 deg
A,3,0,30.42,-2.81
ANG S3 | BS0 h= +30.42 v=  -2.81 deg
A,3,1,-21.71,-4.25
ANG S3 | BS1 h= -21.71 v=  -4.25 deg
C_RAW,1.4145,-1.6146,1.5073
C,1.4145,-1.6146,1.1800
RUN: main loop
O,0,0,8,48818,79116105
O,0,0,8,85953,79122294
O,0,1,21,32753,79108975
O,1,0,8,48615,79116072
O,1,1,21,32623,79108953
O,1,0,8,85970,79122297
O,1,1,20,67365,79133889
O,2,0,9,48452,79135773
O,2,1,20,32410,79128063
O,2,0,8,85736,79122258
O,3,0,9,85718,79082799
O,3,1,21,67003,79095540
O,3,0,9,48654,79076621
O,0,1,20,67257,79133871
O,1,0,9,48614,79135800
O,2,0,9,85735,79141987
O,3,0,9,85716,79102528
O,0,0,9,48816,79135834
O,1,1,20,32623,79147244
O,2,1,20,67116,79152993
O,3,1,21,67004,79114686
O,0,1,20,32753,79147266
O,2,0,8,85735,79161721
O,3,0,8,48653,79116078
O,0,0,8,48817,79155563
O,1,0,8,85969,79161754
O,2,1,20,32409,79166355
O,3,1,20,32539,79128084
O,2,0,8,48454,79175232
O,0,1,20,67256,79172161
O,1,0,8,48617,79175258
O,2,1,20,32408,79185500
O,3,0,9,85716,79141984
O,0,0,8,85953,79181480
O,1,1,20,32623,79185535
O,2,0,9,48453,79194960
O,3,1,20,67005,79152975
O,0,1,20,32753,79185556
O,1,0,9,48615,79194986
O,2,0,9,85737,79201178
O,3,0,8,85716,79161714
O,0,0,9,48818,79195020
Q,79210643,0,1.38112,-1.72920,1.39666
Q,79210643,1,1.37370,-1.76044,1.39806
Q,79210643,2,1.46525,-1.47487,1.60221
Q,79210643,3,1.34684,-1.72369,1.39449
A,0,0,31.04,-2.62
ANG S0 | BS0 h= +31.04 v=  -2.62 deg
A,0,1,-20.96,-4.15
ANG S0 | BS1 h= -20.96 v=  -4.15 deg
A,1,0,30.75,-1.91
ANG S1 | BS0 h= +30.75 v=  -1.91 deg
A,1,1,-21.00,-3.44
ANG S1 | BS1 h= -21.00 v=  -3.44 deg
A,2,0,36.04,-10.86
ANG S2 | BS0 h= +36.04 v= -10.86 deg
A,2,1,-21.46,-3.82
ANG S2 | BS1 h= -21.46 v=  -3.82 deg
A,3,0,30.42,-2.81
ANG S3 | BS0 h= +30.42 v=  -2.81 deg
A,3,1,-21.71,-4.25
ANG S3 | BS1 h= -21.71 v=  -4.25 deg
C_RAW,1.3917,-1.6720,1.4479
C,1.3917,-1.6720,1.1034
O,0,1,21,67256,79210452
O,0,0,8,85954,79220938
O,0,1,21,32754,79223847
O,1,1,21,32623,79223825
O,1,0,8,85972,79220941
O,1,1,21,67364,79229615
O,2,0,8,48454,79214690
O,2,1,21,32408,79223789
O,2,0,9,85740,79240631
O,2,1,21,67116,79229574
O,3,0,8,85718,79181442
O,3,1,20,67004,79191266
O,3,1,20,32537,79166375
O,3,0,9,85717,79201171
O,0,0,9,48820,79234478
O,1,0,9,85972,79240670
O,2,1,20,67117,79248720
O,3,1,21,32536,79204665
O,0,1,20,32755,79242993
O,1,1,20,67366,79248760
O,2,0,9,48452,79254147
O,3,1,21,67004,79210411
O,0,1,20,67257,79248743
O,1,0,9,85969,79260399
O,2,1,20,32409,79262080
O,3,0,8,85718,79220899
O,0,0,9,85952,79260396
O,1,1,20,32624,79262116
O,2,1,20,67117,79267865
O,3,1,21,67005,79229555
O,0,1,20,32754,79262137
O,1,1,20,67366,79267907
O,2,1,20,32409,79281227
O,3,0,9,85720,79240627
O,0,0,9,48819,79273935
O,1,1,20,32624,79281261
O,2,1,20,67117,79287011
O,3,1,20,32539,79242957
O,0,1,20,32754,79281283
O,2,0,8,48454,79293605
O,3,1,20,67006,79248703
O,0,0,8,48819,79293664
O,1,0,8,85971,79299856
O,2,1,21,67116,79306156
O,3,1,20,32538,79262101
Q,79311157,0,1.38116,-1.72918,1.39662
Q,79311157,1,1.37374,-1.76049,1.39806
Q,79311157,2,1.44000,-1.52810,1.56042
Q,79311157,3,1.34685,-1.72370,1.39449
A,0,0,31.04,-2.62
ANG S0 | BS0 h= +31.04 v=  -2.62 deg
A,0,1,-20.96,-4.15
ANG S0 | BS1 h= -20.96 v=  -4.15 deg
A,1,0,30.75,-1.91
ANG S1 | BS0 h= +30.75 v=  -1.91 deg
A,1,1,-21.00,-3.44
ANG S1 | BS1 h= -21.00 v=  -3.44 deg
A,2,0,34.86,-9.10
ANG S2 | BS0 h= +34.86 v=  -9.10 deg
A,2,1,-21.60,-3.68
ANG S2 | BS1 h= -21.60 v=  -3.68 deg
A,3,0,30.42,-2.81
ANG S3 | BS0 h= +30.42 v=  -2.81 deg
A,3,1,-21.71,-4.25
ANG S3 | BS1 h= -21.71 v=  -4.25 deg
C_RAW,1.3854,-1.6854,1.4374
C,1.3854,-1.6854,1.0899
O,0,0,8,48819,79333122
O,0,1,21,67256,79306179
O,0,0,8,85954,79299853
O,0,1,21,32753,79300428
O,1,1,21,32623,79338698
O,1,0,9,85971,79319585
O,1,1,21,67365,79325342
O,2,0,8,48455,79333061
O,2,0,9,85738,79319546
O,2,1,21,67116,79325301
O,3,0,9,85719,79280086
O,3,1,20,67005,79286993
O,3,0,9,48656,79273908
O,3,0,8,85718,79299818
O,0,1,21,32753,79338719
O,1,0,8,85971,79339314
O,2,0,8,48455,79352792
O,3,1,21,32536,79300392
O,0,0,8,85954,79339311
O,1,1,20,32622,79357843
O,2,0,8,85739,79359010
O,3,0,9,48655,79313366
O,0,1,20,32753,79357865
O,1,0,8,85972,79359046
O,2,1,20,67115,79363594
O,0,0,8,85955,79359043
O,1,1,20,67363,79363633
O,2,1,21,32408,79376954
O,3,1,21,32536,79338683
O,0,0,8,48819,79372579
O,1,0,8,85971,79378771
O,3,0,8,85718,79339272
O,0,1,21,32754,79377010
O,1,1,21,67364,79382778
O,2,0,9,48454,79392248
O,0,1,21,67256,79382760
O,1,1,20,32624,79396134
O,2,0,9,85738,79398466
O,3,0,8,85719,79359002
O,0,1,20,32754,79396156
O,1,0,9,85971,79398500
Q,79411626,0,1.38118,-1.72917,1.39670
Q,79411626,1,1.37371,-1.76045,1.39810
Q,79411626,2,1.39407,-1.63641,1.47247
Q,79411626,3,1.34686,-1.72366,1.39458
A,0,0,31.04,-2.62
ANG S0 | BS0 h= +31.04 v=  -2.62 deg
A,0,1,-20.96,-4.15
ANG S0 | BS1 h= -20.96 v=  -4.15 deg
A,1,0,30.75,-1.91
ANG S1 | BS0 h= +30.75 v=  -1.91 deg
A,1,1,-21.00,-3.44
ANG S1 | BS1 h= -21.00 v=  -3.44 deg
A,2,0,32.56,-5.69
ANG S2 | BS0 h= +32.56 v=  -5.69 deg
A,2,1,-21.63,-3.65
ANG S2 | BS1 h= -21.63 v=  -3.65 deg
A,3,0,30.42,-2.81
ANG S3 | BS0 h= +30.42 v=  -2.81 deg
A,3,1,-21.71,-4.25
ANG S3 | BS1 h= -21.71 v=  -4.25 deg
C_RAW,1.3740,-1.7124,1.4155
C,1.3740,-1.7124,1.0616
O,0,1,20,67257,79421051
O,0,0,9,85951,79418225
O,0,1,21,32755,79434447
O,1,0,8,48615,79431732
O,1,0,9,85968,79418228
O,1,1,20,67366,79421069
O,2,0,8,48452,79431704
O,2,0,8,85735,79437918
O,2,1,20,67117,79421028
O,3,0,9,85719,79398459
O,3,1,21,67005,79382720
O,3,1,21,32537,79376974
O,1,0,8,85968,79437957
O,3,1,20,67006,79401865
O,0,0,8,85951,79437954
O,1,0,8,48616,79451460
O,2,1,21,32408,79453538
O,3,1,20,32539,79415265
O,0,1,21,32754,79453592
O,1,0,8,85971,79457686
O,2,1,21,67116,79459319
O,3,0,9,85716,79418186
O,0,0,8,85953,79457683
O,1,1,21,67365,79459361
O,2,0,8,48453,79471163
O,3,0,8,48653,79431738
O,0,1,21,67257,79459343
O,1,1,20,32623,79472716
O,2,1,20,67115,79478465
O,3,0,8,85716,79437915
O,0,1,20,32753,79472738
O,1,0,8,85971,79477414
O,2,0,8,85735,79437918
O,3,1,21,67007,79440155
O,0,0,8,85953,79477411
O,1,0,8,48615,79490918
O,2,1,20,32409,79491825
O,3,0,8,85718,79457645
O,0,1,20,32754,79491886
O,1,0,8,85970,79497143
O,2,1,20,67116,79497610
O,3,1,21,67006,79459302
O,0,0,8,85952,79497140
Q,79511804,0,1.38120,-1.72920,1.39668
Q,79511804,1,1.37371,-1.76045,1.39808
Q,79511804,2,1.38295,-1.65972,1.45697
Q,79511804,3,1.34687,-1.72374,1.39449
A,0,0,31.04,-2.62
ANG S0 | BS0 h= +31.04 v=  -2.62 deg
A,0,1,-20.95,-4.15
ANG S0 | BS1 h= -20.95 v=  -4.15 deg
A,1,0,30.75,-1.91
ANG S1 | BS0 h= +30.75 v=  -1.91 deg
A,1,1,-21.00,-3.44
ANG S1 | BS1 h= -21.00 v=  -3.44 deg
A,2,0,32.07,-4.97
ANG S2 | BS0 h= +32.07 v=  -4.97 deg
A,2,1,-21.67,-3.61
ANG S2 | BS1 h= -21.67 v=  -3.61 deg
A,3,0,30.42,-2.81
ANG S3 | BS0 h= +30.42 v=  -2.81 deg
A,3,1,-21.71,-4.25
ANG S3 | BS1 h= -21.71 v=  -4.25 deg
C_RAW,1.3712,-1.7183,1.4116
C,1.3712,-1.7183,1.0566
O,0,0,8,48818,79530409
O,0,1,20,67256,79497633
O,0,0,8,85952,79516869
O,0,1,21,32754,79511028
O,1,1,21,32622,79530151
O,1,0,8,85970,79516872
O,1,1,21,67363,79535941
O,2,0,8,85735,79536562
O,2,1,21,32408,79510970
O,2,0,8,48453,79530348
O,3,0,8,85717,79497102
O,3,1,20,67004,79478447
O,3,0,8,48653,79490924
O,0,1,21,67254,79535923
O,1,0,8,85969,79536601
O,2,0,8,48454,79550077
O,3,0,8,48653,79510654
O,0,0,8,85951,79536598
O,1,1,21,67364,79555086
O,2,0,8,85738,79556290
O,3,1,21,67004,79516738
O,0,0,8,48819,79550137
O,1,0,8,85971,79556329
O,2,1,21,67114,79516755
O,3,1,21,32536,79530137
O,0,0,8,85954,79556326
O,1,1,20,32622,79568442
O,2,1,20,67114,79574190
O,3,1,21,67003,79535881
O,0,0,8,48817,79569866
O,1,1,20,67363,79574232
O,2,0,8,85735,79576023
O,3,0,8,85716,79536558
O,0,1,20,67255,79574214
O,1,1,20,32623,79587587
O,2,0,8,48456,79589535
O,3,0,8,48655,79550110
O,0,1,20,32753,79587609
O,2,0,8,85739,79595753
O,3,1,21,67004,79555028
O,0,0,8,48820,79589595
O,1,0,8,85972,79595787
O,2,1,20,32409,79606699
O,3,1,20,32536,79568427
Q,79612159,0,1.38113,-1.72917,1.39665
Q,79612159,1,1.37366,-1.76041,1.39814
Q,79612159,2,1.36234,-1.70575,1.42560
Q,79612159,3,1.34679,-1.72374,1.39450
A,0,0,31.04,-2.62
ANG S0 | BS0 h= +31.04 v=  -2.62 deg
A,0,1,-20.96,-4.15
ANG S0 | BS1 h= -20.96 v=  -4.15 deg
A,1,0,30.75,-1.91
ANG S1 | BS0 h= +30.75 v=  -1.91 deg
A,1,1,-21.00,-3.44
ANG S1 | BS1 h= -21.00 v=  -3.44 deg
A,2,0,31.13,-3.58
ANG S2 | BS0 h= +31.13 v=  -3.58 deg
A,2,1,-21.70,-3.58
ANG S2 | BS1 h= -21.70 v=  -3.58 deg
A,3,0,30.42,-2.81
ANG S3 | BS0 h= +30.42 v=  -2.81 deg
A,3,1,-21.71,-4.25
ANG S3 | BS1 h= -21.71 v=  -4.25 deg
C_RAW,1.3660,-1.7298,1.4037
C,1.3660,-1.7298,1.0465
O,0,0,8,48820,79629053
O,0,1,20,67257,79612505
O,0,0,8,85955,79595784
O,0,1,21,32753,79625900
O,1,0,8,48618,79609290
O,1,1,21,32623,79625878
O,1,0,8,85972,79635245
O,1,1,21,67364,79631668
O,2,0,8,85739,79635206
O,2,1,20,67114,79574190
O,2,0,8,48456,79628992
O,3,0,8,85716,79576017
O,3,1,20,67005,79593318
O,3,0,8,48656,79589567
O,2,1,21,32409,79644990
O,3,0,8,85719,79595746
O,0,0,8,85955,79635242
O,1,0,8,48616,79648750
O,2,1,21,67118,79650773
O,3,1,20,67006,79612464
O,0,0,8,48819,79648782
O,1,1,21,67366,79650814
O,2,0,8,85738,79654940
O,3,0,8,85720,79615476
O,0,1,21,67258,79650797
O,1,1,20,32622,79664169
O,2,1,20,67115,79669918
O,3,0,8,48656,79629025
O,0,0,8,48820,79668510
O,2,0,8,85738,79674670
O,3,1,21,67005,79631608
O,0,1,20,67255,79669941
O,1,0,8,85971,79674702
O,2,1,20,32409,79683280
O,3,0,8,48654,79648758
O,0,1,20,32754,79683338
O,1,0,8,48617,79688205
O,2,0,8,85738,79694397
O,3,1,21,67007,79650757
O,0,0,8,48819,79688239
O,1,1,20,67365,79689105
O,2,1,21,32407,79702425
O,3,0,8,85718,79654933
O,0,1,21,32752,79702482
Q,79712479,0,1.38117,-1.72915,1.39676
Q,79712479,1,1.37373,-1.76038,1.39825
Q,79712479,2,1.35768,-1.71546,1.41993
Q,79712479,3,1.34685,-1.72367,1.39462
A,0,0,31.05,-2.62
ANG S0 | BS0 h= +31.05 v=  -2.62 deg
A,0,1,-20.96,-4.15
ANG S0 | BS1 h= -20.96 v=  -4.15 deg
A,1,0,30.75,-1.91
ANG S1 | BS0 h= +30.75 v=  -1.91 deg
A,1,1,-21.00,-3.44
ANG S1 | BS1 h= -21.00 v=  -3.44 deg
A,2,0,30.93,-3.28
ANG S2 | BS0 h= +30.93 v=  -3.28 deg
A,2,1,-21.71,-3.57
ANG S2 | BS1 h= -21.71 v=  -3.57 deg
A,3,0,30.42,-2.81
ANG S3 | BS0 h= +30.42 v=  -2.81 deg
A,3,1,-21.71,-4.25
ANG S3 | BS1 h= -21.71 v=  -4.25 deg
C_RAW,1.3649,-1.7322,1.4024
C,1.3649,-1.7322,1.0448
O,0,0,8,48816,79707968
O,0,1,21,67256,79727377
O,0,1,21,32754,79721627
O,1,0,8,48614,79707934
O,1,0,8,85968,79733888
O,1,1,21,67365,79727395
O,2,0,8,85734,79733849
O,2,1,20,32409,79740715
O,2,0,8,48453,79727636
O,2,1,21,67114,79708209
O,3,0,8,85718,79694390
O,3,1,20,67005,79689045
O,3,0,8,48655,79688212
O,0,0,8,85950,79733885
O,1,1,20,67365,79746541
O,2,0,9,48453,79747365
O,3,1,21,67004,79708190
O,0,1,20,67257,79746523
O,1,0,9,48616,79747392
O,2,0,9,85738,79753584
O,3,0,8,85716,79714119
O,0,0,9,48818,79747425
O,1,1,20,32622,79759896
O,2,0,9,48453,79767094
O,3,1,21,67005,79727335
O,0,1,20,32753,79759921
O,1,0,9,48615,79767120
O,2,0,9,85736,79773313
O,3,0,8,85715,79733846
O,0,0,9,48818,79767153
O,1,0,9,85968,79773345
O,2,1,20,67117,79784790
O,3,1,20,67006,79746483
O,0,1,20,32755,79779063
O,2,0,9,85739,79793041
O,3,0,9,48655,79747398
O,1,0,9,85972,79793074
O,2,1,21,32407,79798152
O,3,0,9,85719,79753576
O,0,0,9,85954,79793071
O,1,1,21,67364,79803977
O,2,0,9,48453,79806551
Q,79812630,0,1.38113,-1.72923,1.39668
Q,79812630,1,1.37367,-1.76043,1.39812
Q,79812630,2,1.34723,-1.73868,1.40538
Q,79812630,3,1.34683,-1.72365,1.39456
A,0,0,31.04,-2.62
ANG S0 | BS0 h= +31.04 v=  -2.62 deg
A,0,1,-20.96,-4.15
ANG S0 | BS1 h= -20.96 v=  -4.15 deg
A,1,0,30.75,-1.91
ANG S1 | BS0 h= +30.75 v=  -1.91 deg
A,1,1,-21.00,-3.44
ANG S1 | BS1 h= -21.00 v=  -3.44 deg
A,2,0,30.46,-2.59
ANG S2 | BS0 h= +30.46 v=  -2.59 deg
A,2,1,-21.72,-3.56
ANG S2 | BS1 h= -21.72 v=  -3.56 deg
A,3,0,30.42,-2.81
ANG S3 | BS0 h= +30.42 v=  -2.81 deg
A,3,1,-21.71,-4.25
ANG S3 | BS1 h= -21.71 v=  -4.25 deg
C_RAW,1.3622,-1.7380,1.3987
C,1.3622,-1.7380,1.0400
O,0,0,9,48818,79806611
O,0,1,20,67254,79823104
O,0,0,8,85953,79832529
O,0,1,20,32752,79817354
O,1,0,9,48615,79806577
O,1,1,21,32623,79836477
O,1,0,8,85971,79832532
O,1,1,20,67361,79823122
O,2,1,21,32408,79836441
O,2,0,8,48455,79826279
O,2,1,20,67113,79823081
O,3,0,9,85720,79793033
O,3,1,20,67005,79784773
O,3,0,9,48657,79786855
O,2,0,9,48451,79846010
O,3,1,21,67004,79803918
O,0,1,21,32754,79836499
O,1,1,21,67364,79842267
O,2,0,9,85736,79852228
O,3,0,9,85719,79812762
O,0,0,9,48816,79846071
O,1,1,20,32622,79855622
O,2,1,20,67114,79861371
O,3,1,20,32536,79817318
O,0,1,20,32752,79855644
O,2,0,9,48451,79865738
O,3,0,8,48655,79826313
O,0,0,9,48816,79865800
O,1,0,9,85967,79871989
O,2,1,21,32408,79874733
O,3,1,21,32538,79836463
O,0,0,9,85951,79871986
O,1,1,21,32623,79874768
O,2,0,9,48453,79885467
O,3,1,21,67005,79842207
O,0,1,21,32754,79874790
O,1,0,9,48615,79885493
O,2,1,20,32408,79893878
O,3,0,9,85717,79852221
O,0,0,9,48818,79885526
O,1,1,20,32622,79893913
O,2,1,20,67116,79899662
O,3,1,20,32536,79855608
O,0,1,20,32752,79893935
O,1,1,20,67365,79899704
O,2,0,8,48452,79905195
Q,79912815,0,1.38110,-1.72922,1.39660
Q,79912815,1,1.37365,-1.76045,1.39810
Q,79912815,2,1.34549,-1.74187,1.40381
Q,79912815,3,1.34687,-1.72361,1.39466
A,0,0,31.04,-2.62
ANG S0 | BS0 h= +31.04 v=  -2.62 deg
A,0,1,-20.96,-4.15
ANG S0 | BS1 h= -20.96 v=  -4.15 deg
A,1,0,30.75,-1.91
ANG S1 | BS0 h= +30.75 v=  -1.91 deg
A,1,1,-21.00,-3.44
ANG S1 | BS1 h= -21.00 v=  -3.44 deg
A,2,0,30.39,-2.49
ANG S2 | BS0 h= +30.39 v=  -2.49 deg
A,2,1,-21.74,-3.55
ANG S2 | BS1 h= -21.74 v=  -3.55 deg
A,3,0,30.42,-2.81
ANG S3 | BS0 h= +30.42 v=  -2.81 deg
A,3,1,-21.71,-4.25
ANG S3 | BS1 h= -21.71 v=  -4.25 deg
C_RAW,1.3618,-1.7388,1.3983
C,1.3618,-1.7388,1.0395
O,0,0,8,48820,79924984
O,0,0,8,85954,79931173
O,0,1,20,32753,79913081
O,1,1,20,32624,79932205
O,1,0,8,85971,79931176
O,1,1,20,67363,79918849
O,2,1,20,32409,79932169
O,2,0,8,48456,79924923
O,2,1,20,67116,79937953
O,3,0,9,85717,79891677
O,3,1,21,67005,79880499
O,3,0,9,48652,79865773
O,3,1,20,32536,79893899
O,2,0,8,48453,79944652
O,3,1,20,67005,79899645
O,0,1,20,32754,79932226
O,1,0,8,85971,79950906
O,2,1,20,32409,79951314
O,3,0,8,85717,79911406
O,0,0,8,85954,79950904
O,1,1,20,32624,79951350
O,2,1,20,67117,79957101
O,3,1,20,32536,79913045
O,0,1,20,32754,79951372
O,1,1,20,67365,79957142
O,2,0,8,48453,79964382
O,3,0,8,85718,79931134
O,0,0,8,48818,79964446
O,1,0,8,85969,79970634
O,2,1,20,67117,79976244
O,3,1,20,32538,79932190
O,0,1,20,32755,79970518
O,1,1,20,67366,79976286
O,2,0,8,48454,79984111
O,3,1,20,67005,79937935
O,0,0,8,48819,79984170
O,1,1,20,32622,79989642
O,2,0,8,85738,79990328
O,3,1,20,32537,79951336
O,0,1,20,32752,79989665
O,1,0,8,85971,79990362
O,2,1,20,67115,79995393
O,3,1,20,67005,79957086
O,0,0,8,85954,79990359
O,1,1,20,67363,79995432
O,2,0,9,85739,80010052
Q,80012955,0,1.38114,-1.72917,1.39669
Q,80012955,1,1.37368,-1.76046,1.39805
Q,80012955,2,1.34431,-1.74447,1.40234
Q,80012955,3,1.34684,-1.72368,1.39462
A,0,0,31.04,-2.62
ANG S0 | BS0 h= +31.04 v=  -2.62 deg
A,0,1,-20.96,-4.15
ANG S0 | BS1 h= -20.96 v=  -4.15 deg
A,1,0,30.75,-1.91
ANG S1 | BS0 h= +30.75 v=  -1.91 deg
A,1,1,-21.00,-3.44
ANG S1 | BS1 h= -21.00 v=  -3.44 deg
A,2,0,30.34,-2.41
ANG S2 | BS0 h= +30.34 v=  -2.41 deg
A,2,1,-21.74,-3.54
ANG S2 | BS1 h= -21.74 v=  -3.54 deg
A,3,0,30.42,-2.81
ANG S3 | BS0 h= +30.42 v=  -2.81 deg
A,3,1,-21.71,-4.25
ANG S3 | BS1 h= -21.71 v=  -4.25 deg
C_RAW,1.3615,-1.7394,1.3979
C,1.3615,-1.7394,1.0391
O,0,1,20,67255,80014558
O,0,0,9,85953,80029817
O,0,1,20,32754,80027953
O,1,1,20,32624,80027932
O,1,0,9,85970,80029820
O,1,1,20,67364,80033722
O,2,0,9,85737,80029781
O,2,0,9,48454,80023568
O,2,1,20,67116,80033680
O,3,0,8,85718,79990321
O,3,1,20,67004,79995376
O,3,1,20,32539,79970482
O,2,1,20,32408,80047043
O,3,1,20,32537,80008772
O,0,0,8,48819,80043356
O,1,0,8,85971,80049548
O,2,1,20,67115,80052826
O,3,0,9,85720,80010050
O,0,1,20,32752,80047099
O,1,1,20,67363,80052867
O,2,0,8,48454,80063026
O,3,0,9,48656,80023601
O,0,1,20,67255,80052849
O,1,1,20,32624,80066222
O,2,1,20,67116,80071971
O,3,0,9,85718,80029778
O,0,1,20,32754,80066244
O,1,0,8,85970,80069278
O,2,0,9,85737,80029781
O,1,0,9,48616,80082782
O,2,1,21,32407,80085333
O,3,1,20,32536,80047064
O,0,1,21,32752,80085389
O,1,0,9,85970,80089005
O,2,1,21,67114,80091116
O,3,0,8,85718,80049507
O,0,0,9,85953,80089002
O,1,1,21,67363,80091158
O,2,1,21,32408,80104478
O,3,0,8,48655,80063058
O,0,1,21,67255,80091140
O,1,0,8,85971,80108734
Q,80113268,0,1.38109,-1.72915,1.39678
Q,80113268,1,1.37368,-1.76038,1.39805
Q,80113268,2,1.34329,-1.74649,1.40125
Q,80113268,3,1.34688,-1.72363,1.39464
A,0,0,31.04,-2.62
ANG S0 | BS0 h= +31.04 v=  -2.62 deg
A,0,1,-20.96,-4.15
ANG S0 | BS1 h= -20.96 v=  -4.15 deg
A,1,0,30.75,-1.91
ANG S1 | BS0 h= +30.75 v=  -1.91 deg
A,1,1,-21.00,-3.44
ANG S1 | BS1 h= -21.00 v=  -3.44 deg
A,2,0,30.30,-2.35
ANG S2 | BS0 h= +30.30 v=  -2.35 deg
A,2,1,-21.74,-3.54
ANG S2 | BS1 h= -21.74 v=  -3.54 deg
A,3,0,30.42,-2.81
ANG S3 | BS0 h= +30.42 v=  -2.81 deg
A,3,1,-21.71,-4.25
ANG S3 | BS1 h= -21.71 v=  -4.25 deg
C_RAW,1.3612,-1.7399,1.3977
C,1.3612,-1.7399,1.0388
RUN: main loop
O,0,1,21,67257,80110285
O,0,0,8,85955,80128460
O,0,1,20,32754,80123680
O,1,0,8,48618,80122237
O,1,0,8,85972,80128463
O,1,1,21,67365,80110303
O,2,0,9,85738,80088976
O,2,1,20,32409,80123622
O,2,1,20,67117,80129407
O,3,0,9,85718,80088966
O,3,1,21,67004,80091099
O,3,0,8,48654,80102515
O,0,1,20,67257,80129430
O,1,1,21,32623,80142804
O,2,1,21,67115,80148552
O,3,0,8,85718,80108693
O,0,1,21,32753,80142825
O,1,0,8,85973,80148192
O,2,0,8,85738,80108700
O,3,1,21,67006,80110245
O,0,1,21,67256,80148576
O,1,0,9,48616,80161695
O,2,1,21,32409,80161913
O,3,0,8,85719,80128421
O,0,1,21,32755,80161971
O,1,1,21,67365,80167739
O,2,0,9,85738,80167882
O,3,1,20,67005,80129388
O,0,1,21,67258,80167721
O,1,1,21,32623,80181094
O,2,0,8,48455,80181397
O,3,0,8,48655,80141972
O,0,1,21,32754,80181116
O,1,1,21,67365,80186884
O,2,0,8,85738,80187630
O,3,0,8,85720,80148156
O,0,0,8,48820,80181458
O,1,0,8,85972,80187651
O,2,0,8,85739,80148165
O,3,0,9,48656,80161701
O,0,0,8,85955,80187647
O,1,1,21,32624,80200241
O,2,0,9,85736,80207345
O,3,1,21,67006,80167680
Q,80213550,0,1.38119,-1.72920,1.39673
Q,80213550,1,1.37375,-1.76038,1.39814
Q,80213550,2,1.51796,-1.32277,1.76964
Q,80213550,3,1.34688,-1.72361,1.39473
A,0,0,31.05,-2.62
ANG S0 | BS0 h= +31.05 v=  -2.62 deg
A,0,1,-20.96,-4.15
ANG S0 | BS1 h= -20.96 v=  -4.15 deg
A,1,0,30.75,-1.91
ANG S1 | BS0 h= +30.75 v=  -1.91 deg
A,1,1,-21.00,-3.44
ANG S1 | BS1 h= -21.00 v=  -3.44 deg
A,2,0,39.66,-16.22
ANG S2 | BS0 h= +39.66 v= -16.22 deg
A,2,1,-21.74,-3.54
ANG S2 | BS1 h= -21.74 v=  -3.54 deg
A,3,0,30.43,-2.81
ANG S3 | BS0 h= +30.43 v=  -2.81 deg
A,3,1,-21.71,-4.25
ANG S3 | BS1 h= -21.71 v=  -4.25 deg
C_RAW,1.4049,-1.6340,1.4898
C,1.4049,-1.6340,1.1574
O,0,0,8,48818,80220915
O,0,0,8,85952,80227104
O,0,1,20,32753,80219407
O,1,1,20,32624,80238531
O,1,0,8,85970,80227107
O,1,1,21,67365,80206030
O,2,0,8,85736,80227068
O,2,0,8,48454,80220854
O,2,1,20,67116,80244279
O,3,0,8,85719,80187610
O,3,1,21,67006,80186826
O,3,1,21,32538,80181082
O,3,1,21,67006,80205971
O,0,0,8,48819,80240643
O,1,1,20,67365,80244321
O,2,0,8,85738,80246806
O,3,0,9,85717,80207337
O,0,1,20,67256,80244303
O,1,1,21,32623,80257676
O,2,0,9,48452,80260312
O,3,0,8,48654,80220888
O,0,0,9,48818,80260372
O,1,1,21,67365,80263466
O,2,0,9,85735,80266529
O,3,1,20,67004,80225116
O,0,1,21,67257,80263448
O,1,0,9,85968,80266564
O,2,1,21,32409,80276793
O,3,1,20,32538,80238517
O,0,1,21,32754,80276843
O,1,0,8,48616,80280068
O,2,0,8,85737,80286260
O,3,1,20,67005,80244261
O,0,0,8,48818,80280101
O,1,1,21,67365,80282612
O,2,1,21,32408,80295934
O,3,0,8,85718,80246796
O,0,0,8,85953,80286289
O,1,0,9,48614,80299796
O,2,1,21,67116,80301716
O,3,1,21,67006,80263408
O,0,0,9,48816,80299829
O,1,1,21,67365,80301761
Q,80313862,0,1.38117,-1.72923,1.39669
Q,80313862,1,1.37374,-1.76039,1.39807
Q,80313862,2,1.55939,-1.21426,1.89164
Q,80313862,3,1.34688,-1.72363,1.39465
A,0,0,31.04,-2.62
ANG S0 | BS0 h= +31.04 v=  -2.62 deg
A,0,1,-20.96,-4.15
ANG S0 | BS1 h= -20.96 v=  -4.15 deg
A,1,0,30.75,-1.91
ANG S1 | BS0 h= +30.75 v=  -1.91 deg
A,1,1,-21.00,-3.44
ANG S1 | BS1 h= -21.00 v=  -3.44 deg
A,2,0,42.54,-20.49
ANG S2 | BS0 h= +42.54 v= -20.49 deg
A,2,1,-21.74,-3.54
ANG S2 | BS1 h= -21.74 v=  -3.54 deg
A,3,0,30.42,-2.81
ANG S3 | BS0 h= +30.42 v=  -2.81 deg
A,3,1,-21.71,-4.25
ANG S3 | BS1 h= -21.71 v=  -4.25 deg
C_RAW,1.4153,-1.6069,1.5203
C,1.4153,-1.6069,1.1966
O,0,0,8,48819,80319558
O,0,1,21,67257,80320884
O,0,1,21,32754,80315134
O,1,0,9,48614,80339253
O,1,0,9,85968,80306021
O,1,1,21,67365,80320902
O,2,0,8,85738,80325711
O,2,1,20,32408,80334222
O,2,0,8,48455,80319498
O,2,1,20,67114,80340006
O,3,0,8,85717,80286252
O,3,1,21,67006,80282553
O,3,0,9,48652,80299802
O,0,0,9,48817,80339287
O,1,1,20,67363,80340048
O,2,0,9,85736,80345440
O,3,1,21,67006,80301698
O,0,1,20,67255,80340030
O,1,0,9,85969,80345479
O,2,1,20,67114,80359153
O,3,0,8,48655,80319531
O,0,1,20,32752,80353426
O,1,0,8,48617,80358982
O,2,0,8,85738,80365174
O,3,1,21,67006,80320843
O,0,0,8,48819,80359016
O,1,0,8,85971,80365208
O,2,1,20,32410,80372514
O,3,0,8,85718,80325708
O,0,1,20,32754,80372570
O,2,0,9,48454,80378687
O,3,1,20,67004,80339988
O,1,0,9,48617,80378711
O,2,1,21,32409,80391659
O,3,0,9,85717,80345437
O,0,0,9,48820,80378745
O,1,1,21,32624,80391694
O,2,0,8,48455,80398413
O,3,0,8,48655,80358988
O,0,1,21,32754,80391715
O,1,0,8,48618,80398440
O,2,0,8,85739,80404632
O,3,1,20,67003,80359135
Q,80413938,0,1.38115,-1.72921,1.39673
Q,80413938,1,1.37373,-1.76035,1.39805
Q,80413938,2,1.46581,-1.45483,1.63496
Q,80413938,3,1.34685,-1.72365,1.39458
A,0,0,31.04,-2.62
ANG S0 | BS0 h= +31.04 v=  -2.62 deg
A,0,1,-20.96,-4.15
ANG S0 | BS1 h= -20.96 v=  -4.15 deg
A,1,0,30.75,-1.92
ANG S1 | BS0 h= +30.75 v=  -1.92 deg
A,1,1,-21.00,-3.44
ANG S1 | BS1 h= -21.00 v=  -3.44 deg
A,2,0,36.49,-11.52
ANG S2 | BS0 h= +36.49 v= -11.52 deg
A,2,1,-21.74,-3.54
ANG S2 | BS1 h= -21.74 v=  -3.54 deg
A,3,0,30.42,-2.81
ANG S3 | BS0 h= +30.42 v=  -2.81 deg
A,3,1,-21.71,-4.25
ANG S3 | BS1 h= -21.71 v=  -4.25 deg
C_RAW,1.3919,-1.6670,1.4561
C,1.3919,-1.6670,1.1140
O,0,0,9,48819,80418202
O,0,1,21,67258,80416611
O,0,1,21,32754,80430006
O,1,0,9,48617,80418169
O,1,1,21,32623,80429984
O,1,0,8,85972,80404666
O,1,1,21,67365,80416629
O,2,0,9,85737,80444084
O,2,1,21,32408,80429949
O,2,0,9,48454,80418142
O,2,1,21,67115,80435733
O,3,0,9,85720,80384896
O,3,1,21,67006,80397425
O,3,0,9,48656,80378717
O,3,1,20,32539,80372534
O,3,0,8,48655,80398446
O,0,0,9,48817,80437931
O,1,0,9,85969,80444123
O,2,1,20,32409,80449096
O,3,1,21,32538,80410825
O,0,1,20,32754,80449153
O,1,1,20,67365,80454920
O,2,0,9,48453,80457600
O,3,0,9,48656,80418175
O,0,1,20,67257,80454902
O,1,0,9,48616,80457626
O,2,1,20,32409,80468241
O,3,0,9,85719,80424352
O,0,0,9,85952,80463849
O,1,1,20,32624,80468275
O,2,0,9,48452,80477329
O,3,1,21,67004,80435715
O,0,1,20,32754,80468297
O,1,0,9,48614,80477355
O,2,0,9,85736,80483547
O,3,0,9,85717,80444081
O,0,0,9,48816,80477389
O,1,1,21,32623,80487420
O,3,1,20,32538,80449117
O,0,1,21,32754,80487442
O,1,1,21,67364,80493211
O,2,0,8,48453,80497059
O,3,0,9,48655,80457633
O,0,1,21,67256,80493192
O,1,0,8,85969,80503312
O,2,1,21,32409,80506531
O,3,1,20,32537,80468261
Q,80514116,0,1.38116,-1.72926,1.39664
Q,80514116,1,1.37372,-1.76039,1.39804
Q,80514116,2,1.42359,-1.55810,1.54136
Q,80514116,3,1.34690,-1.72360,1.39459
A,0,0,31.04,-2.62
ANG S0 | BS0 h= +31.04 v=  -2.62 deg
A,0,1,-20.95,-4.15
ANG S0 | BS1 h= -20.95 v=  -4.15 deg
A,1,0,30.75,-1.92
ANG S1 | BS0 h= +30.75 v=  -1.92 deg
A,1,1,-21.00,-3.44
ANG S1 | BS1 h= -21.00 v=  -3.44 deg
A,2,0,34.20,-8.13
ANG S2 | BS0 h= +34.20 v=  -8.13 deg
A,2,1,-21.74,-3.54
ANG S2 | BS1 h= -21.74 v=  -3.54 deg
A,3,0,30.42,-2.81
ANG S3 | BS0 h= +30.42 v=  -2.81 deg
A,3,1,-21.71,-4.25
ANG S3 | BS1 h= -21.71 v=  -4.25 deg
C_RAW,1.3813,-1.6928,1.4327
C,1.3813,-1.6928,1.0838
O,0,0,9,48818,80516846
O,0,1,21,67255,80531483
O,0,0,9,85952,80523035
O,0,1,21,32754,80506588
O,1,1,21,32624,80506566
O,1,0,8,85969,80542766
O,1,1,21,67364,80531501
O,2,0,9,85737,80522999
O,2,0,8,48452,80536514
O,3,0,9,85716,80483540
O,3,1,21,67005,80493152
O,3,1,21,32538,80487406
O,2,1,20,32409,80544821
O,3,0,8,85717,80503268
O,0,0,8,85951,80542763
O,1,1,20,32624,80544857
O,2,1,20,67117,80550605
O,3,1,21,67006,80512297
O,0,1,20,32754,80544878
O,2,0,8,85738,80562461
O,3,0,9,85718,80522995
O,0,0,8,48819,80556304
O,1,1,20,32624,80564002
O,2,1,20,67117,80569751
O,3,1,21,32536,80525697
O,0,1,20,32755,80564024
O,1,1,20,67366,80569792
O,2,0,9,48453,80575972
O,3,1,21,67004,80531442
O,0,0,9,48819,80576032
O,1,0,9,85971,80582224
O,2,1,21,32408,80583113
O,3,1,20,32538,80544842
O,0,0,9,85953,80582221
O,1,1,21,32623,80583148
O,2,0,8,48454,80595701
O,3,1,20,67006,80550589
O,0,1,21,32754,80583169
O,1,0,8,48617,80595727
O,2,1,21,32408,80602257
O,3,0,8,85718,80562454
O,0,0,8,85953,80601950
O,1,1,21,32623,80602293
O,2,1,21,67116,80608042
Q,80614444,0,1.38114,-1.72920,1.39660
Q,80614444,1,1.37375,-1.76038,1.39805
Q,80614444,2,1.39463,-1.62733,1.48509
Q,80614444,3,1.34690,-1.72363,1.39461
A,0,0,31.04,-2.62
ANG S0 | BS0 h= +31.04 v=  -2.62 deg
A,0,1,-20.96,-4.15
ANG S0 | BS1 h= -20.96 v=  -4.15 deg
A,1,0,30.75,-1.92
ANG S1 | BS0 h= +30.75 v=  -1.92 deg
A,1,1,-21.00,-3.44
ANG S1 | BS1 h= -21.00 v=  -3.44 deg
A,2,0,32.74,-5.96
ANG S2 | BS0 h= +32.74 v=  -5.96 deg
A,2,1,-21.74,-3.54
ANG S2 | BS1 h= -21.74 v=  -3.54 deg
A,3,0,30.42,-2.81
ANG S3 | BS0 h= +30.42 v=  -2.81 deg
A,3,1,-21.71,-4.25
ANG S3 | BS1 h= -21.71 v=  -4.25 deg
C_RAW,1.3741,-1.7101,1.4186
C,1.3741,-1.7101,1.0657
O,0,0,9,48816,80635218
O,0,0,8,85955,80621679
O,0,1,21,32753,80621460
O,1,1,21,32623,80621438
O,1,0,9,85968,80641410
O,1,1,21,67364,80627228
O,2,0,8,85739,80621643
O,2,1,21,32408,80640548
O,2,0,8,48456,80615431
O,2,1,21,67114,80627187
O,3,0,8,85718,80601912
O,3,1,21,67005,80588879
O,3,1,21,32538,80583133
O,3,1,21,32537,80602279
O,0,1,21,32754,80640605
O,1,1,21,67364,80646374
O,2,0,8,48455,80654888
O,3,1,21,67006,80608025
O,0,1,21,67256,80646356
O,1,1,21,32623,80659729
O,2,0,8,85738,80661106
O,3,0,8,85719,80621639
O,0,1,21,32754,80659751
O,1,0,8,85971,80661139
O,2,1,21,67116,80665478
O,3,1,21,67004,80627169
O,0,0,8,85953,80661136
O,1,1,21,67364,80665519
O,2,0,9,85738,80680830
O,3,1,21,32537,80640569
O,0,1,20,32753,80678896
O,1,0,9,85971,80680868
O,2,1,20,67115,80684623
O,3,0,9,85717,80641368
O,0,0,9,85954,80680865
O,1,1,20,67364,80684664
O,2,0,8,48454,80694345
O,3,0,8,48655,80654920
O,0,0,8,48819,80694405
O,1,0,8,85971,80700596
O,2,1,20,67117,80703768
O,3,0,8,85718,80661098
O,0,1,20,32755,80698041
O,1,1,20,67365,80703810
Q,80714807,0,1.38115,-1.72923,1.39662
Q,80714807,1,1.37373,-1.76037,1.39808
Q,80714807,2,1.36832,-1.68885,1.43972
Q,80714807,3,1.34689,-1.72363,1.39459
A,0,0,31.04,-2.62
ANG S0 | BS0 h= +31.04 v=  -2.62 deg
A,0,1,-20.96,-4.15
ANG S0 | BS1 h= -20.96 v=  -4.15 deg
A,1,0,30.75,-1.92
ANG S1 | BS0 h= +30.75 v=  -1.92 deg
A,1,1,-21.00,-3.44
ANG S1 | BS1 h= -21.00 v=  -3.44 deg
A,2,0,31.47,-4.08
ANG S2 | BS0 h= +31.47 v=  -4.08 deg
A,2,1,-21.74,-3.54
ANG S2 | BS1 h= -21.74 v=  -3.54 deg
A,3,0,30.42,-2.81
ANG S3 | BS0 h= +30.42 v=  -2.81 deg
A,3,1,-21.71,-4.25
ANG S3 | BS1 h= -21.71 v=  -4.25 deg
C_RAW,1.3675,-1.7255,1.4073
C,1.3675,-1.7255,1.0511
O,0,1,20,67257,80722937
O,0,0,8,85954,80720322
O,0,1,20,32755,80717187
O,1,1,21,32623,80736310
O,1,0,8,85971,80720325
O,1,1,20,67365,80722955
O,2,0,8,85738,80720286
O,2,0,9,48452,80733801
O,2,1,21,67116,80742059
O,3,0,8,85718,80700556
O,3,1,20,67004,80684606
O,3,0,8,48655,80694377
O,0,1,21,32754,80736332
O,1,0,9,85968,80740054
O,2,0,8,85738,80700562
O,3,1,20,67006,80703751
O,0,1,21,67257,80742082
O,1,0,9,48616,80753557
O,2,0,9,85737,80759749
O,3,0,8,85718,80720283
O,0,1,20,32754,80755478
O,1,0,9,85970,80759783
O,2,1,20,67116,80761205
O,3,1,20,67006,80722895
O,0,0,9,85952,80759779
O,1,0,8,48615,80773285
O,2,1,20,32409,80774566
O,3,1,21,32538,80736296
O,0,1,20,32755,80774623
O,1,0,8,85970,80779511
O,2,1,20,67117,80780350
O,3,0,9,85716,80740012
O,0,0,8,85952,80779508
O,1,1,20,67365,80780392
O,2,0,8,48455,80792988
O,3,0,9,48655,80753563
O,0,1,20,67257,80780375
O,1,0,8,48618,80793014
O,2,1,20,67117,80799496
O,3,0,9,85717,80759741
O,0,1,20,32755,80793771
O,1,0,8,85971,80799240
O,2,0,9,85737,80759749
O,3,1,20,67005,80761187
Q,80814856,0,1.38118,-1.72925,1.39656
Q,80814856,1,1.37373,-1.76035,1.39806
Q,80814856,2,1.35811,-1.71245,1.42352
Q,80814856,3,1.34689,-1.72364,1.39453
A,0,0,31.04,-2.62
ANG S0 | BS0 h= +31.04 v=  -2.62 deg
A,0,1,-20.95,-4.15
ANG S0 | BS1 h= -20.95 v=  -4.15 deg
A,1,0,30.75,-1.92
ANG S1 | BS0 h= +30.75 v=  -1.92 deg
A,1,1,-21.00,-3.44
ANG S1 | BS1 h= -21.00 v=  -3.44 deg
A,2,0,30.99,-3.37
ANG S2 | BS0 h= +30.99 v=  -3.37 deg
A,2,1,-21.74,-3.54
ANG S2 | BS1 h= -21.74 v=  -3.54 deg
A,3,0,30.42,-2.81
ANG S3 | BS0 h= +30.42 v=  -2.81 deg
A,3,1,-21.71,-4.25
ANG S3 | BS1 h= -21.71 v=  -4.25 deg
C_RAW,1.3650,-1.7314,1.4032
C,1.3650,-1.7314,1.0458
O,0,0,8,48819,80832506
O,0,1,20,67256,80818664
O,0,0,8,85953,80818966
O,0,1,20,32754,80812914
O,1,0,8,48615,80812745
O,1,1,20,32624,80832038
O,1,0,8,85970,80818969
O,1,1,20,67364,80818682
O,2,0,8,85738,80799206
O,2,1,20,32409,80832002
O,3,0,8,85718,80799199
O,3,1,20,67006,80780331
O,3,0,8,48655,80793021
O,3,1,20,67006,80799483
O,0,1,20,67257,80837810
O,1,1,21,32623,80851183
O,2,0,8,48454,80852175
O,3,1,20,32537,80812880
O,0,0,8,48818,80852235
O,1,1,21,67365,80856973
O,2,0,8,85738,80858397
O,3,1,20,67005,80818624
O,0,1,21,67257,80856955
O,1,0,8,85971,80858427
O,2,0,8,48455,80871904
O,3,1,20,32538,80832023
O,0,0,8,85953,80858423
O,1,0,8,48618,80871930
O,2,0,8,85738,80878118
O,3,1,20,67006,80837768
O,0,0,8,48819,80871963
O,1,1,21,67364,80876121
O,3,0,8,85717,80838655
O,0,0,8,85954,80878152
O,1,1,20,32622,80889474
O,2,1,20,67114,80895222
O,3,1,21,67005,80856915
O,0,0,8,48820,80891692
O,2,0,8,85738,80897850
O,3,0,8,85718,80858386
O,0,1,20,67255,80895246
O,1,0,8,85972,80897884
Q,80915002,0,1.38121,-1.72920,1.39659
Q,80915002,1,1.37374,-1.76034,1.39814
Q,80915002,2,1.49331,-1.38584,1.70344
Q,80915002,3,1.34690,-1.72365,1.39454
A,0,0,31.04,-2.62
ANG S0 | BS0 h= +31.04 v=  -2.62 deg
A,0,1,-20.95,-4.15
ANG S0 | BS1 h= -20.95 v=  -4.15 deg
A,1,0,30.75,-1.92
ANG S1 | BS0 h= +30.75 v=  -1.92 deg
A,1,1,-21.00,-3.44
ANG S1 | BS1 h= -21.00 v=  -3.44 deg
A,2,0,38.11,-13.92
ANG S2 | BS0 h= +38.11 v= -13.92 deg
A,2,1,-21.74,-3.54
ANG S2 | BS1 h= -21.74 v=  -3.54 deg
A,3,0,30.42,-2.81
ANG S3 | BS0 h= +30.42 v=  -2.81 deg
A,3,1,-21.71,-4.25
ANG S3 | BS1 h= -21.71 v=  -4.25 deg
C_RAW,1.3988,-1.6498,1.4732
C,1.3988,-1.6498,1.1360
O,0,0,8,48817,80931150
O,0,0,9,85954,80917610
O,0,1,21,32754,80908641
O,1,0,8,48615,80931116
O,1,0,9,85971,80917613
O,1,1,21,67365,80933554
O,2,0,9,48454,80911361
O,2,1,21,32409,80927728
O,2,0,8,85735,80937302
O,2,1,21,67116,80933513
O,3,0,8,85719,80897843
O,3,1,20,67004,80895205
O,3,0,8,48655,80871936
O,3,1,20,32536,80889459
O,1,0,8,85969,80937341
O,2,1,20,67117,80952659
O,3,0,9,48656,80911394
O,0,1,20,32755,80946931
O,1,1,20,67366,80952700
O,2,0,8,85737,80957037
O,3,1,21,67005,80914350
O,0,0,8,48819,80950878
O,1,0,8,85970,80957070
O,2,1,21,32408,80966021
O,3,1,21,32538,80927750
O,0,1,21,32754,80966077
O,1,0,8,48616,80970573
O,2,1,21,67117,80971804
O,3,1,21,67006,80933495
O,0,0,8,48818,80970607
O,2,0,8,85736,80976776
O,3,0,8,85716,80937299
O,0,1,21,67258,80971827
O,1,1,21,32622,80985201
O,3,0,8,48654,80950851
O,0,1,21,32752,80985223
O,1,1,21,67363,80990994
O,2,0,8,85736,80996495
O,3,1,20,67006,80952641
O,0,1,21,67255,80990973
O,1,0,8,85970,80996530
O,2,1,20,32409,81004312
O,3,0,8,48654,80970579
O,0,1,20,32754,81004368
Q,81015585,0,1.38117,-1.72922,1.39666
Q,81015585,1,1.37374,-1.76040,1.39817
Q,81015585,2,1.46622,-1.45390,1.63596
Q,81015585,3,1.34688,-1.72361,1.39456
A,0,0,31.04,-2.62
ANG S0 | BS0 h= +31.04 v=  -2.62 deg
A,0,1,-20.96,-4.15
ANG S0 | BS1 h= -20.96 v=  -4.15 deg
A,1,0,30.75,-1.91
ANG S1 | BS0 h= +30.75 v=  -1.91 deg
A,1,1,-21.00,-3.44
ANG S1 | BS1 h= -21.00 v=  -3.44 deg
A,2,0,36.51,-11.55
ANG S2 | BS0 h= +36.51 v= -11.55 deg
A,2,1,-21.74,-3.54
ANG S2 | BS1 h= -21.74 v=  -3.54 deg
A,3,0,30.42,-2.81
ANG S3 | BS0 h= +30.42 v=  -2.81 deg
A,3,1,-21.71,-4.25
ANG S3 | BS1 h= -21.71 v=  -4.25 deg
C_RAW,1.3920,-1.6668,1.4563
C,1.3920,-1.6668,1.1143
O,0,0,9,48819,81029793
O,0,1,20,67254,81029263
O,1,0,9,48617,81029759
O,1,0,9,85971,81035984
O,1,1,20,67362,81029281
O,2,0,9,48454,81029732
O,2,1,20,32406,81023457
O,2,0,9,85738,81035946
O,3,0,8,85717,80976761
O,3,1,21,67004,80990934
O,3,0,8,48654,80990308
O,2,1,20,32409,81042600
O,3,0,9,48653,81010037
O,0,1,20,32754,81042658
O,1,1,20,67364,81048426
O,2,0,9,85737,81055680
O,3,1,20,67005,81010076
O,0,1,20,67255,81048411
O,1,0,9,85970,81055713
O,2,1,21,32407,81061747
O,3,0,9,85716,81016216
O,0,0,9,85952,81055710
O,1,1,21,67364,81067571
O,2,0,9,48453,81069190
O,3,1,20,67003,81029221
O,0,1,21,67255,81067553
O,1,0,9,48615,81069217
O,2,1,20,32409,81080892
O,3,0,9,85719,81035942
O,0,0,9,48818,81069250
O,1,1,20,32624,81080927
O,2,0,9,48454,81088919
O,3,1,20,67005,81048369
O,0,1,20,32754,81080948
O,1,0,9,48616,81088945
O,2,0,9,85738,81095137
O,3,0,9,85717,81055672
O,0,0,9,48819,81088979
O,1,0,9,85971,81095171
O,2,1,20,67117,81105821
O,3,1,21,67004,81067513
O,0,1,20,32754,81100094
O,1,1,20,67365,81105863
Q,81116211,0,1.38113,-1.72914,1.39666
Q,81116211,1,1.37374,-1.76039,1.39815
Q,81116211,2,1.40797,-1.59575,1.51013
Q,81116211,3,1.34685,-1.72366,1.39449
A,0,0,31.04,-2.62
ANG S0 | BS0 h= +31.04 v=  -2.62 deg
A,0,1,-20.96,-4.15
ANG S0 | BS1 h= -20.96 v=  -4.15 deg
A,1,0,30.75,-1.91
ANG S1 | BS0 h= +30.75 v=  -1.91 deg
A,1,1,-21.00,-3.44
ANG S1 | BS1 h= -21.00 v=  -3.44 deg
A,2,0,33.40,-6.94
ANG S2 | BS0 h= +33.40 v=  -6.94 deg
A,2,1,-21.74,-3.54
ANG S2 | BS1 h= -21.74 v=  -3.54 deg
A,3,0,30.42,-2.81
ANG S3 | BS0 h= +30.42 v=  -2.81 deg
A,3,1,-21.71,-4.25
ANG S3 | BS1 h= -21.71 v=  -4.25 deg
C_RAW,1.3774,-1.7022,1.4249
C,1.3774,-1.7022,1.0737
RUN: main loop
O,0,0,8,48820,81128437
O,0,1,20,67257,81105844
O,0,0,8,85955,81134626
O,0,1,21,32754,81119239
O,1,1,21,32624,81119218
O,1,0,8,85972,81134629
O,1,1,21,67366,81125008
O,2,0,8,48455,81128376
O,2,1,21,32409,81119184
O,2,0,8,85739,81134590
O,2,1,20,67117,81144112
O,3,0,9,85719,81095130
O,3,1,20,67006,81086658
O,3,0,9,48654,81069223
O,3,1,20,32537,81100058
O,2,0,8,48454,81148105
O,3,1,20,67005,81105804
O,0,1,20,67257,81144135
O,1,0,8,48616,81148132
O,2,1,20,32410,81157474
O,3,0,8,85719,81114859
O,0,0,8,85953,81154355
O,1,1,20,32625,81157509
O,2,1,20,67117,81163257
O,3,1,21,67006,81124948
O,0,1,20,32755,81157531
O,1,1,20,67367,81163299
O,2,0,9,85739,81174053
O,3,0,8,85719,81134586
O,0,0,9,48820,81167894
O,1,0,9,85972,81174086
O,2,1,21,67115,81182403
O,3,1,20,32539,81138349
O,0,1,21,32752,81176676
O,1,1,21,67364,81182444
O,2,0,8,48453,81187564
O,3,0,8,48655,81148138
O,0,0,8,48818,81187623
O,1,0,8,85970,81193815
O,2,1,21,32408,81195767
O,3,1,20,32539,81157494
O,0,0,8,85952,81193812
O,1,1,21,32624,81195800
O,2,1,21,67116,81201549
O,3,1,20,67007,81163240
O,0,1,21,32754,81195821
O,1,1,21,67365,81201590
Q,81216271,0,1.38117,-1.72915,1.39665
Q,81216271,1,1.37378,-1.76040,1.39812
Q,81216271,2,1.38420,-1.65201,1.46637
Q,81216271,3,1.34692,-1.72372,1.39449
A,0,0,31.04,-2.62
ANG S0 | BS0 h= +31.04 v=  -2.62 deg
A,0,1,-20.96,-4.15
ANG S0 | BS1 h= -20.96 v=  -4.15 deg
A,1,0,30.75,-1.91
ANG S1 | BS0 h= +30.75 v=  -1.91 deg
A,1,1,-21.00,-3.44
ANG S1 | BS1 h= -21.00 v=  -3.44 deg
A,2,0,32.23,-5.20
ANG S2 | BS0 h= +32.23 v=  -5.20 deg
A,2,1,-21.74,-3.54
ANG S2 | BS1 h= -21.74 v=  -3.54 deg
A,3,0,30.42,-2.81
ANG S3 | BS0 h= +30.42 v=  -2.81 deg
A,3,1,-21.71,-4.25
ANG S3 | BS1 h= -21.71 v=  -4.25 deg
C_RAW,1.3715,-1.7163,1.4139
C,1.3715,-1.7163,1.0596
O,0,0,8,48818,81207352
O,0,1,20,67255,81220717
O,0,0,9,85953,81233269
O,1,1,21,32624,81234090
O,1,0,9,85970,81233272
O,2,0,9,48454,81227020
O,2,1,21,32408,81234055
O,2,0,8,85736,81213510
O,2,1,21,67116,81239839
O,3,0,9,85720,81174045
O,3,1,21,67006,81201531
O,3,1,21,32538,81195785
O,0,1,21,32754,81234112
O,1,1,21,67365,81239880
O,2,0,9,85739,81252968
O,3,0,8,85717,81213503
O,0,0,9,48819,81246809
O,1,1,21,32624,81253240
O,2,1,21,67116,81258984
O,3,1,20,32536,81214931
O,0,0,9,85954,81252998
O,1,1,21,67365,81259026
O,2,0,8,48455,81266479
O,3,1,20,67004,81220677
O,0,0,8,48820,81266538
O,1,1,20,32624,81272381
O,2,0,8,85739,81272695
O,3,1,21,32538,81234076
O,0,1,20,32754,81272403
O,1,0,8,85972,81272730
O,2,1,20,67117,81278130
O,3,1,21,67006,81239821
O,0,0,8,85955,81272727
O,1,1,20,67365,81278171
O,2,0,8,85738,81292420
O,3,0,9,85720,81252961
O,0,1,21,32754,81291548
O,1,0,8,85971,81292459
O,2,1,21,67116,81297275
O,3,1,21,32538,81253223
O,0,0,8,85954,81292456
O,1,1,21,67365,81297316
O,2,0,9,48451,81305936
O,3,0,8,48655,81266511
O,0,0,9,48816,81305996
Q,81316435,0,1.38117,-1.72919,1.39671
Q,81316435,1,1.37379,-1.76040,1.39810
Q,81316435,2,1.36278,-1.70182,1.43075
Q,81316435,3,1.34692,-1.72371,1.39457
A,0,0,31.04,-2.62
ANG S0 | BS0 h= +31.04 v=  -2.62 deg
A,0,1,-20.96,-4.15
ANG S0 | BS1 h= -20.96 v=  -4.15 deg
A,1,0,30.75,-1.91
ANG S1 | BS0 h= +30.75 v=  -1.91 deg
A,1,1,-21.00,-3.44
ANG S1 | BS1 h= -21.00 v=  -3.44 deg
A,2,0,31.21,-3.69
ANG S2 | BS0 h= +31.21 v=  -3.69 deg
A,2,1,-21.74,-3.54
ANG S2 | BS1 h= -21.74 v=  -3.54 deg
A,3,0,30.42,-2.81
ANG S3 | BS0 h= +30.42 v=  -2.81 deg
A,3,1,-21.71,-4.25
ANG S3 | BS1 h= -21.71 v=  -4.25 deg
C_RAW,1.3662,-1.7288,1.4050
C,1.3662,-1.7288,1.0482
O,0,0,8,48818,81325724
O,0,0,9,85951,81312185
O,0,1,21,32754,81329839
O,1,0,8,48615,81325691
O,1,1,20,32624,81310672
O,1,0,9,85968,81312187
O,1,1,21,67365,81335607
O,2,0,9,48453,81345392
O,2,1,21,32409,81329781
O,2,0,8,85739,81272695
O,2,1,21,67117,81335566
O,3,0,8,85719,81292417
O,3,1,21,67006,81297258
O,3,1,21,32538,81291512
O,0,1,21,67258,81335589
O,1,1,21,32623,81348964
O,2,1,21,67116,81354712
O,3,0,9,85716,81312147
O,0,1,21,32754,81348987
O,1,0,9,85970,81351645
O,2,0,9,85735,81312153
O,0,0,9,85953,81351643
O,1,1,21,67365,81354753
O,2,1,21,32408,81368074
O,3,1,21,32538,81329803
O,0,1,21,32754,81368130
O,1,0,9,85970,81371373
O,2,1,21,67116,81373857
O,3,0,8,85716,81331874
O,0,0,9,85953,81371370
O,1,1,21,67364,81373899
O,2,0,9,48452,81384851
O,3,0,9,48655,81345425
O,0,1,21,67256,81373880
O,1,1,21,32623,81387254
O,3,0,9,85718,81351604
O,0,1,21,32754,81387276
O,1,0,9,85968,81391102
O,2,0,9,85738,81351618
O,3,1,21,67006,81354694
O,0,1,21,67256,81393026
O,1,0,9,48616,81404605
O,2,0,9,85738,81410799
O,3,0,9,85718,81371332
Q,81416523,0,1.38116,-1.72921,1.39663
Q,81416523,1,1.37375,-1.76041,1.39807
Q,81416523,2,1.56005,-1.21263,1.89368
Q,81416523,3,1.34692,-1.72371,1.39450
A,0,0,31.04,-2.62
ANG S0 | BS0 h= +31.04 v=  -2.62 deg
A,0,1,-20.95,-4.15
ANG S0 | BS1 h= -20.95 v=  -4.15 deg
A,1,0,30.75,-1.91
ANG S1 | BS0 h= +30.75 v=  -1.91 deg
A,1,1,-21.00,-3.44
ANG S1 | BS1 h= -21.00 v=  -3.44 deg
A,2,0,42.59,-20.56
ANG S2 | BS0 h= +42.59 v= -20.56 deg
A,2,1,-21.74,-3.54
ANG S2 | BS1 h= -21.74 v=  -3.54 deg
A,3,0,30.42,-2.81
ANG S3 | BS0 h= +30.42 v=  -2.81 deg
A,3,1,-21.71,-4.25
ANG S3 | BS1 h= -21.71 v=  -4.25 deg
C_RAW,1.4155,-1.6065,1.5207
C,1.4155,-1.6065,1.1972
O,0,0,9,48817,81424368
O,0,1,21,67256,81431317
O,0,0,9,85953,81410828
O,0,1,21,32754,81425566
O,1,0,8,48618,81444063
O,1,0,9,85968,81430560
O,1,1,21,67365,81431335
O,2,1,21,32408,81425509
O,2,0,9,85736,81391069
O,2,1,21,67116,81431293
O,3,0,9,85717,81391061
O,3,1,21,67006,81392984
O,3,0,9,48653,81384883
O,2,1,20,32409,81444654
O,3,0,9,85719,81410790
O,0,1,20,32754,81444712
O,1,0,8,85972,81450288
O,2,1,20,67116,81450439
O,3,1,20,67006,81412131
O,0,0,8,85955,81450286
O,1,0,9,48616,81463792
O,2,1,21,32408,81463799
O,3,0,9,48654,81424341
O,0,1,21,32754,81463857
O,1,1,21,67364,81469625
O,2,0,9,85738,81469979
O,3,0,9,85717,81430518
O,0,1,21,67256,81469607
O,1,0,9,85971,81470017
O,2,0,9,85736,81430521
O,3,0,8,48655,81444069
O,0,0,9,85953,81470014
O,1,0,9,48614,81483521
O,2,0,9,85735,81489714
O,3,0,8,85719,81450248
O,0,0,9,48816,81483554
O,2,0,8,85739,81450257
O,3,1,20,67005,81450423
O,0,0,9,85951,81489744
O,1,1,21,32623,81502126
O,2,0,9,48451,81503223
O,3,1,21,32537,81463821
O,0,0,9,48816,81503283
O,1,1,21,67364,81507916
Q,81516855,0,1.38111,-1.72929,1.39654
Q,81516855,1,1.37374,-1.76040,1.39810
Q,81516855,2,1.56004,-1.21263,1.89369
Q,81516855,3,1.34690,-1.72372,1.39451
A,0,0,31.04,-2.62
ANG S0 | BS0 h= +31.04 v=  -2.62 deg
A,0,1,-20.95,-4.15
ANG S0 | BS1 h= -20.95 v=  -4.15 deg
A,1,0,30.75,-1.91
ANG S1 | BS0 h= +30.75 v=  -1.91 deg
A,1,1,-21.00,-3.44
ANG S1 | BS1 h= -21.00 v=  -3.44 deg
A,2,0,42.59,-20.56
ANG S2 | BS0 h= +42.59 v= -20.56 deg
A,2,1,-21.74,-3.54
ANG S2 | BS1 h= -21.74 v=  -3.54 deg
A,3,0,30.42,-2.81
ANG S3 | BS0 h= +30.42 v=  -2.81 deg
A,3,1,-21.71,-4.25
ANG S3 | BS1 h= -21.71 v=  -4.25 deg
C_RAW,1.4154,-1.6065,1.5207
C,1.4154,-1.6065,1.1972
O,0,0,9,48818,81523011
O,0,1,20,67256,81527043
O,0,0,9,85951,81509472
O,0,1,20,32754,81540438
O,1,0,9,48615,81522978
O,1,1,20,32624,81540416
O,1,0,9,85967,81509475
O,2,0,9,85736,81529164
O,2,1,20,32409,81521237
O,2,0,8,48454,81542679
O,3,0,9,85716,81489705
O,3,1,21,67006,81488712
O,3,0,9,48652,81503256
O,3,1,21,32538,81482967
O,1,1,20,67365,81546206
O,2,0,8,85738,81548893
O,3,1,21,67004,81507857
O,0,0,8,48819,81542740
O,1,0,8,85971,81548932
O,2,1,20,32409,81559528
O,3,1,20,32538,81521257
O,0,1,20,32754,81559583
O,1,0,8,48615,81562435
O,2,0,8,85736,81568628
O,3,1,20,67005,81527001
O,0,0,8,48818,81562469
O,1,1,20,67365,81565352
O,2,1,20,67115,81527020
O,3,0,9,85716,81529161
O,0,0,8,85953,81568658
O,1,0,8,48616,81582164
O,2,1,21,67116,81584456
O,3,1,20,67005,81546147
O,0,0,8,48819,81582198
O,1,1,21,67365,81584497
O,2,0,8,85738,81588357
O,3,0,8,85718,81548890
O,0,1,21,67257,81584479
O,1,1,20,32623,81597853
O,2,1,20,67115,81603601
O,3,0,8,48654,81562441
O,0,1,20,32753,81597874
O,1,1,20,67364,81603643
O,2,0,8,85738,81608105
O,3,1,20,67006,81565293
Q,81617137,0,1.38112,-1.72928,1.39652
Q,81617137,1,1.37372,-1.76043,1.39804
Q,81617137,2,1.49331,-1.38584,1.70348
Q,81617137,3,1.34687,-1.72374,1.39446
A,0,0,31.04,-2.62
ANG S0 | BS0 h= +31.04 v=  -2.62 deg
A,0,1,-20.95,-4.15
ANG S0 | BS1 h= -20.95 v=  -4.15 deg
A,1,0,30.75,-1.91
ANG S1 | BS0 h= +30.75 v=  -1.91 deg
A,1,1,-21.00,-3.44
ANG S1 | BS1 h= -21.00 v=  -3.44 deg
A,2,0,38.11,-13.92
ANG S2 | BS0 h= +38.11 v= -13.92 deg
A,2,1,-21.74,-3.54
ANG S2 | BS1 h= -21.74 v=  -3.54 deg
A,3,0,30.42,-2.81
ANG S3 | BS0 h= +30.42 v=  -2.81 deg
A,3,1,-21.71,-4.25
ANG S3 | BS1 h= -21.71 v=  -4.25 deg
C_RAW,1.3988,-1.6498,1.4731
C,1.3988,-1.6498,1.1359
O,0,0,8,48818,81621655
O,0,1,20,67256,81622770
O,0,1,21,32752,81636165
O,1,0,8,48616,81621621
O,1,0,8,85970,81627847
O,1,1,21,67364,81641933
O,2,0,8,85736,81627808
O,2,1,20,32409,81616963
O,2,1,21,67115,81641892
O,3,0,8,85718,81588349
O,3,1,21,67006,81584439
O,3,0,8,48655,81601899
O,3,1,21,32538,81578693
O,2,0,9,85738,81647537
O,3,1,20,67005,81603584
O,0,0,9,48819,81641384
O,1,0,9,85971,81647576
O,2,1,21,32408,81655255
O,3,0,8,48654,81621628
O,0,1,21,32754,81655311
O,1,1,21,32623,81655290
O,2,1,21,67116,81661037
O,0,1,21,67256,81661061
O,2,1,20,32408,81674399
O,3,0,8,85717,81627805
O,0,0,9,48819,81661112
O,2,0,9,48453,81680781
O,3,0,9,48656,81641357
O,0,1,20,32753,81674456
O,1,0,9,48615,81680808
O,2,0,9,85737,81687000
O,3,1,21,67004,81641874
O,0,0,9,48817,81680841
O,1,0,9,85969,81687033
O,2,1,20,67115,81699328
O,3,1,21,67005,81661020
O,0,1,20,32752,81693601
O,1,1,20,67363,81699369
O,2,0,8,85736,81706733
O,3,0,9,48656,81661085
O,0,1,20,67255,81699351
O,1,0,8,85970,81706762
Q,81717321,0,1.38108,-1.72926,1.39658
Q,81717321,1,1.37372,-1.76042,1.39808
Q,81717321,2,1.46619,-1.45389,1.63599
Q,81717321,3,1.34688,-1.72373,1.39445
A,0,0,31.04,-2.62
ANG S0 | BS0 h= +31.04 v=  -2.62 deg
A,0,1,-20.96,-4.15
ANG S0 | BS1 h= -20.96 v=  -4.15 deg
A,1,0,30.75,-1.91
ANG S1 | BS0 h= +30.75 v=  -1.91 deg
A,1,1,-21.00,-3.44
ANG S1 | BS1 h= -21.00 v=  -3.44 deg
A,2,0,36.51,-11.55
ANG S2 | BS0 h= +36.51 v= -11.55 deg
A,2,1,-21.74,-3.54
ANG S2 | BS1 h= -21.74 v=  -3.54 deg
A,3,0,30.42,-2.81
ANG S3 | BS0 h= +30.42 v=  -2.81 deg
A,3,1,-21.71,-4.25
ANG S3 | BS1 h= -21.71 v=  -4.25 deg
C_RAW,1.3920,-1.6668,1.4563
C,1.3920,-1.6668,1.1142
O,0,0,8,48817,81720299
O,0,1,20,67254,81718496
O,0,1,20,32754,81731891
O,1,0,8,48615,81720265
O,1,0,8,85969,81726490
O,1,1,20,67362,81718514
O,2,0,8,85735,81726451
O,2,1,20,32408,81712693
O,2,0,8,48454,81739966
O,2,1,20,67116,81737618
O,3,0,9,85717,81686992
O,3,1,20,67004,81699311
O,3,0,8,48653,81700544
O,3,1,20,32536,81674420
O,0,1,20,67256,81737641
O,1,0,8,85971,81746219
O,2,1,20,32407,81750981
O,3,0,8,85717,81706723
O,0,0,8,85953,81746216
O,1,1,20,32622,81751018
O,2,0,9,48453,81759697
O,3,1,20,67003,81718456
O,0,1,20,32752,81751036
O,1,0,9,48616,81759723
O,2,0,9,85738,81765931
O,3,0,8,85716,81726448
O,0,0,9,48818,81759756
O,1,0,9,85970,81765951
O,2,1,20,67115,81775911
O,3,1,20,67005,81737600
O,0,1,20,32754,81770182
O,1,1,20,67364,81775952
O,2,0,8,48452,81779425
O,3,0,8,48655,81740000
O,0,0,8,48817,81779485
O,2,1,20,32408,81789271
O,3,1,20,32536,81751000
O,0,0,8,85952,81785674
O,2,0,8,48452,81799154
O,3,1,20,67004,81756746
O,0,1,20,67256,81795078
O,1,0,8,85969,81805405
O,2,1,20,32409,81808417
O,3,0,9,85718,81765910
O,0,0,8,85952,81805402
Q,81817743,0,1.38106,-1.72926,1.39659
Q,81817743,1,1.37369,-1.76038,1.39814
Q,81817743,2,1.42386,-1.55746,1.54204
Q,81817743,3,1.34683,-1.72369,1.39449
A,0,0,31.04,-2.62
ANG S0 | BS0 h= +31.04 v=  -2.62 deg
A,0,1,-20.96,-4.15
ANG S0 | BS1 h= -20.96 v=  -4.15 deg
A,1,0,30.75,-1.91
ANG S1 | BS0 h= +30.75 v=  -1.91 deg
A,1,1,-21.00,-3.44
ANG S1 | BS1 h= -21.00 v=  -3.44 deg
A,2,0,34.22,-8.15
ANG S2 | BS0 h= +34.22 v=  -8.15 deg
A,2,1,-21.75,-3.54
ANG S2 | BS1 h= -21.75 v=  -3.54 deg
A,3,0,30.42,-2.81
ANG S3 | BS0 h= +30.42 v=  -2.81 deg
A,3,1,-21.71,-4.25
ANG S3 | BS1 h= -21.71 v=  -4.25 deg
C_RAW,1.3814,-1.6927,1.4328
C,1.3814,-1.6927,1.0840
O,0,0,8,48818,81818946
O,0,0,8,85952,81825131
O,0,1,21,32754,81827619
O,1,0,8,48617,81838637
O,1,1,21,32623,81827597
O,1,0,8,85970,81825134
O,1,1,20,67365,81814241
O,2,0,8,85736,81825096
O,2,1,20,32410,81846707
O,2,0,8,48454,81838610
O,2,1,21,67117,81833346
O,3,0,8,85716,81805365
O,3,1,20,67005,81795037
O,3,1,20,32536,81789291
O,0,0,8,48819,81838671
O,1,1,20,32624,81846743
O,2,1,20,67118,81852491
O,3,1,20,32537,81808437
O,0,1,20,32754,81846764
O,1,1,20,67366,81852534
O,2,0,9,48454,81858341
O,3,0,8,48653,81818916
O,0,0,9,48819,81858400
O,1,0,9,85971,81864593
O,2,1,20,32409,81865853
O,3,1,21,32538,81827583
O,0,0,9,85954,81864590
O,1,1,20,32624,81865888
O,2,0,9,48454,81878069
O,3,1,21,67006,81833327
O,0,1,20,32755,81865910
O,1,0,9,85971,81884320
O,2,1,21,32408,81884998
O,3,0,8,85718,81844821
O,0,0,9,85953,81884318
O,1,1,21,32623,81885034
O,2,1,21,67117,81890783
O,3,1,20,32538,81846728
O,0,1,21,32754,81885058
O,1,1,21,67365,81890824
O,2,0,9,48454,81897798
O,3,0,9,85719,81864551
O,0,0,9,48819,81897858
O,1,0,9,85971,81904049
O,2,1,20,67117,81909928
O,3,1,20,32539,81865874
Q,81917889,0,1.38110,-1.72919,1.39665
Q,81917889,1,1.37373,-1.76040,1.39807
Q,81917889,2,1.40794,-1.59581,1.51010
Q,81917889,3,1.34682,-1.72373,1.39445
A,0,0,31.04,-2.62
ANG S0 | BS0 h= +31.04 v=  -2.62 deg
A,0,1,-20.96,-4.15
ANG S0 | BS1 h= -20.96 v=  -4.15 deg
A,1,0,30.75,-1.91
ANG S1 | BS0 h= +30.75 v=  -1.91 deg
A,1,1,-21.00,-3.44
ANG S1 | BS1 h= -21.00 v=  -3.44 deg
A,2,0,33.40,-6.94
ANG S2 | BS0 h= +33.40 v=  -6.94 deg
A,2,1,-21.74,-3.53
ANG S2 | BS1 h= -21.74 v=  -3.53 deg
A,3,0,30.42,-2.81
ANG S3 | BS0 h= +30.42 v=  -2.81 deg
A,3,1,-21.71,-4.25
ANG S3 | BS1 h= -21.71 v=  -4.25 deg
C_RAW,1.3774,-1.7023,1.4248
C,1.3774,-1.7023,1.0737
O,0,0,8,48819,81937315
O,0,0,8,85951,81923775
O,0,1,21,32754,81923346
O,1,1,21,32623,81942470
O,1,0,8,85969,81923778
O,1,1,21,67364,81929114
O,2,0,8,85737,81943468
O,2,0,8,48454,81937254
O,3,1,21,67006,81890765
O,3,0,9,48656,81897830
O,3,1,20,32538,81904165
O,0,1,21,32754,81942491
O,1,0,8,85971,81943507
O,2,1,21,67116,81948218
O,3,1,20,67005,81909911
O,0,0,8,85953,81943504
O,1,0,8,48616,81957010
O,2,0,8,85738,81963202
O,3,1,21,32538,81923310
O,0,1,20,32752,81961637
O,1,0,8,85971,81963236
O,2,1,20,67114,81967364
O,3,0,8,85716,81923736
O,0,0,8,85954,81963233
O,1,1,20,67363,81967405
O,2,0,9,48454,81976713
O,3,0,8,48655,81937288
O,0,0,9,48819,81976773
O,1,0,9,85970,81982968
O,2,1,21,67114,81986509
O,3,0,8,85717,81943465
O,0,1,21,32753,81980782
O,1,1,21,67363,81986550
O,2,0,9,48454,81996442
O,3,1,21,67005,81948200
O,0,1,21,67254,81986532
O,1,1,21,32624,81999905
O,2,0,9,85740,82002659
O,3,0,8,85718,81963195
O,0,1,21,32754,81999927
O,1,0,9,85972,82002693
O,2,1,21,67116,82005654
O,3,1,20,67004,81967346
Q,82018197,0,1.38109,-1.72913,1.39668
Q,82018197,1,1.37372,-1.76036,1.39811
Q,82018197,2,1.37549,-1.67236,1.45148
Q,82018197,3,1.34687,-1.72367,1.39444
A,0,0,31.04,-2.62
ANG S0 | BS0 h= +31.04 v=  -2.62 deg
A,0,1,-20.96,-4.15
ANG S0 | BS1 h= -20.96 v=  -4.15 deg
A,1,0,30.75,-1.91
ANG S1 | BS0 h= +30.75 v=  -1.91 deg
A,1,1,-21.00,-3.44
ANG S1 | BS1 h= -21.00 v=  -3.44 deg
A,2,0,31.81,-4.58
ANG S2 | BS0 h= +31.81 v=  -4.58 deg
A,2,1,-21.74,-3.53
ANG S2 | BS1 h= -21.74 v=  -3.53 deg
A,3,0,30.42,-2.81
ANG S3 | BS0 h= +30.42 v=  -2.81 deg
A,3,1,-21.71,-4.25
ANG S3 | BS1 h= -21.71 v=  -4.25 deg
C_RAW,1.3693,-1.7214,1.4102
C,1.3693,-1.7214,1.0548
O,0,0,8,48819,82016230
O,0,1,21,67258,82024823
O,0,0,9,85954,82002690
O,0,1,20,32755,82038218
O,1,0,8,48618,82035925
O,1,0,8,85971,82042151
O,1,1,21,67365,82024841
O,2,0,8,85738,82042112
O,2,1,21,32409,82019017
O,2,0,8,48454,82035898
O,2,1,21,67117,82024800
O,3,0,9,85720,82002652
O,3,1,21,67004,81986492
O,3,1,21,32536,81980746
O,2,1,20,67117,82043945
O,3,1,21,67006,82005637
O,0,0,8,85954,82042148
O,1,1,20,67366,82043987
O,2,1,21,32408,82057308
O,3,0,8,48655,82016203
O,0,1,21,32754,82057364
O,1,0,9,85968,82061879
O,3,0,8,85718,82022382
O,0,0,9,85951,82061876
O,1,1,21,67365,82063132
O,2,0,8,85738,82022387
O,3,0,8,48655,82035932
O,0,1,21,67256,82063114
O,1,0,8,48618,82075382
O,2,1,21,67115,82082236
O,3,0,8,85718,82042109
O,0,1,21,32754,82076509
O,1,0,8,85971,82081608
O,2,0,8,85738,82042112
O,3,1,20,67007,82043927
O,0,0,8,85953,82081605
O,1,0,9,48617,82095114
O,2,1,21,32408,82095598
O,3,0,9,85717,82061838
O,0,1,21,32754,82095655
O,1,0,9,85972,82101337
O,2,1,21,67116,82101381
O,3,1,21,67006,82063073
O,0,0,9,85954,82101334
O,1,1,21,67364,82101423
Q,82118393,0,1.38114,-1.72917,1.39667
Q,82118393,1,1.37375,-1.76028,1.39814
Q,82118393,2,1.36845,-1.68868,1.43988
Q,82118393,3,1.34687,-1.72365,1.39456
A,0,0,31.04,-2.62
ANG S0 | BS0 h= +31.04 v=  -2.62 deg
A,0,1,-20.96,-4.15
ANG S0 | BS1 h= -20.96 v=  -4.15 deg
A,1,0,30.75,-1.92
ANG S1 | BS0 h= +30.75 v=  -1.92 deg
A,1,1,-21.00,-3.44
ANG S1 | BS1 h= -21.00 v=  -3.44 deg
A,2,0,31.47,-4.09
ANG S2 | BS0 h= +31.47 v=  -4.09 deg
A,2,1,-21.74,-3.53
ANG S2 | BS1 h= -21.74 v=  -3.53 deg
A,3,0,30.42,-2.81
ANG S3 | BS0 h= +30.42 v=  -2.81 deg
A,3,1,-21.71,-4.25
ANG S3 | BS1 h= -21.71 v=  -4.25 deg
C_RAW,1.3676,-1.7254,1.4073
C,1.3676,-1.7254,1.0512
RUN: main loop
O,0,0,9,48819,82134602
O,0,1,20,67255,82120550
O,0,0,8,85953,82121063
O,1,1,21,32623,82133923
O,1,0,8,85971,82121066
O,1,1,21,67365,82139713
O,2,0,9,85737,82140755
O,2,0,9,48453,82134542
O,3,0,9,85720,82101296
O,3,1,21,67005,82101364
O,3,0,9,48656,82095120
O,0,1,21,67257,82139695
O,1,0,9,85970,82140794
O,2,0,9,48453,82154272
O,3,1,20,32537,82114764
O,0,1,21,32752,82153093
O,1,1,21,67363,82158859
O,2,0,9,85738,82160495
O,3,1,20,67004,82120510
O,0,0,9,48818,82154332
O,1,0,9,85970,82160523
O,2,1,21,32408,82172179
O,3,1,21,32538,82133909
O,0,0,9,85953,82160520
O,1,0,9,48614,82174026
O,2,0,9,85735,82180219
O,3,1,21,67006,82139654
O,0,0,9,48817,82174060
O,1,1,21,67364,82178004
O,2,1,21,67116,82139672
O,3,0,9,85718,82140752
O,0,0,9,85951,82180249
O,1,1,20,32621,82191359
O,2,1,20,67114,82197108
O,3,0,9,48655,82154304
O,0,0,9,48816,82193788
O,1,1,20,67363,82197149
O,2,0,9,85735,82199948
O,3,1,21,67004,82158800
O,0,1,20,67255,82197131
O,1,0,9,85967,82199982
O,2,0,9,48453,82213457
Q,82218725,0,1.38109,-1.72925,1.39662
Q,82218725,1,1.37370,-1.76034,1.39817
Q,82218725,2,1.35449,-1.72083,1.41793
Q,82218725,3,1.34689,-1.72362,1.39462
A,0,0,31.04,-2.62
ANG S0 | BS0 h= +31.04 v=  -2.62 deg
A,0,1,-20.96,-4.15
ANG S0 | BS1 h= -20.96 v=  -4.15 deg
A,1,0,30.75,-1.92
ANG S1 | BS0 h= +30.75 v=  -1.92 deg
A,1,1,-21.00,-3.44
ANG S1 | BS1 h= -21.00 v=  -3.44 deg
A,2,0,30.82,-3.12
ANG S2 | BS0 h= +30.82 v=  -3.12 deg
A,2,1,-21.74,-3.53
ANG S2 | BS1 h= -21.74 v=  -3.53 deg
A,3,0,30.42,-2.81
ANG S3 | BS0 h= +30.42 v=  -2.81 deg
A,3,1,-21.71,-4.25
ANG S3 | BS1 h= -21.71 v=  -4.25 deg
C_RAW,1.3640,-1.7335,1.4018
C,1.3640,-1.7335,1.0441
O,0,0,9,48816,82233246
O,0,1,20,67257,82235422
O,0,0,9,85951,82219707
O,0,1,20,32755,82210526
O,1,0,9,48614,82233212
O,1,0,9,85968,82219712
O,1,1,20,67366,82235440
O,2,0,9,85735,82239399
O,2,1,20,32410,82229615
O,2,1,20,67117,82235399
O,3,0,9,85716,82199940
O,3,1,20,67004,82197091
O,3,0,9,48654,82174033
O,1,0,9,85968,82239437
O,2,0,9,48454,82252915
O,3,0,9,48654,82213490
O,0,1,20,32754,82248817
O,1,1,20,67366,82254586
O,2,0,9,85738,82259133
O,3,1,20,67005,82216236
O,0,0,9,48819,82252974
O,1,0,9,85971,82259166
O,2,1,20,32408,82267906
O,3,1,20,32539,82229636
O,0,1,20,32753,82267963
O,1,0,8,48615,82272669
O,2,1,20,67114,82273692
O,3,1,20,67006,82235380
O,0,0,8,48818,82272703
O,1,1,20,67363,82273731
O,2,1,21,32407,82287052
O,3,0,9,85716,82239395
O,0,1,20,67255,82273713
O,1,0,8,48613,82292398
O,3,0,9,48655,82252949
O,0,0,8,48816,82292432
O,1,1,21,67363,82292876
O,2,0,8,85734,82298590
O,3,0,9,85718,82259125
O,0,1,21,67255,82292858
O,1,0,8,85968,82298624
O,3,0,8,48653,82272676
O,0,1,20,32754,82306253
Q,82318801,0,1.38107,-1.72926,1.39656
Q,82318801,1,1.37364,-1.76043,1.39804
Q,82318801,2,1.35152,-1.72756,1.41344
Q,82318801,3,1.34687,-1.72363,1.39451
A,0,0,31.04,-2.62
ANG S0 | BS0 h= +31.04 v=  -2.62 deg
A,0,1,-20.96,-4.15
ANG S0 | BS1 h= -20.96 v=  -4.15 deg
A,1,0,30.75,-1.91
ANG S1 | BS0 h= +30.75 v=  -1.91 deg
A,1,1,-21.00,-3.44
ANG S1 | BS1 h= -21.00 v=  -3.44 deg
A,2,0,30.68,-2.92
ANG S2 | BS0 h= +30.68 v=  -2.92 deg
A,2,1,-21.74,-3.54
ANG S2 | BS1 h= -21.74 v=  -3.54 deg
A,3,0,30.42,-2.81
ANG S3 | BS0 h= +30.42 v=  -2.81 deg
A,3,1,-21.71,-4.25
ANG S3 | BS1 h= -21.71 v=  -4.25 deg
C_RAW,1.3633,-1.7352,1.4006
C,1.3633,-1.7352,1.0426
O,0,0,8,48818,82331889
O,0,1,21,67256,82331149
O,0,0,8,85955,82318350
O,1,0,8,48616,82331856
O,1,0,8,85970,82338081
O,1,1,21,67364,82331167
O,2,0,8,85736,82338042
O,2,1,20,32409,82344487
O,2,0,8,48453,82331829
O,3,0,8,85716,82298583
O,3,1,21,67004,82292817
O,3,0,8,48653,82292405
O,0,1,20,32754,82344544
O,1,1,20,67365,82350313
O,2,0,9,48454,82351559
O,3,0,8,48655,82312133
O,0,1,20,67257,82350295
O,1,0,9,48616,82351585
O,2,1,21,32408,82363634
O,3,0,8,85719,82318312
O,0,0,9,48819,82351620
O,1,1,21,32623,82363668
O,2,0,8,48454,82371286
O,3,1,21,67005,82331107
O,0,1,21,32754,82363690
O,1,0,8,48617,82371317
O,2,0,8,85738,82377505
O,3,0,8,85717,82338039
O,0,0,8,48819,82371348
O,1,0,8,85971,82377539
O,2,1,21,67116,82388562
O,3,1,20,67006,82350253
O,0,1,21,32754,82382837
O,1,1,21,67365,82388603
O,2,0,9,48454,82391016
O,3,0,9,48656,82351592
O,0,1,21,67257,82388585
O,1,0,9,85971,82397269
O,2,1,20,32409,82401924
O,3,0,9,85719,82357770
O,0,0,9,85954,82397265
O,2,0,9,48453,82410745
O,3,1,21,67005,82369399
Q,82418817,0,1.38114,-1.72927,1.39662
Q,82418817,1,1.37368,-1.76040,1.39810
Q,82418817,2,1.34725,-1.73734,1.40715
Q,82418817,3,1.34687,-1.72362,1.39451
A,0,0,31.04,-2.62
ANG S0 | BS0 h= +31.04 v=  -2.62 deg
A,0,1,-20.96,-4.15
ANG S0 | BS1 h= -20.96 v=  -4.15 deg
A,1,0,30.75,-1.91
ANG S1 | BS0 h= +30.75 v=  -1.91 deg
A,1,1,-21.00,-3.44
ANG S1 | BS1 h= -21.00 v=  -3.44 deg
A,2,0,30.49,-2.63
ANG S2 | BS0 h= +30.49 v=  -2.63 deg
A,2,1,-21.74,-3.54
ANG S2 | BS1 h= -21.74 v=  -3.54 deg
A,3,0,30.42,-2.81
ANG S3 | BS0 h= +30.42 v=  -2.81 deg
A,3,1,-21.71,-4.25
ANG S3 | BS1 h= -21.71 v=  -4.25 deg
C_RAW,1.3622,-1.7377,1.3991
C,1.3622,-1.7377,1.0406
O,0,0,9,48818,82410805
O,0,1,21,67256,82426876
O,0,0,9,85953,82436722
O,0,1,21,32754,82421126
O,1,0,9,48616,82410771
O,1,1,21,32624,82440249
O,1,0,9,85970,82436725
O,1,1,21,67364,82426894
O,2,1,21,32408,82440214
O,2,0,9,48454,82430473
O,2,1,21,67116,82445998
O,3,0,9,85719,82397228
O,3,1,21,67006,82388545
O,3,0,9,48656,82391049
O,3,1,20,67006,82407692
O,0,1,21,32754,82440271
O,1,1,21,67365,82446039
O,2,0,8,85735,82456421
O,3,0,9,85718,82416956
O,0,0,8,48817,82450262
O,1,1,21,32622,82459395
O,2,1,21,67114,82465143
O,3,1,21,32538,82421090
O,0,1,21,32752,82459416
O,1,1,21,67363,82465185
O,2,0,8,48451,82469931
O,3,0,9,48656,82430506
O,0,0,8,48816,82469992
O,1,0,8,85967,82476182
O,2,1,21,32407,82478506
O,3,1,21,32538,82440235
O,0,0,8,85949,82476179
O,1,1,21,67364,82484330
O,2,0,9,48451,82489660
O,3,1,21,67006,82445980
O,0,1,21,67256,82484312
O,1,0,9,85966,82495911
O,2,1,20,32409,82497651
O,3,0,8,85716,82456414
O,0,0,9,85949,82495908
O,1,1,20,32624,82497686
O,2,1,20,67116,82503434
O,3,1,21,67004,82465126
O,0,1,20,32754,82497707
O,2,0,9,48451,82509388
Q,82519176,0,1.38108,-1.72929,1.39655
Q,82519176,1,1.37371,-1.76040,1.39810
Q,82519176,2,1.34570,-1.74079,1.40492
Q,82519176,3,1.34692,-1.72362,1.39454
A,0,0,31.04,-2.62
ANG S0 | BS0 h= +31.04 v=  -2.62 deg
A,0,1,-20.96,-4.15
ANG S0 | BS1 h= -20.96 v=  -4.15 deg
A,1,0,30.75,-1.91
ANG S1 | BS0 h= +30.75 v=  -1.91 deg
A,1,1,-21.00,-3.44
ANG S1 | BS1 h= -21.00 v=  -3.44 deg
A,2,0,30.42,-2.52
ANG S2 | BS0 h= +30.42 v=  -2.52 deg
A,2,1,-21.74,-3.54
ANG S2 | BS1 h= -21.74 v=  -3.54 deg
A,3,0,30.42,-2.81
ANG S3 | BS0 h= +30.42 v=  -2.81 deg
A,3,1,-21.71,-4.25
ANG S3 | BS1 h= -21.71 v=  -4.25 deg
C_RAW,1.3619,-1.7385,1.3985
C,1.3619,-1.7385,1.0398
O,0,0,9,48815,82509447
O,0,0,9,85953,82535365
O,0,1,20,32754,82535998
O,1,1,20,32624,82535976
O,1,0,9,85970,82535368
O,1,1,20,67363,82522621
O,2,1,20,32409,82535940
O,2,0,9,48454,82529115
O,2,1,20,67117,82541725
O,3,0,9,85714,82495870
O,3,1,21,67004,82484272
O,3,1,20,32537,82497672
O,1,1,20,67365,82541766
O,2,0,9,48454,82548844
O,3,0,9,85715,82515598
O,0,0,9,48820,82548905
O,1,0,9,85972,82555099
O,2,1,20,67117,82560870
O,3,1,20,32537,82516817
O,0,0,9,85955,82555094
O,1,1,20,67365,82560912
O,2,0,9,48456,82568575
O,3,1,20,67004,82522563
O,0,0,9,48821,82568634
O,1,1,20,32622,82574267
O,2,0,9,85740,82574787
O,3,1,20,32538,82535962
O,0,1,20,32753,82574290
O,1,0,9,85973,82574826
O,2,1,20,67115,82580016
O,0,0,9,85956,82574823
O,1,1,20,67363,82580057
O,2,0,9,85740,82594516
O,3,0,9,85720,82555057
O,0,1,20,32754,82593435
O,1,0,9,85973,82594555
O,2,1,20,67117,82599162
O,3,1,20,32537,82555107
O,0,0,9,85956,82594552
O,2,0,8,48456,82608033
O,3,0,9,48657,82568607
O,0,0,8,48820,82608092
Q,82619411,0,1.38115,-1.72919,1.39670
Q,82619411,1,1.37370,-1.76040,1.39811
Q,82619411,2,1.34359,-1.74577,1.40190
Q,82619411,3,1.34691,-1.72356,1.39465
A,0,0,31.04,-2.62
ANG S0 | BS0 h= +31.04 v=  -2.62 deg
A,0,1,-20.96,-4.15
ANG S0 | BS1 h= -20.96 v=  -4.15 deg
A,1,0,30.75,-1.91
ANG S1 | BS0 h= +30.75 v=  -1.91 deg
A,1,1,-21.00,-3.44
ANG S1 | BS1 h= -21.00 v=  -3.44 deg
A,2,0,30.32,-2.37
ANG S2 | BS0 h= +30.32 v=  -2.37 deg
A,2,1,-21.74,-3.54
ANG S2 | BS1 h= -21.74 v=  -3.54 deg
A,3,0,30.43,-2.81
ANG S3 | BS0 h= +30.43 v=  -2.81 deg
A,3,1,-21.71,-4.25
ANG S3 | BS1 h= -21.71 v=  -4.25 deg
C_RAW,1.3613,-1.7397,1.3978
C,1.3613,-1.7397,1.0390
O,0,0,8,85953,82634010
O,0,1,20,32754,82631725
O,1,0,8,48617,82627787
O,1,0,8,85971,82634013
O,1,1,20,67365,82618348
O,2,0,8,85738,82633974
O,2,0,8,48454,82647489
O,2,1,20,67115,82637452
O,3,0,9,85721,82594513
O,3,1,20,67005,82599144
O,3,1,20,32538,82593399
O,0,1,20,67256,82637476
O,1,1,20,32624,82650849
O,2,1,20,67116,82656597
O,3,0,8,85719,82614243
O,0,1,20,32754,82650871
O,1,0,8,85971,82653746
O,2,0,8,85739,82614250
O,3,1,20,67005,82618290
O,0,0,8,85953,82653741
O,1,0,9,48615,82667245
O,3,0,8,85718,82633971
O,0,1,20,32754,82670016
O,1,0,9,85968,82673470
O,2,1,20,67114,82675743
O,3,1,20,67005,82637434
O,0,0,9,85951,82673467
O,2,1,20,32407,82689105
O,3,0,8,48655,82647522
O,0,0,9,48819,82687007
O,1,0,9,85970,82693199
O,2,1,20,67114,82694888
O,3,0,8,85718,82653701
O,0,1,20,32752,82689161
O,2,0,9,48454,82706676
O,3,0,9,48654,82667251
O,0,1,20,67255,82694911
O,1,1,20,32624,82708284
O,2,1,20,67115,82714033
O,3,0,9,85716,82673429
Q,82719720,0,1.38112,-1.72916,1.39668
Q,82719720,1,1.37374,-1.76040,1.39817
Q,82719720,2,1.34215,-1.74897,1.39996
Q,82719720,3,1.34690,-1.72360,1.39462
A,0,0,31.04,-2.62
ANG S0 | BS0 h= +31.04 v=  -2.62 deg
A,0,1,-20.96,-4.15
ANG S0 | BS1 h= -20.96 v=  -4.15 deg
A,1,0,30.75,-1.91
ANG S1 | BS0 h= +30.75 v=  -1.91 deg
A,1,1,-21.00,-3.44
ANG S1 | BS1 h= -21.00 v=  -3.44 deg
A,2,0,30.25,-2.28
ANG S2 | BS0 h= +30.25 v=  -2.28 deg
A,2,1,-21.75,-3.54
ANG S2 | BS1 h= -21.75 v=  -3.54 deg
A,3,0,30.42,-2.81
ANG S3 | BS0 h= +30.42 v=  -2.81 deg
A,3,1,-21.71,-4.25
ANG S3 | BS1 h= -21.71 v=  -4.25 deg
C_RAW,1.3610,-1.7405,1.3974
C,1.3610,-1.7405,1.0383
O,0,1,20,67256,82733202
O,0,0,9,85955,82732653
O,0,1,20,32754,82727451
O,1,0,8,48616,82746159
O,1,0,9,85972,82732656
O,2,1,20,32409,82727394
O,2,0,9,85737,82693165
O,2,1,20,67115,82733178
O,3,0,9,85718,82693158
O,3,1,20,67003,82694871
O,3,0,9,48655,82686980
O,2,0,8,85738,82752349
O,3,0,9,85719,82712887
O,0,1,20,32752,82746597
O,1,1,20,67363,82752365
O,2,0,9,85738,82712894
O,0,1,20,67255,82752348
O,1,1,20,32624,82765720
O,2,0,9,48454,82765861
O,3,1,20,32537,82727415
O,0,1,20,32755,82765742
O,2,0,9,85738,82772080
O,3,0,9,85720,82732614
O,0,0,9,48819,82765922
O,1,0,9,85970,82772114
O,2,0,8,48453,82785590
O,3,0,8,48654,82746166
O,0,0,9,85953,82772111
O,1,1,20,67365,82790656
O,2,0,8,85736,82791810
O,3,1,20,67004,82752307
O,0,1,20,32754,82784887
O,1,0,8,85970,82791843
O,2,1,20,67114,82752323
O,3,0,8,85718,82752344
O,0,1,20,67257,82790638
O,1,1,20,32624,82804011
O,2,1,20,67117,82809768
O,0,1,20,32754,82804033
Q,82819978,0,1.38114,-1.72917,1.39672
Q,82819978,1,1.37374,-1.76038,1.39813
Q,82819978,2,1.34122,-1.75104,1.39861
Q,82819978,3,1.34688,-1.72360,1.39467
A,0,0,31.04,-2.62
ANG S0 | BS0 h= +31.04 v=  -2.62 deg
A,0,1,-20.96,-4.15
ANG S0 | BS1 h= -20.96 v=  -4.15 deg
A,1,0,30.75,-1.91
ANG S1 | BS0 h= +30.75 v=  -1.91 deg
A,1,1,-21.00,-3.44
ANG S1 | BS1 h= -21.00 v=  -3.44 deg
A,2,0,30.21,-2.22
ANG S2 | BS0 h= +30.21 v=  -2.22 deg
A,2,1,-21.75,-3.54
ANG S2 | BS1 h= -21.75 v=  -3.54 deg
A,3,0,30.42,-2.81
ANG S3 | BS0 h= +30.42 v=  -2.81 deg
A,3,1,-21.71,-4.25
ANG S3 | BS1 h= -21.71 v=  -4.25 deg
C_RAW,1.3607,-1.7410,1.3970
C,1.3607,-1.7410,1.0379
O,0,0,9,48818,82825108
O,0,0,8,85953,82811569
O,0,1,21,32754,82823179
O,1,1,20,32624,82842302
O,1,0,9,85969,82831300
O,1,1,21,67365,82828947
O,2,0,9,85737,82831261
O,2,0,9,48451,82844776
O,2,1,20,67117,82790614
O,3,0,8,85717,82791802
O,3,1,20,67005,82790597
O,3,0,8,48655,82805352
O,3,1,20,32538,82784851
O,0,1,20,32754,82842324
O,1,1,20,67366,82848092
O,2,0,9,85735,82850990
O,3,1,20,67006,82809745
O,0,0,9,48815,82844837
O,1,0,9,85967,82851029
O,2,0,9,48451,82864506
O,3,0,9,48654,82825081
O,0,0,9,85950,82851026
O,1,1,20,67363,82867238
O,2,0,9,85733,82870724
O,3,1,21,67006,82828887
O,0,1,20,32752,82861470
O,1,0,9,85966,82870757
O,2,1,21,32407,82880559
O,3,0,9,85717,82831258
O,0,1,20,67255,82867220
O,1,0,9,48616,82884260
O,2,0,9,85737,82890452
O,3,1,20,67006,82848033
O,0,1,21,32752,82880615
O,1,1,21,67363,82886383
O,2,1,20,67117,82848051
O,3,0,9,85715,82850987
O,0,0,9,48819,82884295
O,1,1,20,32624,82899738
O,2,1,20,67117,82905489
O,3,0,9,48651,82864538
O,0,1,20,32754,82899762
O,1,1,20,67365,82905531
O,2,0,8,85738,82910181
O,3,1,20,67004,82867179
Q,82920059,0,1.38108,-1.72921,1.39665
Q,82920059,1,1.37372,-1.76035,1.39802
Q,82920059,2,1.34059,-1.75248,1.39769
Q,82920059,3,1.34682,-1.72368,1.39450
A,0,0,31.04,-2.62
ANG S0 | BS0 h= +31.04 v=  -2.62 deg
A,0,1,-20.96,-4.15
ANG S0 | BS1 h= -20.96 v=  -4.15 deg
A,1,0,30.75,-1.92
ANG S1 | BS0 h= +30.75 v=  -1.92 deg
A,1,1,-21.00,-3.44
ANG S1 | BS1 h= -21.00 v=  -3.44 deg
A,2,0,30.18,-2.17
ANG S2 | BS0 h= +30.18 v=  -2.17 deg
A,2,1,-21.75,-3.53
ANG S2 | BS1 h= -21.75 v=  -3.53 deg
A,3,0,30.42,-2.81
ANG S3 | BS0 h= +30.42 v=  -2.81 deg
A,3,1,-21.71,-4.25
ANG S3 | BS1 h= -21.71 v=  -4.25 deg
C_RAW,1.3606,-1.7414,1.3967
C,1.3606,-1.7414,1.0375
O,0,0,9,48820,82923752
O,0,0,9,85954,82929941
O,0,1,21,32755,82918906
O,1,0,9,48616,82943447
O,1,0,8,85971,82910215
O,1,1,20,67365,82943819
O,2,0,9,85740,82929905
O,2,1,20,32409,82937993
O,2,1,20,67117,82943778
O,3,0,9,85718,82890445
O,3,1,21,67004,82886325
O,3,0,8,48655,82903995
O,2,0,9,85738,82949634
O,3,1,20,67005,82905470
O,0,0,9,48819,82943480
O,1,0,9,85971,82949672
O,3,0,9,48657,82923724
O,0,0,9,85954,82949670
O,1,1,21,67364,82962965
O,2,0,8,85736,82969372
O,3,1,21,67006,82924614
O,0,1,21,32753,82957196
O,1,0,8,85969,82969403
O,2,1,21,32407,82976285
O,3,0,9,85720,82929901
O,0,0,8,85951,82969398
O,1,1,21,67363,82982110
O,2,0,8,48454,82982878
O,3,1,20,67005,82943759
O,0,1,21,32753,82976343
O,1,0,8,48616,82982904
O,2,1,20,32406,82995431
O,3,0,9,85719,82949630
O,0,1,21,67254,82982092
O,1,1,20,32621,82995465
O,2,0,8,48454,83002607
O,3,1,21,67005,82962907
O,0,0,8,85953,82989127
O,1,0,8,48617,83002633
O,2,0,8,85738,83008826
O,3,0,8,85716,82969365
O,0,1,20,67255,83001239
Q,83020183,0,1.38109,-1.72914,1.39675
Q,83020183,1,1.37368,-1.76033,1.39809
Q,83020183,2,1.34025,-1.75331,1.39716
Q,83020183,3,1.34687,-1.72361,1.39460
A,0,0,31.04,-2.62
ANG S0 | BS0 h= +31.04 v=  -2.62 deg
A,0,1,-20.96,-4.15
ANG S0 | BS1 h= -20.96 v=  -4.15 deg
A,1,0,30.75,-1.92
ANG S1 | BS0 h= +30.75 v=  -1.92 deg
A,1,1,-21.00,-3.44
ANG S1 | BS1 h= -21.00 v=  -3.44 deg
A,2,0,30.17,-2.15
ANG S2 | BS0 h= +30.17 v=  -2.15 deg
A,2,1,-21.74,-3.53
ANG S2 | BS1 h= -21.74 v=  -3.53 deg
A,3,0,30.42,-2.81
ANG S3 | BS0 h= +30.42 v=  -2.81 deg
A,3,1,-21.71,-4.25
ANG S3 | BS1 h= -21.71 v=  -4.25 deg
C_RAW,1.3605,-1.7416,1.3966
C,1.3605,-1.7416,1.0374
O,0,1,20,67256,83020382
O,0,0,9,85954,83028584
O,0,1,20,32754,83014632
O,1,1,20,32622,83033756
O,1,0,9,85972,83028587
O,1,1,20,67363,83039546
O,2,0,9,85737,83048277
O,2,1,20,32407,83033720
O,2,0,9,48453,83042064
O,2,1,20,67115,83020359
O,3,0,8,85717,82989089
O,3,1,20,67003,83001197
O,3,0,8,48655,83002639
O,0,1,20,67255,83039528
O,1,0,9,85970,83048316
O,2,1,20,32408,83052869
O,3,1,20,32538,83014596
O,0,0,9,85952,83048313
O,2,0,8,48453,83061794
O,3,0,9,48657,83022368
O,0,1,20,32754,83052924
O,1,0,8,85970,83068045
O,2,1,20,32408,83072012
O,3,0,9,85720,83028545
O,0,0,8,48818,83061853
O,1,1,20,32623,83072047
O,2,0,8,48455,83081522
O,3,1,20,67004,83039486
O,0,0,8,85952,83068042
O,1,0,8,48618,83081548
O,2,0,8,85738,83087740
O,3,0,9,85718,83048274
O,0,1,20,67256,83077819
O,1,1,20,32624,83091192
O,2,1,20,67117,83096941
O,3,1,20,67005,83058633
O,0,0,8,85954,83087771
O,2,0,9,85736,83107469
O,3,0,8,48653,83061826
O,0,1,20,67257,83096964
O,1,0,9,85968,83107502
O,2,1,20,67117,83116086
Q,83120399,0,1.38110,-1.72914,1.39669
Q,83120399,1,1.37370,-1.76027,1.39819
Q,83120399,2,1.34002,-1.75384,1.39688
Q,83120399,3,1.34687,-1.72358,1.39462
A,0,0,31.04,-2.62
ANG S0 | BS0 h= +31.04 v=  -2.62 deg
A,0,1,-20.96,-4.15
ANG S0 | BS1 h= -20.96 v=  -4.15 deg
A,1,0,30.75,-1.92
ANG S1 | BS0 h= +30.75 v=  -1.92 deg
A,1,1,-21.00,-3.44
ANG S1 | BS1 h= -21.00 v=  -3.44 deg
A,2,0,30.16,-2.14
ANG S2 | BS0 h= +30.16 v=  -2.14 deg
A,2,1,-21.74,-3.53
ANG S2 | BS1 h= -21.74 v=  -3.53 deg
A,3,0,30.42,-2.81
ANG S3 | BS0 h= +30.42 v=  -2.81 deg
A,3,1,-21.71,-4.26
ANG S3 | BS1 h= -21.71 v=  -4.26 deg
C_RAW,1.3604,-1.7417,1.3966
C,1.3604,-1.7417,1.0373
RUN: main loop
O,0,0,9,48818,83121042
O,0,1,20,67257,83135256
O,0,0,9,85951,83127228
O,0,1,20,32755,83110360
O,1,1,20,32624,83129483
O,1,0,8,85971,83146960
O,1,1,20,67365,83135273
O,2,1,20,32409,83129448
O,2,0,8,48454,83140707
O,2,1,20,67117,83135232
O,3,0,8,85718,83087733
O,3,1,20,67006,83096924
O,3,0,9,48653,83101283
O,3,1,20,32537,83072032
O,2,1,21,32409,83148593
O,3,1,20,32539,83110328
O,0,0,8,48818,83140768
O,1,1,21,32624,83148629
O,2,0,8,48453,83160437
O,3,1,20,67006,83116069
O,0,0,8,85953,83146957
O,1,0,8,48615,83160463
O,2,1,21,32408,83167740
O,3,0,9,85717,83127191
O,0,0,8,48818,83160497
O,1,1,21,32623,83167776
O,2,1,21,67116,83173523
O,3,1,20,32537,83129469
O,0,0,8,85952,83166685
O,1,1,21,67365,83173564
O,2,0,9,48453,83180166
O,3,0,8,85718,83146918
O,0,1,21,67256,83173546
O,1,0,9,85968,83186417
O,2,1,20,67116,83192674
O,3,1,21,32538,83148615
O,0,0,9,48818,83180225
O,1,1,20,67365,83192711
O,2,0,8,48453,83199894
O,3,1,21,67006,83154361
O,0,1,20,67256,83192693
O,1,1,20,32621,83206065
O,2,0,8,85736,83206112
O,3,1,21,32538,83167761
O,0,0,8,48818,83199954
O,1,0,8,85970,83206146
Q,83220440,0,1.38111,-1.72919,1.39660
Q,83220440,1,1.37371,-1.76036,1.39819
Q,83220440,2,1.33988,-1.75420,1.39658
Q,83220440,3,1.34690,-1.72369,1.39455
A,0,0,31.04,-2.62
ANG S0 | BS0 h= +31.04 v=  -2.62 deg
A,0,1,-20.96,-4.15
ANG S0 | BS1 h= -20.96 v=  -4.15 deg
A,1,0,30.75,-1.91
ANG S1 | BS0 h= +30.75 v=  -1.91 deg
A,1,1,-21.00,-3.44
ANG S1 | BS1 h= -21.00 v=  -3.44 deg
A,2,0,30.15,-2.13
ANG S2 | BS0 h= +30.15 v=  -2.13 deg
A,2,1,-21.74,-3.53
ANG S2 | BS1 h= -21.74 v=  -3.53 deg
A,3,0,30.42,-2.81
ANG S3 | BS0 h= +30.42 v=  -2.81 deg
A,3,1,-21.71,-4.25
ANG S3 | BS1 h= -21.71 v=  -4.25 deg
C_RAW,1.3604,-1.7419,1.3965
C,1.3604,-1.7419,1.0372
O,0,0,9,48818,83239411
O,0,1,20,67254,83211839
O,0,0,8,85951,83225872
O,0,1,20,32752,83206087
O,1,1,21,32623,83244355
O,1,0,8,85969,83225875
O,1,1,20,67362,83231000
O,2,0,9,85737,83245564
O,2,0,9,48453,83239351
O,2,1,20,67114,83230959
O,3,0,8,85717,83206104
O,3,1,20,67005,83192655
O,3,1,20,32537,83186905
O,1,0,9,85969,83245603
O,2,1,21,67116,83250104
O,3,1,20,67003,83211796
O,0,1,21,32754,83244377
O,1,1,21,67364,83250145
O,2,1,20,32408,83263467
O,3,1,20,32536,83225196
O,0,1,21,67256,83250127
O,1,0,8,85968,83265333
O,2,1,20,67115,83269249
O,3,0,8,85716,83225832
O,0,0,8,48816,83259141
O,1,1,20,67365,83269295
O,2,0,9,48454,83278809
O,3,0,9,48654,83239384
O,0,1,20,67256,83269273
O,1,0,9,85970,83285061
O,2,1,20,67117,83288395
O,3,0,9,85717,83245561
O,2,0,9,48451,83298538
O,3,1,21,67005,83250085
O,0,0,9,85953,83285058
O,1,1,20,32624,83301792
O,2,0,9,85735,83304756
O,3,0,8,85716,83265290
O,0,0,9,48816,83298597
O,1,0,9,85968,83304789
O,3,1,20,67005,83269232
O,0,1,20,32755,83301813
Q,83320851,0,1.38109,-1.72921,1.39656
Q,83320851,1,1.37371,-1.76033,1.39817
Q,83320851,2,1.33974,-1.75447,1.39639
Q,83320851,3,1.34684,-1.72366,1.39456
A,0,0,31.04,-2.62
ANG S0 | BS0 h= +31.04 v=  -2.62 deg
A,0,1,-20.96,-4.15
ANG S0 | BS1 h= -20.96 v=  -4.15 deg
A,1,0,30.75,-1.91
ANG S1 | BS0 h= +30.75 v=  -1.91 deg
A,1,1,-21.00,-3.44
ANG S1 | BS1 h= -21.00 v=  -3.44 deg
A,2,0,30.14,-2.12
ANG S2 | BS0 h= +30.14 v=  -2.12 deg
A,2,1,-21.74,-3.53
ANG S2 | BS1 h= -21.74 v=  -3.53 deg
A,3,0,30.42,-2.81
ANG S3 | BS0 h= +30.42 v=  -2.81 deg
A,3,1,-21.71,-4.25
ANG S3 | BS1 h= -21.71 v=  -4.25 deg
C_RAW,1.3603,-1.7419,1.3964
C,1.3603,-1.7419,1.0371
O,0,0,8,48818,83338055
O,0,1,20,32755,83320961
O,1,0,8,48616,83338021
O,1,0,8,85971,83344247
O,1,1,20,67365,83326727
O,2,0,8,85737,83344208
O,2,1,20,32409,83320903
O,2,0,8,48453,83337994
O,2,1,20,67117,83326686
O,3,0,9,85716,83304748
O,3,1,20,67006,83288377
O,3,1,20,32538,83282632
O,2,1,20,67116,83345831
O,3,1,20,67006,83307523
O,0,1,20,32754,83340104
O,1,0,9,48614,83357750
O,2,1,20,32407,83359193
O,3,0,8,48653,83318299
O,0,0,9,48817,83357784
O,1,0,9,85968,83363978
O,2,1,20,67114,83364976
O,3,0,8,85716,83324478
O,0,1,20,32752,83359250
O,1,1,20,67363,83365018
O,2,0,9,48454,83377453
O,3,0,8,48654,83338027
O,0,0,9,85951,83363974
O,1,0,9,48616,83377479
O,2,1,20,67116,83384125
O,3,0,8,85718,83344205
O,0,0,9,48819,83377512
O,1,0,9,85971,83383705
O,2,0,8,85737,83344208
O,3,1,20,67005,83345813
O,0,0,9,85953,83383701
O,1,0,9,48617,83397207
O,2,1,21,32407,83397482
O,3,0,9,85716,83363935
O,0,0,9,48820,83397241
O,1,1,21,67363,83403308
O,2,0,9,85740,83403394
O,3,1,20,67003,83364959
O,0,1,21,32752,83397540
O,1,0,9,85972,83403433
Q,83420986,0,1.38109,-1.72920,1.39656
Q,83420986,1,1.37370,-1.76034,1.39812
Q,83420986,2,1.55071,-1.23715,1.86528
Q,83420986,3,1.34683,-1.72370,1.39446
A,0,0,31.04,-2.62
ANG S0 | BS0 h= +31.04 v=  -2.62 deg
A,0,1,-20.96,-4.15
ANG S0 | BS1 h= -20.96 v=  -4.15 deg
A,1,0,30.75,-1.92
ANG S1 | BS0 h= +30.75 v=  -1.92 deg
A,1,1,-21.00,-3.44
ANG S1 | BS1 h= -21.00 v=  -3.44 deg
A,2,0,41.91,-19.56
ANG S2 | BS0 h= +41.91 v= -19.56 deg
A,2,1,-21.74,-3.53
ANG S2 | BS1 h= -21.74 v=  -3.53 deg
A,3,0,30.42,-2.81
ANG S3 | BS0 h= +30.42 v=  -2.81 deg
A,3,1,-21.71,-4.25
ANG S3 | BS1 h= -21.71 v=  -4.25 deg
C_RAW,1.4131,-1.6126,1.5136
C,1.4131,-1.6126,1.1880
O,0,0,9,48818,83416970
O,0,1,20,67255,83422436
O,0,1,20,32754,83435831
O,1,1,20,32624,83435809
O,1,0,9,85970,83423162
O,1,1,20,67365,83441599
O,2,0,9,48453,83416911
O,2,0,9,85739,83442852
O,3,0,9,85721,83403392
O,3,1,21,67004,83403250
O,3,0,9,48657,83397214
O,0,0,9,48820,83436699
O,1,1,20,32622,83454954
O,2,0,9,48453,83456369
O,3,0,9,48655,83416943
O,0,1,20,32753,83454976
O,1,1,20,67363,83460744
O,2,0,9,85737,83462587
O,3,1,20,67004,83422396
O,0,0,9,48818,83456428
O,1,0,9,85970,83462620
O,2,0,8,48452,83476097
O,3,1,20,32538,83435795
O,0,0,9,85952,83462617
O,1,1,21,67364,83479890
O,2,0,8,85735,83482316
O,3,1,20,67005,83441539
O,0,1,21,32753,83474122
O,1,0,8,85969,83482349
O,2,1,21,32408,83493212
O,3,0,9,85720,83442849
O,0,1,21,67256,83479872
O,1,0,8,48616,83495852
O,2,1,21,67117,83498994
O,3,1,20,67005,83460686
O,0,1,21,32754,83493267
O,1,1,21,67365,83499035
O,2,0,8,85738,83502047
O,3,0,9,85717,83462579
O,0,0,8,48819,83495887
O,1,1,20,32624,83512391
O,2,0,9,48454,83515554
Q,83521067,0,1.38107,-1.72920,1.39659
Q,83521067,1,1.37371,-1.76035,1.39808
Q,83521067,2,1.43797,-1.52336,1.57178
Q,83521067,3,1.34689,-1.72364,1.39462
A,0,0,31.04,-2.62
ANG S0 | BS0 h= +31.04 v=  -2.62 deg
A,0,1,-20.96,-4.15
ANG S0 | BS1 h= -20.96 v=  -4.15 deg
A,1,0,30.75,-1.92
ANG S1 | BS0 h= +30.75 v=  -1.92 deg
A,1,1,-21.00,-3.44
ANG S1 | BS1 h= -21.00 v=  -3.44 deg
A,2,0,34.96,-9.25
ANG S2 | BS0 h= +34.96 v=  -9.25 deg
A,2,1,-21.74,-3.53
ANG S2 | BS1 h= -21.74 v=  -3.53 deg
A,3,0,30.42,-2.81
ANG S3 | BS0 h= +30.42 v=  -2.81 deg
A,3,1,-21.71,-4.25
ANG S3 | BS1 h= -21.71 v=  -4.25 deg
C_RAW,1.3849,-1.6841,1.4403
C,1.3849,-1.6841,1.0936
O,0,0,9,48819,83535343
O,0,0,9,85953,83521804
O,0,1,21,32754,83531558
O,1,0,9,48616,83535309
O,1,0,9,85971,83521807
O,1,1,21,67365,83537326
O,2,1,21,32409,83531502
O,2,0,9,85738,83541496
O,2,1,21,67117,83537285
O,3,0,8,85717,83502036
O,3,1,21,67006,83498976
O,3,0,8,48653,83476130
O,3,1,21,32538,83493233
O,1,0,9,85971,83541535
O,2,0,8,48453,83555013
O,3,0,9,48656,83515587
O,0,0,9,85953,83541532
O,1,1,21,67365,83556472
O,2,0,8,85736,83561230
O,3,1,20,67005,83518122
O,0,1,21,32754,83550703
O,1,0,8,85970,83561264
O,2,1,21,32408,83569792
O,3,0,9,85719,83521768
O,0,0,8,85952,83561261
O,1,0,9,48615,83574767
O,2,1,21,67116,83575576
O,3,1,21,67006,83537266
O,0,1,21,32754,83569849
O,1,1,21,67365,83575618
O,2,1,20,32409,83588938
O,3,0,9,85719,83541493
O,0,0,9,48818,83574800
O,1,0,8,48616,83594495
O,2,1,20,67116,83594721
O,3,0,8,48653,83555045
O,0,1,20,32754,83588994
O,2,0,8,85737,83600687
O,3,1,21,67006,83556413
O,0,0,8,48818,83594529
O,1,0,8,85971,83600721
O,2,1,20,67114,83613866
O,3,0,9,48654,83574773
O,0,0,8,85953,83600718
Q,83621077,0,1.38108,-1.72919,1.39662
Q,83621077,1,1.37371,-1.76037,1.39812
Q,83621077,2,1.41959,-1.56789,1.53320
Q,83621077,3,1.34689,-1.72369,1.39459
A,0,0,31.04,-2.62
ANG S0 | BS0 h= +31.04 v=  -2.62 deg
A,0,1,-20.96,-4.15
ANG S0 | BS1 h= -20.96 v=  -4.15 deg
A,1,0,30.75,-1.91
ANG S1 | BS0 h= +30.75 v=  -1.91 deg
A,1,1,-21.00,-3.44
ANG S1 | BS1 h= -21.00 v=  -3.44 deg
A,2,0,33.99,-7.82
ANG S2 | BS0 h= +33.99 v=  -7.82 deg
A,2,1,-21.74,-3.53
ANG S2 | BS1 h= -21.74 v=  -3.53 deg
A,3,0,30.42,-2.81
ANG S3 | BS0 h= +30.42 v=  -2.81 deg
A,3,1,-21.71,-4.25
ANG S3 | BS1 h= -21.71 v=  -4.25 deg
C_RAW,1.3803,-1.6953,1.4306
C,1.3803,-1.6953,1.0812
O,0,0,9,48818,83614257
O,0,1,21,67256,83633035
O,0,1,21,32753,83627285
O,1,0,8,48616,83633953
O,1,0,8,85971,83640178
O,1,1,21,67364,83633053
O,2,0,8,48454,83633926
O,2,1,20,32408,83646373
O,2,0,8,85738,83640139
O,3,0,8,85717,83600680
O,3,1,21,67006,83575558
O,3,0,8,48655,83594502
O,3,1,20,32537,83608103
O,0,0,8,85953,83640175
O,2,0,8,48455,83653656
O,3,0,9,48655,83614232
O,0,1,20,32754,83646430
O,1,0,8,48618,83653682
O,2,1,21,32408,83665520
O,3,0,9,85717,83620408
O,0,1,20,67256,83652180
O,1,1,21,32624,83665554
O,2,0,8,48454,83673384
O,3,1,21,67004,83632993
O,0,0,8,85954,83659904
O,1,0,8,48616,83673410
O,2,0,8,85738,83679608
O,3,0,8,85718,83640136
O,1,0,8,85971,83679643
O,2,1,21,67116,83690448
O,3,1,20,67004,83652138
O,0,0,8,85954,83679635
O,1,1,21,67364,83690489
O,2,0,8,48454,83693113
O,3,0,8,48655,83653690
O,0,1,21,32754,83684721
O,1,0,8,85971,83699365
O,2,1,21,32409,83703810
O,3,0,8,85718,83659867
O,0,0,8,48819,83693173
O,1,1,21,32624,83703845
O,2,0,9,48452,83712842
O,3,1,21,67006,83671285
O,0,0,8,85953,83699362
Q,83721304,0,1.38112,-1.72919,1.39665
Q,83721304,1,1.37373,-1.76036,1.39813
Q,83721304,2,1.38178,-1.65752,1.46229
Q,83721304,3,1.34689,-1.72369,1.39455
A,0,0,31.04,-2.62
ANG S0 | BS0 h= +31.04 v=  -2.62 deg
A,0,1,-20.96,-4.15
ANG S0 | BS1 h= -20.96 v=  -4.15 deg
A,1,0,30.75,-1.91
ANG S1 | BS0 h= +30.75 v=  -1.91 deg
A,1,1,-21.00,-3.44
ANG S1 | BS1 h= -21.00 v=  -3.44 deg
A,2,0,32.11,-5.03
ANG S2 | BS0 h= +32.11 v=  -5.03 deg
A,2,1,-21.74,-3.53
ANG S2 | BS1 h= -21.74 v=  -3.53 deg
A,3,0,30.42,-2.81
ANG S3 | BS0 h= +30.42 v=  -2.81 deg
A,3,1,-21.71,-4.25
ANG S3 | BS1 h= -21.71 v=  -4.25 deg
C_RAW,1.3709,-1.7177,1.4129
C,1.3709,-1.7177,1.0584
O,0,0,8,48818,83732630
O,0,1,21,67257,83709617
O,0,0,9,85952,83719091
O,0,1,20,32753,83723012
O,1,0,9,48614,83712868
O,1,1,20,32623,83742136
O,1,0,8,85969,83738822
O,1,1,20,67364,83728780
O,2,0,8,48453,83732570
O,2,1,20,32408,83742100
O,2,0,9,85737,83719060
O,2,1,20,67115,83747884
O,3,0,8,85718,83699324
O,3,1,21,67006,83709576
O,3,0,8,48655,83693146
O,3,1,21,32537,83684685
O,0,0,8,85951,83738819
O,1,1,20,67363,83747925
O,2,0,8,85738,83758518
O,3,0,9,85717,83719053
O,0,1,20,67255,83747907
O,1,1,21,32622,83761282
O,3,1,20,32537,83722976
O,0,0,8,85954,83758548
O,1,1,21,67362,83767071
O,2,0,9,48453,83772029
O,3,0,8,48653,83732603
O,0,1,21,32752,83761302
O,1,0,9,85970,83778279
O,2,1,20,32408,83780392
O,3,1,20,32537,83742121
O,0,0,9,48819,83772088
O,1,1,20,32622,83780426
O,2,0,8,48453,83791757
O,3,1,20,67004,83747865
O,0,0,9,85953,83778277
O,1,1,20,67363,83786216
O,2,1,21,32407,83799536
O,3,0,8,85718,83758511
O,0,1,20,67255,83786198
O,1,1,21,32622,83799571
O,2,1,21,67114,83805319
O,3,1,21,32536,83761266
O,0,0,8,48818,83791816
O,1,1,21,67363,83805361
O,2,0,8,48452,83811486
O,3,0,9,48655,83772060
Q,83821354,0,1.38110,-1.72918,1.39671
Q,83821354,1,1.37366,-1.76034,1.39823
Q,83821354,2,1.36683,-1.69221,1.43741
Q,83821354,3,1.34687,-1.72369,1.39456
A,0,0,31.04,-2.62
ANG S0 | BS0 h= +31.04 v=  -2.62 deg
A,0,1,-20.96,-4.15
ANG S0 | BS1 h= -20.96 v=  -4.15 deg
A,1,0,30.75,-1.91
ANG S1 | BS0 h= +30.75 v=  -1.91 deg
A,1,1,-21.00,-3.44
ANG S1 | BS1 h= -21.00 v=  -3.44 deg
A,2,0,31.40,-3.98
ANG S2 | BS0 h= +31.40 v=  -3.98 deg
A,2,1,-21.75,-3.54
ANG S2 | BS1 h= -21.75 v=  -3.54 deg
A,3,0,30.42,-2.81
ANG S3 | BS0 h= +30.42 v=  -2.81 deg
A,3,1,-21.71,-4.25
ANG S3 | BS1 h= -21.71 v=  -4.25 deg
C_RAW,1.3671,-1.7264,1.4067
C,1.3671,-1.7264,1.0504
O,0,0,8,48819,83831274
O,0,1,21,67256,83824488
O,0,0,8,85950,83817734
O,1,1,21,32623,83837861
O,1,0,8,85971,83837465
O,1,1,21,67364,83824506
O,2,0,8,48453,83850942
O,2,1,21,32408,83837826
O,2,1,21,67116,83843610
O,3,0,8,85717,83797967
O,3,1,20,67003,83786157
O,3,1,21,32536,83799557
O,3,1,21,67004,83805302
O,0,0,8,85953,83837462
O,1,1,20,32624,83857009
O,2,0,8,85735,83857155
O,3,0,8,85715,83817697
O,0,0,8,48818,83851002
O,1,0,8,85969,83857194
O,2,1,20,67117,83862756
O,3,1,21,32538,83818704
O,0,1,20,32754,83857035
O,1,1,20,67366,83862797
O,2,0,8,48453,83870671
O,3,0,8,85718,83837423
O,0,1,20,67257,83862779
O,1,1,21,32623,83876152
O,3,1,21,32538,83837847
O,0,0,8,48818,83870731
O,1,0,8,85971,83876923
O,2,0,8,48456,83890400
O,3,1,21,67005,83843592
O,0,1,21,32753,83876174
O,1,1,21,32624,83895298
O,2,0,8,85738,83896618
O,3,1,20,32538,83856999
O,0,0,8,48820,83890460
O,1,0,8,85972,83896652
O,2,1,21,67116,83901048
O,3,0,8,85716,83857153
O,0,1,21,32754,83895320
O,1,1,21,67365,83901088
O,2,1,20,32408,83914410
O,3,1,21,32537,83876140
O,0,1,21,67257,83901071
Q,83921917,0,1.38112,-1.72921,1.39661
Q,83921917,1,1.37371,-1.76040,1.39815
Q,83921917,2,1.35714,-1.71458,1.42210
Q,83921917,3,1.34683,-1.72365,1.39460
A,0,0,31.04,-2.62
ANG S0 | BS0 h= +31.04 v=  -2.62 deg
A,0,1,-20.96,-4.15
ANG S0 | BS1 h= -20.96 v=  -4.15 deg
A,1,0,30.75,-1.91
ANG S1 | BS0 h= +30.75 v=  -1.91 deg
A,1,1,-21.00,-3.44
ANG S1 | BS1 h= -21.00 v=  -3.44 deg
A,2,0,30.95,-3.31
ANG S2 | BS0 h= +30.95 v=  -3.31 deg
A,2,1,-21.75,-3.53
ANG S2 | BS1 h= -21.75 v=  -3.53 deg
A,3,0,30.42,-2.81
ANG S3 | BS0 h= +30.42 v=  -2.81 deg
A,3,1,-21.71,-4.25
ANG S3 | BS1 h= -21.71 v=  -4.25 deg
C_RAW,1.3647,-1.7320,1.4029
C,1.3647,-1.7320,1.0454
O,0,0,8,48820,83929918
O,0,0,8,85953,83916378
O,0,1,21,32754,83933611
O,1,1,21,32623,83933589
O,1,0,8,85971,83936109
O,2,0,8,48456,83929859
O,2,1,21,32409,83952699
O,2,0,8,85738,83936070
O,2,1,21,67115,83939338
O,3,0,8,85719,83896611
O,3,1,21,67006,83901030
O,3,0,8,48653,83910161
O,0,1,21,67256,83939361
O,1,0,9,85970,83955843
O,2,1,21,67118,83958485
O,3,0,8,85717,83916340
O,0,0,9,48818,83949646
O,1,1,21,67366,83958525
O,2,0,9,48452,83969315
O,3,0,8,48655,83929890
O,0,0,9,85953,83955837
O,1,1,20,32624,83971880
O,2,1,20,67117,83977630
O,3,0,8,85718,83936067
O,0,0,9,48817,83969375
O,1,0,9,85968,83975567
O,2,0,8,85738,83936070
O,3,1,21,67005,83939319
O,0,0,9,85951,83975564
O,1,0,9,48616,83989070
O,2,0,9,85738,83995263
O,3,0,9,85718,83955798
O,0,0,9,48819,83989104
O,1,0,9,85971,83995295
O,3,1,21,67007,83958469
O,0,1,21,32753,83991047
O,1,1,21,67363,83996816
O,2,1,21,32407,84010136
O,3,0,9,48654,83969348
O,0,0,8,48820,84008832
O,1,0,8,85972,84015024
Q,84021931,0,1.38112,-1.72922,1.39658
Q,84021931,1,1.37371,-1.76039,1.39808
Q,84021931,2,1.35369,-1.72256,1.41682
Q,84021931,3,1.34684,-1.72369,1.39459
A,0,0,31.04,-2.62
ANG S0 | BS0 h= +31.04 v=  -2.62 deg
A,0,1,-20.96,-4.15
ANG S0 | BS1 h= -20.96 v=  -4.15 deg
A,1,0,30.75,-1.91
ANG S1 | BS0 h= +30.75 v=  -1.91 deg
A,1,1,-21.00,-3.44
ANG S1 | BS1 h= -21.00 v=  -3.44 deg
A,2,0,30.78,-3.07
ANG S2 | BS0 h= +30.78 v=  -3.07 deg
A,2,1,-21.75,-3.53
ANG S2 | BS1 h= -21.75 v=  -3.53 deg
A,3,0,30.42,-2.81
ANG S3 | BS0 h= +30.42 v=  -2.81 deg
A,3,1,-21.71,-4.25
ANG S3 | BS1 h= -21.71 v=  -4.25 deg
C_RAW,1.3638,-1.7340,1.4015
C,1.3638,-1.7340,1.0437
O,0,0,8,48819,84028561
O,0,0,8,85954,84015021
O,0,1,20,32754,84029338
O,1,0,8,48615,84048256
O,1,0,8,85971,84034753
O,1,1,21,67363,84015961
O,2,1,20,32409,84048426
O,2,0,9,85738,83995263
O,2,1,20,67116,84035065
O,3,0,9,85719,83995255
O,3,1,21,67004,83996757
O,3,0,8,48655,84008805
O,0,0,8,85954,84034750
O,2,0,8,85735,84054452
O,3,0,8,85719,84014983
O,0,0,8,48817,84048290
O,1,0,8,85969,84054484
O,2,1,21,32409,84067573
O,3,0,8,48655,84028534
O,0,1,20,67255,84054233
O,1,0,9,48613,84067985
O,2,0,9,85734,84074177
O,3,0,8,85718,84034711
O,0,1,21,32754,84067630
O,1,1,21,67365,84073397
O,2,0,8,85738,84034714
O,3,1,20,67005,84035046
O,0,1,21,67257,84073379
O,1,1,21,32624,84086752
O,3,1,20,32538,84048447
O,0,1,21,32754,84086774
O,1,1,21,67366,84092542
O,2,0,8,85738,84093900
O,3,1,20,67004,84054193
O,0,0,8,48820,84087747
O,1,0,8,85971,84093939
O,2,1,20,32409,84105863
O,3,1,21,32538,84067592
O,0,1,21,67259,84092524
O,2,0,9,85738,84113633
O,3,1,21,67006,84073339
Q,84122216,0,1.38117,-1.72928,1.39660
Q,84122216,1,1.37370,-1.76046,1.39805
Q,84122216,2,1.72515,-0.76743,2.47787
Q,84122216,3,1.34687,-1.72365,1.39462
A,0,0,31.04,-2.62
ANG S0 | BS0 h= +31.04 v=  -2.62 deg
A,0,1,-20.95,-4.15
ANG S0 | BS1 h= -20.95 v=  -4.15 deg
A,1,0,30.75,-1.91
ANG S1 | BS0 h= +30.75 v=  -1.91 deg
A,1,1,-21.00,-3.44
ANG S1 | BS1 h= -21.00 v=  -3.44 deg
A,2,0,59.18,-45.16
ANG S2 | BS0 h= +59.18 v= -45.16 deg
A,2,1,-21.74,-3.53
ANG S2 | BS1 h= -21.74 v=  -3.53 deg
A,3,0,30.42,-2.81
ANG S3 | BS0 h= +30.42 v=  -2.81 deg
A,3,1,-21.71,-4.25
ANG S3 | BS1 h= -21.71 v=  -4.25 deg
C_RAW,1.4567,-1.4952,1.6668
C,1.4567,-1.4952,1.3853
RUN: main loop
O,0,0,8,48820,84127205
O,0,1,20,67256,84111670
O,0,0,8,85955,84133394
O,0,1,21,32754,84125065
O,1,0,8,48613,84146900
O,1,0,8,85972,84133396
O,1,1,21,67364,84130833
O,2,0,8,48451,84146873
O,2,1,21,67116,84130792
O,2,0,8,85735,84153086
O,3,0,8,85719,84093898
O,3,1,21,67007,84092484
O,3,1,20,32538,84105883
O,3,1,20,67005,84111629
O,0,1,20,32754,84144210
O,1,1,20,67366,84149979
O,2,1,20,67115,84111647
O,3,0,9,85718,84113627
O,0,1,20,67257,84149961
O,1,1,20,32624,84163334
O,2,1,20,67114,84169082
O,3,0,8,48657,84127177
O,0,1,20,32754,84163355
O,1,1,20,67363,84169125
O,2,0,9,85736,84172825
O,3,1,21,67005,84130773
O,0,0,9,48818,84166662
O,1,0,9,85968,84172858
O,2,0,9,48453,84186331
O,3,0,8,48651,84146906
O,0,0,9,85951,84172854
O,1,1,20,67365,84188269
O,2,0,9,85737,84192549
O,3,1,20,67006,84149919
O,0,1,20,32754,84182501
O,1,0,9,85970,84192583
O,2,1,20,32409,84201594
O,3,1,20,32538,84163319
O,0,0,9,85952,84192580
O,1,0,9,48616,84206086
O,2,1,20,67116,84207373
O,3,1,20,67004,84169067
O,0,1,20,32754,84201647
O,1,1,20,67365,84207414
O,2,0,9,85738,84212278
Q,84222816,0,1.38117,-1.72925,1.39660
Q,84222816,1,1.37372,-1.76050,1.39803
Q,84222816,2,1.63245,-1.01711,2.13577
Q,84222816,3,1.34692,-1.72366,1.39459
A,0,0,31.04,-2.62
ANG S0 | BS0 h= +31.04 v=  -2.62 deg
A,0,1,-20.95,-4.15
ANG S0 | BS1 h= -20.95 v=  -4.15 deg
A,1,0,30.75,-1.91
ANG S1 | BS0 h= +30.75 v=  -1.91 deg
A,1,1,-21.00,-3.44
ANG S1 | BS1 h= -21.00 v=  -3.44 deg
A,2,0,48.72,-29.66
ANG S2 | BS0 h= +48.72 v= -29.66 deg
A,2,1,-21.74,-3.54
ANG S2 | BS1 h= -21.74 v=  -3.54 deg
A,3,0,30.42,-2.81
ANG S3 | BS0 h= +30.42 v=  -2.81 deg
A,3,1,-21.71,-4.25
ANG S3 | BS1 h= -21.71 v=  -4.25 deg
C_RAW,1.4336,-1.5576,1.5812
C,1.4336,-1.5576,1.2752
O,0,0,9,48818,84225848
O,0,0,9,85952,84232037
O,0,1,20,32755,84220791
O,1,0,8,48618,84245544
O,1,0,9,85969,84232040
O,1,1,20,67365,84226560
O,2,1,20,32409,84239879
O,2,0,9,85737,84232002
O,2,1,20,67117,84245664
O,3,0,9,85718,84192542
O,3,1,20,67005,84207356
O,3,0,9,48654,84186363
O,0,1,20,32754,84239937
O,2,1,20,32409,84259027
O,3,0,9,85718,84212271
O,0,0,8,48820,84245577
O,2,0,8,48453,84265246
O,3,0,9,48654,84225821
O,0,1,20,32754,84259082
O,1,0,8,48616,84265273
O,2,0,8,85736,84271464
O,3,0,9,85717,84231998
O,0,1,20,67255,84264832
O,1,0,8,85970,84271498
O,2,1,20,32408,84278172
O,3,0,8,48655,84245550
O,2,0,8,85738,84291194
O,3,1,20,67006,84245645
O,0,1,20,32753,84278228
O,1,0,8,85972,84291227
O,2,1,20,32409,84297317
O,3,0,8,85719,84251727
O,0,0,8,48819,84285035
O,2,0,8,48455,84304703
O,3,0,8,48653,84265279
O,0,1,20,32754,84297373
O,1,0,8,48618,84304730
O,2,1,20,32409,84316465
O,3,0,8,85717,84271457
O,0,1,20,67257,84303123
Q,84323393,0,1.38117,-1.72920,1.39657
Q,84323393,1,1.37377,-1.76038,1.39810
Q,84323393,2,1.55245,-1.23261,1.87043
Q,84323393,3,1.34688,-1.72374,1.39452
A,0,0,31.04,-2.62
ANG S0 | BS0 h= +31.04 v=  -2.62 deg
A,0,1,-20.95,-4.15
ANG S0 | BS1 h= -20.95 v=  -4.15 deg
A,1,0,30.75,-1.91
ANG S1 | BS0 h= +30.75 v=  -1.91 deg
A,1,1,-21.00,-3.44
ANG S1 | BS1 h= -21.00 v=  -3.44 deg
A,2,0,42.03,-19.74
ANG S2 | BS0 h= +42.03 v= -19.74 deg
A,2,1,-21.74,-3.53
ANG S2 | BS1 h= -21.74 v=  -3.53 deg
A,3,0,30.42,-2.81
ANG S3 | BS0 h= +30.42 v=  -2.81 deg
A,3,1,-21.71,-4.25
ANG S3 | BS1 h= -21.71 v=  -4.25 deg
C_RAW,1.4136,-1.6115,1.5149
C,1.4136,-1.6115,1.1897
O,0,0,8,48818,84324493
O,0,0,8,85952,84330682
O,0,1,20,32755,84316518
O,1,0,8,48616,84344187
O,1,1,20,32624,84316496
O,1,0,8,85969,84330684
O,1,1,20,67365,84322286
O,2,0,8,48454,84344160
O,2,1,20,32409,84335606
O,2,0,8,85738,84350374
O,3,0,8,85719,84310915
O,3,1,20,67005,84303083
O,3,0,8,48655,84285008
O,0,1,20,67257,84341414
O,1,0,8,85971,84350413
O,2,1,20,67117,84360536
O,3,1,20,67005,84322228
O,0,0,8,85953,84350410
O,1,1,20,67365,84360577
O,2,0,9,85738,84370108
O,3,0,8,48654,84324465
O,0,1,20,67257,84360559
O,1,0,9,85971,84370142
O,2,1,20,67117,84379682
O,3,1,20,32537,84335628
O,0,0,9,85953,84370139
O,1,1,20,67365,84379723
O,2,0,8,48455,84383619
O,3,0,8,48654,84344194
O,0,1,20,32754,84373955
O,1,0,8,85971,84389870
O,2,1,20,32408,84393044
O,3,0,8,85717,84350371
O,0,0,8,48820,84383679
O,1,1,20,32622,84393078
O,2,0,9,48452,84403348
O,3,1,20,67006,84360520
O,0,0,8,85954,84389867
O,1,0,9,48614,84403373
O,2,0,9,85736,84409566
O,3,0,9,85719,84370101
O,0,1,20,67256,84398851
O,1,1,20,32624,84412224
O,2,1,20,67115,84417972
Q,84423646,0,1.38119,-1.72920,1.39655
Q,84423646,1,1.37374,-1.76044,1.39809
Q,84423646,2,1.46118,-1.46638,1.62405
Q,84423646,3,1.34687,-1.72373,1.39454
A,0,0,31.04,-2.62
ANG S0 | BS0 h= +31.04 v=  -2.62 deg
A,0,1,-20.95,-4.15
ANG S0 | BS1 h= -20.95 v=  -4.15 deg
A,1,0,30.75,-1.91
ANG S1 | BS0 h= +30.75 v=  -1.91 deg
A,1,1,-21.00,-3.44
ANG S1 | BS1 h= -21.00 v=  -3.44 deg
A,2,0,36.23,-11.14
ANG S2 | BS0 h= +36.23 v= -11.14 deg
A,2,1,-21.74,-3.53
ANG S2 | BS1 h= -21.74 v=  -3.53 deg
A,3,0,30.42,-2.81
ANG S3 | BS0 h= +30.42 v=  -2.81 deg
A,3,1,-21.71,-4.25
ANG S3 | BS1 h= -21.71 v=  -4.25 deg
C_RAW,1.3907,-1.6699,1.4533
C,1.3907,-1.6699,1.1104
O,0,0,8,48818,84423136
O,0,1,20,67256,84437141
O,0,0,8,85951,84429325
O,1,1,20,32624,84431369
O,1,0,8,85968,84429328
O,1,1,20,67365,84437159
O,2,0,8,48453,84423076
O,2,1,21,32408,84450479
O,2,1,20,67115,84437118
O,3,0,9,85717,84409558
O,3,1,20,67005,84398810
O,3,0,8,48655,84383651
O,3,1,20,32537,84393064
O,1,1,21,32624,84450515
O,2,1,21,67116,84456263
O,3,1,20,32537,84412210
O,0,0,9,85953,84449053
O,1,1,21,67365,84456307
O,2,0,8,48454,84462534
O,3,0,8,48653,84423109
O,0,1,21,67256,84456287
O,1,0,8,85971,84468785
O,2,1,20,67114,84475408
O,3,1,20,32537,84431355
O,0,0,8,48819,84462593
O,1,1,20,32622,84469660
O,2,0,9,48453,84482262
O,3,1,20,67005,84437099
O,0,0,8,85953,84468782
O,1,0,9,85970,84488514
O,2,1,20,32407,84488769
O,3,0,9,85718,84449014
O,0,0,9,48818,84482322
O,1,1,20,32622,84488807
O,2,1,20,67114,84494556
O,3,1,21,67005,84456247
O,0,0,9,85953,84488511
O,2,0,8,85738,84508204
O,3,0,8,85718,84468744
O,0,1,20,67255,84494578
O,1,0,8,85971,84508243
O,2,1,21,67115,84513699
O,3,1,20,32537,84469646
O,0,0,8,48819,84502051
Q,84523718,0,1.38120,-1.72922,1.39659
Q,84523718,1,1.37376,-1.76044,1.39806
Q,84523718,2,1.43891,-1.52098,1.57386
Q,84523718,3,1.34685,-1.72373,1.39455
A,0,0,31.04,-2.62
ANG S0 | BS0 h= +31.04 v=  -2.62 deg
A,0,1,-20.95,-4.15
ANG S0 | BS1 h= -20.95 v=  -4.15 deg
A,1,0,30.75,-1.91
ANG S1 | BS0 h= +30.75 v=  -1.91 deg
A,1,1,-21.00,-3.44
ANG S1 | BS1 h= -21.00 v=  -3.44 deg
A,2,0,35.01,-9.33
ANG S2 | BS0 h= +35.01 v=  -9.33 deg
A,2,1,-21.75,-3.54
ANG S2 | BS1 h= -21.75 v=  -3.54 deg
A,3,0,30.42,-2.81
ANG S3 | BS0 h= +30.42 v=  -2.81 deg
A,3,1,-21.71,-4.25
ANG S3 | BS1 h= -21.71 v=  -4.25 deg
C_RAW,1.3852,-1.6836,1.4408
C,1.3852,-1.6836,1.0942
O,0,0,8,48820,84521780
O,0,1,20,67255,84532868
O,0,1,20,32752,84527117
O,1,1,21,32623,84546241
O,1,0,8,85971,84527971
O,1,1,20,67363,84532886
O,2,0,8,48456,84521720
O,2,1,21,32407,84546205
O,2,0,8,85738,84527932
O,2,1,21,67114,84551989
O,3,0,8,85718,84508200
O,3,1,20,67004,84494537
O,3,0,9,48655,84482295
O,3,1,21,32538,84507936
O,0,0,8,48819,84541508
O,1,0,8,85971,84547700
O,2,0,8,48455,84561178
O,3,1,21,67005,84513681
O,0,0,8,85954,84547697
O,1,0,8,48618,84561203
O,2,0,8,85738,84567406
O,3,0,8,85719,84527929
O,0,0,8,48819,84561237
O,1,0,8,85971,84567429
O,2,1,21,67116,84571135
O,3,1,20,67004,84532826
O,0,1,21,32754,84565409
O,1,1,21,67365,84571176
O,2,1,21,32408,84584497
O,3,1,21,32536,84546226
O,0,1,21,67257,84571158
O,1,0,9,85970,84587157
O,2,1,21,67116,84590281
O,3,0,8,85718,84547658
O,1,1,21,67365,84590322
O,2,0,8,48453,84600635
O,3,0,8,48655,84561210
O,0,0,9,85953,84587155
O,1,1,20,32623,84603677
O,2,1,20,67116,84609426
O,3,0,8,85718,84567390
O,0,0,8,48818,84600694
O,1,0,8,85971,84606886
O,2,0,8,85738,84567406
O,3,1,21,67006,84571118
Q,84623832,0,1.38118,-1.72920,1.39665
Q,84623832,1,1.37375,-1.76038,1.39813
Q,84623832,2,1.40503,-1.60257,1.50470
Q,84623832,3,1.34684,-1.72366,1.39460
A,0,0,31.04,-2.62
ANG S0 | BS0 h= +31.04 v=  -2.62 deg
A,0,1,-20.95,-4.15
ANG S0 | BS1 h= -20.95 v=  -4.15 deg
A,1,0,30.75,-1.91
ANG S1 | BS0 h= +30.75 v=  -1.91 deg
A,1,1,-21.00,-3.44
ANG S1 | BS1 h= -21.00 v=  -3.44 deg
A,2,0,33.26,-6.73
ANG S2 | BS0 h= +33.26 v=  -6.73 deg
A,2,1,-21.75,-3.53
ANG S2 | BS1 h= -21.75 v=  -3.53 deg
A,3,0,30.42,-2.81
ANG S3 | BS0 h= +30.42 v=  -2.81 deg
A,3,1,-21.71,-4.25
ANG S3 | BS1 h= -21.71 v=  -4.25 deg
C_RAW,1.3767,-1.7040,1.4235
C,1.3767,-1.7040,1.0720
O,0,0,8,48818,84640151
O,0,0,9,85951,84626612
O,0,1,20,32753,84622845
O,1,0,9,48615,84620389
O,1,1,20,32622,84641968
O,1,0,8,85970,84646343
O,1,1,20,67363,84628613
O,2,0,8,48453,84640090
O,2,1,20,67114,84647717
O,3,0,8,85718,84606846
O,3,1,21,67006,84590263
O,3,0,8,48654,84600667
O,2,0,8,85738,84606856
O,3,1,20,67005,84609409
O,0,0,8,85953,84646340
O,1,0,9,48616,84659846
O,2,0,9,85738,84666039
O,3,0,9,85715,84626575
O,0,0,9,48819,84659880
O,1,0,9,85970,84666072
O,2,1,20,67115,84666862
O,3,1,20,67004,84628553
O,0,1,20,32754,84661135
O,1,0,8,48618,84679575
O,2,1,21,32407,84680223
O,3,0,8,48654,84640124
O,0,0,8,48820,84679609
O,1,0,8,85974,84685801
O,2,1,21,67114,84686008
O,3,0,8,85717,84646301
O,0,1,21,32753,84680281
O,1,1,21,67363,84686049
O,2,1,20,32408,84699369
O,3,0,9,48656,84659853
O,0,0,8,85956,84685798
O,1,1,20,67363,84705194
O,2,0,9,85740,84705491
O,3,0,9,85718,84666031
O,0,0,9,48819,84699338
O,1,0,9,85972,84705530
O,2,0,9,85738,84666039
O,3,0,8,48656,84679581
O,0,1,20,67255,84705176
Q,84724282,0,1.38118,-1.72916,1.39672
Q,84724282,1,1.37373,-1.76033,1.39816
Q,84724282,2,1.40501,-1.60255,1.50472
Q,84724282,3,1.34684,-1.72361,1.39457
A,0,0,31.05,-2.62
ANG S0 | BS0 h= +31.05 v=  -2.62 deg
A,0,1,-20.96,-4.15
ANG S0 | BS1 h= -20.96 v=  -4.15 deg
A,1,0,30.75,-1.92
ANG S1 | BS0 h= +30.75 v=  -1.92 deg
A,1,1,-21.00,-3.44
ANG S1 | BS1 h= -21.00 v=  -3.44 deg
A,2,0,33.26,-6.73
ANG S2 | BS0 h= +33.26 v=  -6.73 deg
A,2,1,-21.75,-3.54
ANG S2 | BS1 h= -21.75 v=  -3.54 deg
A,3,0,30.42,-2.81
ANG S3 | BS0 h= +30.42 v=  -2.81 deg
A,3,1,-21.71,-4.25
ANG S3 | BS1 h= -21.71 v=  -4.25 deg
C_RAW,1.3767,-1.7039,1.4235
C,1.3767,-1.7039,1.0721
O,0,0,8,48821,84719067
O,0,1,21,67255,84724322
O,0,1,21,32754,84737717
O,1,0,8,48616,84738763
O,1,1,21,32623,84718550
O,1,0,8,85974,84725259
O,1,1,21,67365,84743485
O,2,0,8,48453,84738735
O,2,0,8,85738,84744949
O,2,1,20,67114,84705153
O,3,0,9,85720,84705488
O,3,1,20,67004,84705136
O,3,0,9,48656,84699311
O,0,0,8,48818,84738796
O,1,1,21,32624,84756841
O,2,0,9,48453,84758466
O,3,0,8,48657,84719040
O,0,1,21,32754,84756862
O,1,1,21,67365,84762631
O,2,0,9,85736,84764685
O,3,1,21,67004,84724281
O,0,0,9,48818,84758526
O,1,0,9,85968,84764717
O,2,1,21,32409,84775951
O,3,1,21,32538,84737681
O,0,0,9,85951,84764714
O,1,0,9,48615,84778220
O,2,0,9,85736,84784415
O,3,1,21,67006,84743425
O,0,1,21,32754,84776008
O,1,1,21,67365,84781776
O,2,1,21,67117,84743444
O,3,0,8,85718,84744946
O,0,1,21,67257,84781758
O,1,0,9,48612,84797948
O,3,1,21,67006,84762572
O,0,1,21,32753,84795153
O,1,1,21,67364,84800922
O,2,0,9,85733,84804148
O,3,0,9,85716,84764677
O,0,0,9,48815,84797982
O,1,1,21,32623,84814277
O,2,1,21,67116,84820026
O,3,0,9,48654,84778226
Q,84824661,0,1.38116,-1.72917,1.39664
Q,84824661,1,1.37371,-1.76035,1.39812
Q,84824661,2,1.38215,-1.65644,1.46306
Q,84824661,3,1.34686,-1.72357,1.39459
A,0,0,31.04,-2.62
ANG S0 | BS0 h= +31.04 v=  -2.62 deg
A,0,1,-20.96,-4.15
ANG S0 | BS1 h= -20.96 v=  -4.15 deg
A,1,0,30.75,-1.91
ANG S1 | BS0 h= +30.75 v=  -1.91 deg
A,1,1,-21.00,-3.44
ANG S1 | BS1 h= -21.00 v=  -3.44 deg
A,2,0,32.13,-5.07
ANG S2 | BS0 h= +32.13 v=  -5.07 deg
A,2,1,-21.75,-3.54
ANG S2 | BS1 h= -21.75 v=  -3.54 deg
A,3,0,30.42,-2.81
ANG S3 | BS0 h= +30.42 v=  -2.81 deg
A,3,1,-21.71,-4.25
ANG S3 | BS1 h= -21.71 v=  -4.25 deg
C_RAW,1.3710,-1.7174,1.4131
C,1.3710,-1.7174,1.0586
O,0,0,9,48817,84837439
O,0,0,8,85950,84823899
O,0,1,21,32754,84833444
O,1,0,9,48614,84837405
O,1,0,8,85967,84823902
O,1,1,21,67364,84839212
O,2,1,21,32408,84833388
O,2,0,9,85735,84843592
O,2,1,21,67115,84839171
O,3,0,9,85714,84804134
O,3,1,21,67006,84800863
O,3,1,21,32537,84795117
O,1,0,9,85968,84843630
O,3,0,8,48653,84817683
O,0,1,21,32752,84852589
O,1,1,21,67363,84858358
O,2,0,9,85738,84863326
O,3,1,21,67006,84820008
O,0,0,9,48820,84857167
O,1,0,9,85971,84863359
O,3,0,9,48654,84837411
O,0,0,9,85953,84863356
O,1,1,20,67363,84877503
O,2,0,8,85739,84883055
O,3,1,21,67004,84839152
O,0,1,20,32754,84871735
O,1,0,8,85973,84883088
O,2,1,21,32408,84890823
O,3,0,9,85716,84843588
O,0,1,20,67255,84877485
O,1,0,8,48616,84896593
O,2,1,21,67116,84896607
O,3,0,9,48657,84857140
O,0,0,8,85955,84883085
O,2,1,21,32409,84909969
O,3,1,21,67004,84858300
O,0,1,21,32754,84890880
O,1,0,8,85971,84902817
O,2,0,8,48456,84916293
O,3,1,20,32537,84871703
O,0,0,8,85953,84902814
Q,84924736,0,1.38114,-1.72915,1.39660
Q,84924736,1,1.37371,-1.76038,1.39812
Q,84924736,2,1.37387,-1.67584,1.44896
Q,84924736,3,1.34681,-1.72363,1.39447
A,0,0,31.04,-2.62
ANG S0 | BS0 h= +31.04 v=  -2.62 deg
A,0,1,-20.96,-4.15
ANG S0 | BS1 h= -20.96 v=  -4.15 deg
A,1,0,30.75,-1.91
ANG S1 | BS0 h= +30.75 v=  -1.91 deg
A,1,1,-21.00,-3.44
ANG S1 | BS1 h= -21.00 v=  -3.44 deg
A,2,0,31.73,-4.47
ANG S2 | BS0 h= +31.73 v=  -4.47 deg
A,2,1,-21.75,-3.54
ANG S2 | BS1 h= -21.75 v=  -3.54 deg
A,3,0,30.42,-2.81
ANG S3 | BS0 h= +30.42 v=  -2.81 deg
A,3,1,-21.71,-4.25
ANG S3 | BS1 h= -21.71 v=  -4.25 deg
C_RAW,1.3689,-1.7222,1.4095
C,1.3689,-1.7222,1.0540
O,0,1,20,67256,84934921
O,0,0,8,85955,84922543
O,0,1,20,32754,84929171
O,1,0,8,48618,84936049
O,1,0,8,85972,84942275
O,2,0,8,48455,84936022
O,2,1,21,32408,84948258
O,2,0,8,85738,84942236
O,3,0,8,85718,84902776
O,3,1,21,67006,84915736
O,3,0,8,48655,84876869
O,3,1,21,32538,84890844
O,0,0,8,85955,84942272
O,1,1,21,67365,84954084
O,2,0,8,85736,84961971
O,3,0,8,48655,84916327
O,0,1,21,32754,84948316
O,1,0,8,85970,84962004
O,2,1,20,32409,84967405
O,3,0,8,85719,84922505
O,0,0,8,48818,84955812
O,1,1,20,67363,84973232
O,2,0,8,48453,84975482
O,3,1,20,67005,84934879
O,0,1,20,32754,84967461
O,1,0,8,48616,84975508
O,2,1,21,32407,84986550
O,3,0,8,85719,84942233
O,0,1,20,67256,84973212
O,1,0,8,85970,84981733
O,2,1,21,67116,84992334
O,3,1,21,67006,84954025
O,0,0,8,85952,84981730
O,1,1,21,67364,84992377
O,2,0,8,85736,85001428
O,3,0,8,48654,84955785
O,0,1,21,67256,84992357
O,1,0,8,85970,85001461
O,2,1,20,32409,85005696
O,3,1,20,32538,84967425
O,0,0,8,48818,84995269
O,2,0,9,48454,85014938
O,3,1,20,67004,84973171
O,0,1,20,32754,85005752
Q,85025024,0,1.38114,-1.72918,1.39661
Q,85025024,1,1.37372,-1.76034,1.39814
Q,85025024,2,1.35731,-1.71413,1.42240
Q,85025024,3,1.34688,-1.72365,1.39455
A,0,0,31.04,-2.62
ANG S0 | BS0 h= +31.04 v=  -2.62 deg
A,0,1,-20.96,-4.15
ANG S0 | BS1 h= -20.96 v=  -4.15 deg
A,1,0,30.75,-1.91
ANG S1 | BS0 h= +30.75 v=  -1.91 deg
A,1,1,-21.00,-3.44
ANG S1 | BS1 h= -21.00 v=  -3.44 deg
A,2,0,30.95,-3.32
ANG S2 | BS0 h= +30.95 v=  -3.32 deg
A,2,1,-21.75,-3.54
ANG S2 | BS1 h= -21.75 v=  -3.54 deg
A,3,0,30.42,-2.81
ANG S3 | BS0 h= +30.42 v=  -2.81 deg
A,3,1,-21.71,-4.25
ANG S3 | BS1 h= -21.71 v=  -4.25 deg
C_RAW,1.3648,-1.7318,1.4029
C,1.3648,-1.7318,1.0455
O,0,0,8,48818,85034727
O,0,1,20,67256,85011502
O,0,0,9,85953,85021187
O,1,0,9,48617,85014964
O,1,1,20,32623,85044021
O,1,0,8,85970,85040919
O,1,1,21,67365,85030665
O,2,0,8,48453,85054395
O,2,1,20,32408,85043985
O,2,0,8,85736,85040880
O,2,1,21,67116,85030624
O,3,0,8,85717,84981692
O,3,1,20,67005,85011461
O,3,0,8,48654,84995242
O,3,1,20,32537,85005716
O,0,0,8,85952,85040916
O,1,1,20,67365,85049811
O,2,0,8,85736,85060615
O,3,0,9,85719,85021149
O,0,1,20,67257,85049793
O,1,1,20,32622,85063166
O,2,1,20,67114,85068915
O,3,1,21,32538,85024861
O,0,0,8,85952,85060645
O,1,1,20,67363,85068956
O,2,0,9,48454,85074125
O,3,1,21,67006,85030608
O,0,1,20,32754,85063188
O,1,0,9,85971,85080376
O,2,1,21,32408,85082277
O,3,1,20,32537,85044006
O,0,0,9,48820,85074184
O,1,1,21,32623,85082313
O,2,1,21,67116,85088061
O,3,1,20,67006,85049751
O,0,0,9,85954,85080374
O,1,1,21,67365,85088102
O,2,1,21,32408,85101422
O,3,0,8,85717,85060607
O,0,1,21,67257,85088084
O,1,1,21,32623,85101457
O,3,1,20,32537,85063152
O,0,0,8,48818,85093913
O,1,1,21,67364,85107247
O,3,0,9,48657,85074157
O,0,1,21,67257,85107229
Q,85125083,0,1.38116,-1.72919,1.39662
Q,85125083,1,1.37372,-1.76033,1.39816
Q,85125083,2,1.35096,-1.72870,1.41274
Q,85125083,3,1.34689,-1.72365,1.39452
A,0,0,31.04,-2.62
ANG S0 | BS0 h= +31.04 v=  -2.62 deg
A,0,1,-20.96,-4.15
ANG S0 | BS1 h= -20.96 v=  -4.15 deg
A,1,0,30.75,-1.92
ANG S1 | BS0 h= +30.75 v=  -1.92 deg
A,1,1,-21.00,-3.44
ANG S1 | BS1 h= -21.00 v=  -3.44 deg
A,2,0,30.66,-2.88
ANG S2 | BS0 h= +30.66 v=  -2.88 deg
A,2,1,-21.75,-3.54
ANG S2 | BS1 h= -21.75 v=  -3.54 deg
A,3,0,30.42,-2.81
ANG S3 | BS0 h= +30.42 v=  -2.81 deg
A,3,1,-21.71,-4.25
ANG S3 | BS1 h= -21.71 v=  -4.25 deg
C_RAW,1.3632,-1.7355,1.4005
C,1.3632,-1.7355,1.0424
RUN: main loop
O,0,0,8,48820,85133371
O,0,1,21,67256,85126374
O,0,0,9,85953,85119831
O,1,1,21,32623,85139748
O,1,0,9,85970,85119834
O,2,0,8,48456,85153039
O,2,1,21,32408,85139712
O,2,1,21,67116,85145497
O,3,0,8,85717,85100064
O,3,1,21,67006,85107188
O,3,1,21,32537,85101443
O,0,0,8,85955,85139560
O,1,1,21,32623,85158893
O,2,0,8,85739,85159265
O,3,0,9,85718,85119793
O,0,0,8,48820,85153100
O,1,0,8,85972,85159294
O,2,1,21,67116,85164642
O,3,1,21,67004,85126334
O,0,1,21,32754,85158918
O,1,1,21,67365,85164683
O,2,0,9,85736,85178981
O,3,0,8,85719,85139520
O,0,1,21,67257,85164665
O,1,0,9,85968,85179020
O,2,1,20,67117,85183787
O,3,1,21,32538,85139733
O,0,0,9,48817,85172828
O,1,1,20,67365,85183829
O,2,0,8,48452,85192498
O,3,0,8,48655,85153072
O,0,1,20,67256,85183811
O,1,1,21,32623,85197184
O,2,1,21,67116,85202933
O,3,0,8,85720,85159253
O,0,0,8,48817,85192557
O,1,0,8,85969,85198753
O,2,0,9,48453,85212227
O,3,1,21,67006,85164625
O,0,0,8,85951,85198752
O,1,1,21,32623,85216330
O,2,0,9,85737,85218444
O,3,0,9,85716,85178978
Q,85225612,0,1.38116,-1.72917,1.39662
Q,85225612,1,1.37373,-1.76035,1.39815
Q,85225612,2,1.34542,-1.74140,1.40462
Q,85225612,3,1.34690,-1.72365,1.39456
A,0,0,31.04,-2.62
ANG S0 | BS0 h= +31.04 v=  -2.62 deg
A,0,1,-20.96,-4.15
ANG S0 | BS1 h= -20.96 v=  -4.15 deg
A,1,0,30.75,-1.92
ANG S1 | BS0 h= +30.75 v=  -1.92 deg
A,1,1,-21.00,-3.44
ANG S1 | BS1 h= -21.00 v=  -3.44 deg
A,2,0,30.40,-2.50
ANG S2 | BS0 h= +30.40 v=  -2.50 deg
A,2,1,-21.75,-3.54
ANG S2 | BS1 h= -21.75 v=  -3.54 deg
A,3,0,30.42,-2.81
ANG S3 | BS0 h= +30.42 v=  -2.81 deg
A,3,1,-21.71,-4.25
ANG S3 | BS1 h= -21.71 v=  -4.25 deg
C_RAW,1.3618,-1.7386,1.3985
C,1.3618,-1.7386,1.0398
O,0,0,8,48817,85232014
O,0,1,21,67256,85222102
O,0,1,20,32754,85235497
O,1,0,9,48616,85251709
O,1,0,8,85969,85238206
O,1,1,20,67364,85241265
O,2,0,8,85735,85198713
O,2,1,20,32409,85254584
O,2,1,20,67115,85241224
O,3,0,8,85716,85198708
O,3,1,21,67006,85202916
O,3,1,21,32537,85197170
O,3,1,21,32537,85216315
O,0,0,9,48819,85251743
O,1,0,9,85970,85257942
O,2,1,20,67117,85260370
O,3,0,9,85718,85218436
O,0,1,20,32754,85254642
O,1,1,20,67365,85260413
O,2,1,20,32409,85273731
O,3,0,8,48653,85231987
O,0,1,20,67257,85260393
O,1,0,9,85967,85277663
O,2,1,20,67117,85279514
O,3,0,8,85716,85238164
O,0,0,9,48816,85271472
O,2,0,8,85735,85238167
O,3,0,9,48655,85251715
O,0,0,9,85951,85277660
O,1,1,20,32624,85292911
O,2,1,20,67116,85298660
O,3,0,9,85718,85257895
O,0,0,9,48818,85291200
O,1,0,9,85969,85297392
O,2,0,9,85738,85257903
O,3,1,20,67006,85260352
O,0,0,9,85952,85297389
O,1,0,9,48614,85310895
O,2,0,9,85736,85317088
O,3,0,9,85716,85277622
O,0,0,9,48817,85310929
Q,85325634,0,1.38114,-1.72923,1.39653
Q,85325634,1,1.37371,-1.76040,1.39806
Q,85325634,2,1.55361,-1.22951,1.87401
Q,85325634,3,1.34688,-1.72370,1.39452
A,0,0,31.04,-2.62
