{
  "method": "min_sweep_per_lighthouse",
  "mean": [
    52453.166666666664,
    23340.333333333332
  ],
  "std": [
    2305.1005340813713,
    2247.855397682175
  ],
  "coeff_x": [
    1.0,
    0.12819272261740175,
    0.1311421146588086
  ],
  "coeff_y": [
    1.0000000000000004,
    -0.11652542967087616,
    0.11112622872853474
  ]
}