{
  "description": "v12 relative Lighthouse geometry. BS4 is fixed as the reference frame.",
  "input_wave": "config/lh2a_wave_record.json",
  "input_anchor_poses": "config/vertical_pose_variants/vertical_x_up_face_plus_y.json",
  "reference_basestation": 4,
  "fit": {
    "frames_used": 0,
    "anchor_poses_used": 7,
    "residuals": 312,
    "rmse_deg": 4.910803211733635,
    "success": false,
    "message": "The maximum number of function evaluations is exceeded.",
    "hypothesis": {
      "label": "v10_like bs4_tilt=1 bs4_axis=10 bs10_tilt=0 bs10_axis=01 signs=1,1,1,1",
      "bs4_tilts_deg": {
        "sweep_0": -29.999999999999996,
        "sweep_1": 29.999999999999996
      },
      "bs4_axis_map": {
        "sweep_0": 1,
        "sweep_1": 0
      },
      "bs10_tilts_deg": {
        "sweep_0": 29.999999999999996,
        "sweep_1": -29.999999999999996
      },
      "bs10_axis_map": {
        "sweep_0": 0,
        "sweep_1": 1
      },
      "signs": {
        "bs4_sweep0": 1.0,
        "bs4_sweep1": 1.0,
        "bs10_sweep0": 1.0,
        "bs10_sweep1": 1.0
      }
    }
  },
  "basestations": [
    {
      "basestation": 4,
      "role": "reference",
      "world_to_lighthouse": {
        "rotation_vector": [
          0.0,
          0.0,
          0.0
        ],
        "translation_m": [
          0.0,
          0.0,
          0.0
        ]
      },
      "angle_offsets_deg": {
        "sweep_0": 15.777147448464824,
        "sweep_1": 76.97339117929423
      }
    },
    {
      "basestation": 10,
      "role": "solved_relative_to_bs4",
      "world_to_lighthouse": {
        "rotation_vector": [
          -0.7111295277160624,
          -0.7166332436766486,
          -0.7475881716143721
        ],
        "translation_m": [
          -1.1454192820485962,
          -0.369446337323228,
          0.7158375579452563
        ]
      },
      "angle_offsets_deg": {
        "sweep_0": 56.49898022529078,
        "sweep_1": -56.950127892689345
      }
    }
  ],
  "room_to_bs4": {
    "rotation_vector": [
      -0.3125188713825664,
      -1.561864241935981,
      -1.6306520015291697
    ],
    "translation_m": [
      -0.7782856357281419,
      1.9772223251278547,
      2.4664493385162993
    ]
  },
  "wave_summary": {
    "total_frames_in_file": 239,
    "frames_used": 0,
    "cluster_deg": 2.0
  },
  "anchor_summary": {
    "poses_used": [
      "P04_bas_centre",
      "P00_bas_avant_gauche",
      "P02_bas_avant_droite",
      "P06_bas_arriere_gauche",
      "P08_bas_arriere_droite",
      "P13_boite45_arriere_droite",
      "P09_boite45_avant_gauche"
    ]
  }
}
