{
  "description": "v12 relative Lighthouse geometry. BS4 is fixed as the reference frame.",
  "input_wave": "config/lh2a_wave_record.json",
  "input_anchor_poses": "config/vertical_pose_variants/vertical_x_up_face_minus_y.json",
  "reference_basestation": 4,
  "fit": {
    "frames_used": 0,
    "anchor_poses_used": 7,
    "residuals": 232,
    "rmse_deg": 2.726386837605151,
    "success": false,
    "message": "The maximum number of function evaluations is exceeded.",
    "hypothesis": {
      "label": "bs4_tilt=1 bs4_axis=10 bs10_tilt=1 bs10_axis=01 signs=-1,-1,-1,1",
      "bs4_tilts_deg": {
        "sweep_0": -29.999999999999996,
        "sweep_1": 29.999999999999996
      },
      "bs4_axis_map": {
        "sweep_0": 1,
        "sweep_1": 0
      },
      "bs10_tilts_deg": {
        "sweep_0": -29.999999999999996,
        "sweep_1": 29.999999999999996
      },
      "bs10_axis_map": {
        "sweep_0": 0,
        "sweep_1": 1
      },
      "signs": {
        "bs4_sweep0": -1.0,
        "bs4_sweep1": -1.0,
        "bs10_sweep0": -1.0,
        "bs10_sweep1": 1.0
      }
    }
  },
  "basestations": [
    {
      "basestation": 4,
      "role": "reference",
      "world_to_lighthouse": {
        "rotation_vector": [
          0.0,
          0.0,
          0.0
        ],
        "translation_m": [
          0.0,
          0.0,
          0.0
        ]
      },
      "angle_offsets_deg": {
        "sweep_0": 2.0500996730467125,
        "sweep_1": 13.923353544683286
      }
    },
    {
      "basestation": 10,
      "role": "solved_relative_to_bs4",
      "world_to_lighthouse": {
        "rotation_vector": [
          -1.1703633708589916,
          -0.0058003121061354955,
          -0.7723641588163908
        ],
        "translation_m": [
          0.12121200911477023,
          0.3374485361825303,
          1.2212865650967624
        ]
      },
      "angle_offsets_deg": {
        "sweep_0": -49.640922113619325,
        "sweep_1": -43.29298039130022
      }
    }
  ],
  "room_to_bs4": {
    "rotation_vector": [
      -2.2741790338198213,
      2.3752852286660056,
      0.17737348805046052
    ],
    "translation_m": [
      1.9251680034483718,
      0.3954544507572535,
      -0.07529897380767027
    ]
  },
  "wave_summary": {
    "total_frames_in_file": 239,
    "frames_used": 0,
    "cluster_deg": 2.0
  },
  "anchor_summary": {
    "poses_used": [
      "P04_bas_centre",
      "P00_bas_avant_gauche",
      "P02_bas_avant_droite",
      "P06_bas_arriere_gauche",
      "P08_bas_arriere_droite",
      "P13_boite45_arriere_droite",
      "P09_boite45_avant_gauche"
    ]
  }
}
